SMM: enter
EAX=00000000 EBX=00000000 ECX=02000000 EDX=02000628
ESI=0000000b EDI=02000000 EBP=06fed140 ESP=00006d54
EIP=000f055d EFL=00000046 [---Z-P-] CPL=0 II=0 A20=1 SMM=0 HLT=0
ES =0010 00000000 ffffffff 00cf9300 DPL=0 DS   [-WA]
CS =0008 00000000 ffffffff 00cf9b00 DPL=0 CS32 [-RA]
SS =0010 00000000 ffffffff 00cf9300 DPL=0 DS   [-WA]
DS =0010 00000000 ffffffff 00cf9300 DPL=0 DS   [-WA]
FS =0010 00000000 ffffffff 00cf9300 DPL=0 DS   [-WA]
GS =0010 00000000 ffffffff 00cf9300 DPL=0 DS   [-WA]
LDT=0000 00000000 0000ffff 00008200 DPL=0 LDT
TR =0000 00000000 0000ffff 00008b00 DPL=0 TSS32-busy
GDT=     000f7420 00000037
IDT=     000f745e 00000000
CR0=00000011 CR2=00000000 CR3=00000000 CR4=00000000
DR0=00000000 DR1=00000000 DR2=00000000 DR3=00000000 
DR6=ffff0ff0 DR7=00000400
CCS=00000044 CCD=ffffffff CCO=EFLAGS
EFER=0000000000000000
SMM: after RSM
EAX=00000000 EBX=00000000 ECX=02000000 EDX=02000628
ESI=0000000b EDI=02000000 EBP=06fed140 ESP=00006d54
EIP=000f055d EFL=00000046 [---Z-P-] CPL=0 II=0 A20=1 SMM=0 HLT=0
ES =0010 00000000 ffffffff 00c09300 DPL=0 DS   [-WA]
CS =0008 00000000 ffffffff 00c09b00 DPL=0 CS32 [-RA]
SS =0010 00000000 ffffffff 00c09300 DPL=0 DS   [-WA]
DS =0010 00000000 ffffffff 00c09300 DPL=0 DS   [-WA]
FS =0010 00000000 ffffffff 00c09300 DPL=0 DS   [-WA]
GS =0010 00000000 ffffffff 00c09300 DPL=0 DS   [-WA]
LDT=0000 00000000 0000ffff 00008200 DPL=0 LDT
TR =0000 00000000 0000ffff 00008b00 DPL=0 TSS32-busy
GDT=     000f7420 00000037
IDT=     000f745e 00000000
CR0=00000011 CR2=00000000 CR3=00000000 CR4=00000000
DR0=00000000 DR1=00000000 DR2=00000000 DR3=00000000 
DR6=ffff0ff0 DR7=00000400
CCS=00000044 CCD=00000000 CCO=EFLAGS
EFER=0000000000000000
SMM: enter
EAX=000000b5 EBX=000f86ac ECX=00001234 EDX=00006cff
ESI=00006cc8 EDI=06fff761 EBP=00006c88 ESP=00006c88
EIP=000086a9 EFL=00000006 [-----P-] CPL=0 II=0 A20=1 SMM=0 HLT=0
ES =de80 000de800 ffffffff 008f9300
CS =f000 000f0000 ffffffff 008f9b00
SS =0000 00000000 ffffffff 008f9300
DS =0000 00000000 ffffffff 008f9300
FS =0000 00000000 ffffffff 008f9300
GS =0000 00000000 ffffffff 008f9300
LDT=0000 00000000 0000ffff 00008200
TR =0000 00000000 0000ffff 00008b00
GDT=     00000000 00000000
IDT=     00000000 000003ff
CR0=00000010 CR2=00000000 CR3=00000000 CR4=00000000
DR0=00000000 DR1=00000000 DR2=00000000 DR3=00000000 
DR6=ffff0ff0 DR7=00000400
CCS=00000000 CCD=00006c88 CCO=ADDL
EFER=0000000000000000
SMM: after RSM
EAX=000000b5 EBX=000f86ac ECX=00001234 EDX=00006cff
ESI=00006cc8 EDI=06fff761 EBP=00006c88 ESP=00006c88
EIP=000f86ac EFL=00000046 [---Z-P-] CPL=0 II=0 A20=1 SMM=0 HLT=0
ES =0010 00000000 ffffffff 00c09300 DPL=0 DS   [-WA]
CS =0008 00000000 ffffffff 00c09b00 DPL=0 CS32 [-RA]
SS =0010 00000000 ffffffff 00c09300 DPL=0 DS   [-WA]
DS =0010 00000000 ffffffff 00c09300 DPL=0 DS   [-WA]
FS =0010 00000000 ffffffff 00c09300 DPL=0 DS   [-WA]
GS =0010 00000000 ffffffff 00c09300 DPL=0 DS   [-WA]
LDT=0000 00000000 0000ffff 00008200 DPL=0 LDT
TR =0000 00000000 0000ffff 00008b00 DPL=0 TSS32-busy
GDT=     000f7420 00000037
IDT=     000f745e 00000000
CR0=00000011 CR2=00000000 CR3=00000000 CR4=00000000
DR0=00000000 DR1=00000000 DR2=00000000 DR3=00000000 
DR6=ffff0ff0 DR7=00000400
CCS=00000044 CCD=00000000 CCO=EFLAGS
EFER=0000000000000000
SMM: enter
EAX=000000b5 EBX=000086c6 ECX=00005678 EDX=06fffe68
ESI=000ed6e0 EDI=06fff761 EBP=00006c88 ESP=00006c88
EIP=000f86c3 EFL=00000016 [----AP-] CPL=0 II=0 A20=1 SMM=0 HLT=0
ES =0010 00000000 ffffffff 00c09300 DPL=0 DS   [-WA]
CS =0008 00000000 ffffffff 00c09b00 DPL=0 CS32 [-RA]
SS =0010 00000000 ffffffff 00c09300 DPL=0 DS   [-WA]
DS =0010 00000000 ffffffff 00c09300 DPL=0 DS   [-WA]
FS =0010 00000000 ffffffff 00c09300 DPL=0 DS   [-WA]
GS =0010 00000000 ffffffff 00c09300 DPL=0 DS   [-WA]
LDT=0000 00000000 0000ffff 00008200 DPL=0 LDT
TR =0000 00000000 0000ffff 00008b00 DPL=0 TSS32-busy
GDT=     000f7420 00000037
IDT=     000f745e 00000000
CR0=00000011 CR2=00000000 CR3=00000000 CR4=00000000
DR0=00000000 DR1=00000000 DR2=00000000 DR3=00000000 
DR6=ffff0ff0 DR7=00000400
CCS=00000008 CCD=00006c74 CCO=ADDL
EFER=0000000000000000
SMM: after RSM
EAX=000000b5 EBX=000086c6 ECX=00005678 EDX=06fffe68
ESI=000ed6e0 EDI=06fff761 EBP=00006c88 ESP=00006c88
EIP=000086c6 EFL=00000006 [-----P-] CPL=0 II=0 A20=1 SMM=0 HLT=0
ES =de80 000de800 ffffffff 00809300
CS =f000 000f0000 ffffffff 00809b00
SS =0000 00000000 ffffffff 00809300
DS =0000 00000000 ffffffff 00809300
FS =0000 00000000 ffffffff 00809300
GS =0000 00000000 ffffffff 00809300
LDT=0000 00000000 0000ffff 00008200
TR =0000 00000000 0000ffff 00008b00
GDT=     00000000 00000000
IDT=     00000000 000003ff
CR0=00000010 CR2=00000000 CR3=00000000 CR4=00000000
DR0=00000000 DR1=00000000 DR2=00000000 DR3=00000000 
DR6=ffff0ff0 DR7=00000400
CCS=00000004 CCD=00000001 CCO=EFLAGS
EFER=0000000000000000
SMM: enter
EAX=000000b5 EBX=000f86ac ECX=00001234 EDX=000069ff
ESI=000069ae EDI=06fff761 EBP=0000696e ESP=0000696e
EIP=000086a9 EFL=00000002 [-------] CPL=0 II=0 A20=1 SMM=0 HLT=0
ES =de80 000de800 ffffffff 008f9300
CS =f000 000f0000 ffffffff 008f9b00
SS =0000 00000000 ffffffff 008f9300
DS =0000 00000000 ffffffff 008f9300
FS =0000 00000000 ffffffff 008f9300
GS =c900 000c9000 ffffffff 008f9300
LDT=0000 00000000 0000ffff 00008200
TR =0000 00000000 0000ffff 00008b00
GDT=     00000000 00000000
IDT=     00000000 000003ff
CR0=00000010 CR2=00000000 CR3=00000000 CR4=00000000
DR0=00000000 DR1=00000000 DR2=00000000 DR3=00000000 
DR6=ffff0ff0 DR7=00000400
CCS=00000000 CCD=0000696e CCO=ADDL
EFER=0000000000000000
SMM: after RSM
EAX=000000b5 EBX=000f86ac ECX=00001234 EDX=000069ff
ESI=000069ae EDI=06fff761 EBP=0000696e ESP=0000696e
EIP=000f86ac EFL=00000046 [---Z-P-] CPL=0 II=0 A20=1 SMM=0 HLT=0
ES =0010 00000000 ffffffff 00c09300 DPL=0 DS   [-WA]
CS =0008 00000000 ffffffff 00c09b00 DPL=0 CS32 [-RA]
SS =0010 00000000 ffffffff 00c09300 DPL=0 DS   [-WA]
DS =0010 00000000 ffffffff 00c09300 DPL=0 DS   [-WA]
FS =0010 00000000 ffffffff 00c09300 DPL=0 DS   [-WA]
GS =0010 00000000 ffffffff 00c09300 DPL=0 DS   [-WA]
LDT=0000 00000000 0000ffff 00008200 DPL=0 LDT
TR =0000 00000000 0000ffff 00008b00 DPL=0 TSS32-busy
GDT=     000f7420 00000037
IDT=     000f745e 00000000
CR0=00000011 CR2=00000000 CR3=00000000 CR4=00000000
DR0=00000000 DR1=00000000 DR2=00000000 DR3=00000000 
DR6=ffff0ff0 DR7=00000400
CCS=00000044 CCD=00000000 CCO=EFLAGS
EFER=0000000000000000
SMM: enter
EAX=000000b5 EBX=000086c6 ECX=00005678 EDX=00000005
ESI=00000000 EDI=06fff761 EBP=0000696e ESP=0000696e
EIP=000f86c3 EFL=00000006 [-----P-] CPL=0 II=0 A20=1 SMM=0 HLT=0
ES =0010 00000000 ffffffff 00c09300 DPL=0 DS   [-WA]
CS =0008 00000000 ffffffff 00c09b00 DPL=0 CS32 [-RA]
SS =0010 00000000 ffffffff 00c09300 DPL=0 DS   [-WA]
DS =0010 00000000 ffffffff 00c09300 DPL=0 DS   [-WA]
FS =0010 00000000 ffffffff 00c09300 DPL=0 DS   [-WA]
GS =0010 00000000 ffffffff 00c09300 DPL=0 DS   [-WA]
LDT=0000 00000000 0000ffff 00008200 DPL=0 LDT
TR =0000 00000000 0000ffff 00008b00 DPL=0 TSS32-busy
GDT=     000f7420 00000037
IDT=     000f745e 00000000
CR0=00000011 CR2=00000000 CR3=00000000 CR4=00000000
DR0=00000000 DR1=00000000 DR2=00000000 DR3=00000000 
DR6=ffff0ff0 DR7=00000400
CCS=00000008 CCD=0000695a CCO=ADDL
EFER=0000000000000000
SMM: after RSM
EAX=000000b5 EBX=000086c6 ECX=00005678 EDX=00000005
ESI=00000000 EDI=06fff761 EBP=0000696e ESP=0000696e
EIP=000086c6 EFL=00000002 [-------] CPL=0 II=0 A20=1 SMM=0 HLT=0
ES =de80 000de800 ffffffff 00809300
CS =f000 000f0000 ffffffff 00809b00
SS =0000 00000000 ffffffff 00809300
DS =0000 00000000 ffffffff 00809300
FS =0000 00000000 ffffffff 00809300
GS =c900 000c9000 ffffffff 00809300
LDT=0000 00000000 0000ffff 00008200
TR =0000 00000000 0000ffff 00008b00
GDT=     00000000 00000000
IDT=     00000000 000003ff
CR0=00000010 CR2=00000000 CR3=00000000 CR4=00000000
DR0=00000000 DR1=00000000 DR2=00000000 DR3=00000000 
DR6=ffff0ff0 DR7=00000400
CCS=00000000 CCD=00000001 CCO=EFLAGS
EFER=0000000000000000
SMM: enter
EAX=000000b5 EBX=000f86ac ECX=00001234 EDX=000069ff
ESI=000069a8 EDI=06fff761 EBP=00006968 ESP=00006968
EIP=000086a9 EFL=00000002 [-------] CPL=0 II=0 A20=1 SMM=0 HLT=0
ES =de80 000de800 ffffffff 00809300
CS =f000 000f0000 ffffffff 00809b00
SS =0000 00000000 ffffffff 00809300
DS =0000 00000000 ffffffff 00809300
FS =0000 00000000 ffffffff 00809300
GS =c900 000c9000 ffffffff 00809300
LDT=0000 00000000 0000ffff 00008200
TR =0000 00000000 0000ffff 00008b00
GDT=     00000000 00000000
IDT=     00000000 000003ff
CR0=00000010 CR2=00000000 CR3=00000000 CR4=00000000
DR0=00000000 DR1=00000000 DR2=00000000 DR3=00000000 
DR6=ffff0ff0 DR7=00000400
CCS=00000000 CCD=00006968 CCO=ADDL
EFER=0000000000000000
SMM: after RSM
EAX=000000b5 EBX=000f86ac ECX=00001234 EDX=000069ff
ESI=000069a8 EDI=06fff761 EBP=00006968 ESP=00006968
EIP=000f86ac EFL=00000046 [---Z-P-] CPL=0 II=0 A20=1 SMM=0 HLT=0
ES =0010 00000000 ffffffff 00c09300 DPL=0 DS   [-WA]
CS =0008 00000000 ffffffff 00c09b00 DPL=0 CS32 [-RA]
SS =0010 00000000 ffffffff 00c09300 DPL=0 DS   [-WA]
DS =0010 00000000 ffffffff 00c09300 DPL=0 DS   [-WA]
FS =0010 00000000 ffffffff 00c09300 DPL=0 DS   [-WA]
GS =0010 00000000 ffffffff 00c09300 DPL=0 DS   [-WA]
LDT=0000 00000000 0000ffff 00008200 DPL=0 LDT
TR =0000 00000000 0000ffff 00008b00 DPL=0 TSS32-busy
GDT=     000f7420 00000037
IDT=     000f745e 00000000
CR0=00000011 CR2=00000000 CR3=00000000 CR4=00000000
DR0=00000000 DR1=00000000 DR2=00000000 DR3=00000000 
DR6=ffff0ff0 DR7=00000400
CCS=00000044 CCD=00000000 CCO=EFLAGS
EFER=0000000000000000
SMM: enter
EAX=000000b5 EBX=000086c6 ECX=00005678 EDX=00000003
ESI=06fd40e0 EDI=06fff761 EBP=00006968 ESP=00006968
EIP=000f86c3 EFL=00000012 [----A--] CPL=0 II=0 A20=1 SMM=0 HLT=0
ES =0010 00000000 ffffffff 00c09300 DPL=0 DS   [-WA]
CS =0008 00000000 ffffffff 00c09b00 DPL=0 CS32 [-RA]
SS =0010 00000000 ffffffff 00c09300 DPL=0 DS   [-WA]
DS =0010 00000000 ffffffff 00c09300 DPL=0 DS   [-WA]
FS =0010 00000000 ffffffff 00c09300 DPL=0 DS   [-WA]
GS =0010 00000000 ffffffff 00c09300 DPL=0 DS   [-WA]
LDT=0000 00000000 0000ffff 00008200 DPL=0 LDT
TR =0000 00000000 0000ffff 00008b00 DPL=0 TSS32-busy
GDT=     000f7420 00000037
IDT=     000f745e 00000000
CR0=00000011 CR2=00000000 CR3=00000000 CR4=00000000
DR0=00000000 DR1=00000000 DR2=00000000 DR3=00000000 
DR6=ffff0ff0 DR7=00000400
CCS=00000008 CCD=00006954 CCO=ADDL
EFER=0000000000000000
SMM: after RSM
EAX=000000b5 EBX=000086c6 ECX=00005678 EDX=00000003
ESI=06fd40e0 EDI=06fff761 EBP=00006968 ESP=00006968
EIP=000086c6 EFL=00000002 [-------] CPL=0 II=0 A20=1 SMM=0 HLT=0
ES =de80 000de800 ffffffff 00809300
CS =f000 000f0000 ffffffff 00809b00
SS =0000 00000000 ffffffff 00809300
DS =0000 00000000 ffffffff 00809300
FS =0000 00000000 ffffffff 00809300
GS =c900 000c9000 ffffffff 00809300
LDT=0000 00000000 0000ffff 00008200
TR =0000 00000000 0000ffff 00008b00
GDT=     00000000 00000000
IDT=     00000000 000003ff
CR0=00000010 CR2=00000000 CR3=00000000 CR4=00000000
DR0=00000000 DR1=00000000 DR2=00000000 DR3=00000000 
DR6=ffff0ff0 DR7=00000400
CCS=00000000 CCD=00000001 CCO=EFLAGS
EFER=0000000000000000
SMM: enter
EAX=000000b5 EBX=000f86ac ECX=00001234 EDX=000069ff
ESI=000069ae EDI=06fff761 EBP=0000696e ESP=0000696e
EIP=000086a9 EFL=00000002 [-------] CPL=0 II=0 A20=1 SMM=0 HLT=0
ES =de80 000de800 ffffffff 00809300
CS =f000 000f0000 ffffffff 00809b00
SS =0000 00000000 ffffffff 00809300
DS =0000 00000000 ffffffff 00809300
FS =0000 00000000 ffffffff 00809300
GS =c900 000c9000 ffffffff 00809300
LDT=0000 00000000 0000ffff 00008200
TR =0000 00000000 0000ffff 00008b00
GDT=     00000000 00000000
IDT=     00000000 000003ff
CR0=00000010 CR2=00000000 CR3=00000000 CR4=00000000
DR0=00000000 DR1=00000000 DR2=00000000 DR3=00000000 
DR6=ffff0ff0 DR7=00000400
CCS=00000000 CCD=0000696e CCO=ADDL
EFER=0000000000000000
SMM: after RSM
EAX=000000b5 EBX=000f86ac ECX=00001234 EDX=000069ff
ESI=000069ae EDI=06fff761 EBP=0000696e ESP=0000696e
EIP=000f86ac EFL=00000046 [---Z-P-] CPL=0 II=0 A20=1 SMM=0 HLT=0
ES =0010 00000000 ffffffff 00c09300 DPL=0 DS   [-WA]
CS =0008 00000000 ffffffff 00c09b00 DPL=0 CS32 [-RA]
SS =0010 00000000 ffffffff 00c09300 DPL=0 DS   [-WA]
DS =0010 00000000 ffffffff 00c09300 DPL=0 DS   [-WA]
FS =0010 00000000 ffffffff 00c09300 DPL=0 DS   [-WA]
GS =0010 00000000 ffffffff 00c09300 DPL=0 DS   [-WA]
LDT=0000 00000000 0000ffff 00008200 DPL=0 LDT
TR =0000 00000000 0000ffff 00008b00 DPL=0 TSS32-busy
GDT=     000f7420 00000037
IDT=     000f745e 00000000
CR0=00000011 CR2=00000000 CR3=00000000 CR4=00000000
DR0=00000000 DR1=00000000 DR2=00000000 DR3=00000000 
DR6=ffff0ff0 DR7=00000400
CCS=00000044 CCD=00000000 CCO=EFLAGS
EFER=0000000000000000
SMM: enter
EAX=000000b5 EBX=000086c6 ECX=00005678 EDX=00000005
ESI=00000000 EDI=06fff761 EBP=0000696e ESP=0000696e
EIP=000f86c3 EFL=00000006 [-----P-] CPL=0 II=0 A20=1 SMM=0 HLT=0
ES =0010 00000000 ffffffff 00c09300 DPL=0 DS   [-WA]
CS =0008 00000000 ffffffff 00c09b00 DPL=0 CS32 [-RA]
SS =0010 00000000 ffffffff 00c09300 DPL=0 DS   [-WA]
DS =0010 00000000 ffffffff 00c09300 DPL=0 DS   [-WA]
FS =0010 00000000 ffffffff 00c09300 DPL=0 DS   [-WA]
GS =0010 00000000 ffffffff 00c09300 DPL=0 DS   [-WA]
LDT=0000 00000000 0000ffff 00008200 DPL=0 LDT
TR =0000 00000000 0000ffff 00008b00 DPL=0 TSS32-busy
GDT=     000f7420 00000037
IDT=     000f745e 00000000
CR0=00000011 CR2=00000000 CR3=00000000 CR4=00000000
DR0=00000000 DR1=00000000 DR2=00000000 DR3=00000000 
DR6=ffff0ff0 DR7=00000400
CCS=00000008 CCD=0000695a CCO=ADDL
EFER=0000000000000000
SMM: after RSM
EAX=000000b5 EBX=000086c6 ECX=00005678 EDX=00000005
ESI=00000000 EDI=06fff761 EBP=0000696e ESP=0000696e
EIP=000086c6 EFL=00000002 [-------] CPL=0 II=0 A20=1 SMM=0 HLT=0
ES =de80 000de800 ffffffff 00809300
CS =f000 000f0000 ffffffff 00809b00
SS =0000 00000000 ffffffff 00809300
DS =0000 00000000 ffffffff 00809300
FS =0000 00000000 ffffffff 00809300
GS =c900 000c9000 ffffffff 00809300
LDT=0000 00000000 0000ffff 00008200
TR =0000 00000000 0000ffff 00008b00
GDT=     00000000 00000000
IDT=     00000000 000003ff
CR0=00000010 CR2=00000000 CR3=00000000 CR4=00000000
DR0=00000000 DR1=00000000 DR2=00000000 DR3=00000000 
DR6=ffff0ff0 DR7=00000400
CCS=00000000 CCD=00000001 CCO=EFLAGS
EFER=0000000000000000
SMM: enter
EAX=000000b5 EBX=000f86ac ECX=00001234 EDX=000069ff
ESI=000069a8 EDI=06fff761 EBP=00006968 ESP=00006968
EIP=000086a9 EFL=00000002 [-------] CPL=0 II=0 A20=1 SMM=0 HLT=0
ES =de80 000de800 ffffffff 00809300
CS =f000 000f0000 ffffffff 00809b00
SS =0000 00000000 ffffffff 00809300
DS =0000 00000000 ffffffff 00809300
FS =0000 00000000 ffffffff 00809300
GS =c900 000c9000 ffffffff 00809300
LDT=0000 00000000 0000ffff 00008200
TR =0000 00000000 0000ffff 00008b00
GDT=     00000000 00000000
IDT=     00000000 000003ff
CR0=00000010 CR2=00000000 CR3=00000000 CR4=00000000
DR0=00000000 DR1=00000000 DR2=00000000 DR3=00000000 
DR6=ffff0ff0 DR7=00000400
CCS=00000000 CCD=00006968 CCO=ADDL
EFER=0000000000000000
SMM: after RSM
EAX=000000b5 EBX=000f86ac ECX=00001234 EDX=000069ff
ESI=000069a8 EDI=06fff761 EBP=00006968 ESP=00006968
EIP=000f86ac EFL=00000046 [---Z-P-] CPL=0 II=0 A20=1 SMM=0 HLT=0
ES =0010 00000000 ffffffff 00c09300 DPL=0 DS   [-WA]
CS =0008 00000000 ffffffff 00c09b00 DPL=0 CS32 [-RA]
SS =0010 00000000 ffffffff 00c09300 DPL=0 DS   [-WA]
DS =0010 00000000 ffffffff 00c09300 DPL=0 DS   [-WA]
FS =0010 00000000 ffffffff 00c09300 DPL=0 DS   [-WA]
GS =0010 00000000 ffffffff 00c09300 DPL=0 DS   [-WA]
LDT=0000 00000000 0000ffff 00008200 DPL=0 LDT
TR =0000 00000000 0000ffff 00008b00 DPL=0 TSS32-busy
GDT=     000f7420 00000037
IDT=     000f745e 00000000
CR0=00000011 CR2=00000000 CR3=00000000 CR4=00000000
DR0=00000000 DR1=00000000 DR2=00000000 DR3=00000000 
DR6=ffff0ff0 DR7=00000400
CCS=00000044 CCD=00000000 CCO=EFLAGS
EFER=0000000000000000
SMM: enter
EAX=000000b5 EBX=000086c6 ECX=00005678 EDX=00000003
ESI=06f340e0 EDI=06fff761 EBP=00006968 ESP=00006968
EIP=000f86c3 EFL=00000012 [----A--] CPL=0 II=0 A20=1 SMM=0 HLT=0
ES =0010 00000000 ffffffff 00c09300 DPL=0 DS   [-WA]
CS =0008 00000000 ffffffff 00c09b00 DPL=0 CS32 [-RA]
SS =0010 00000000 ffffffff 00c09300 DPL=0 DS   [-WA]
DS =0010 00000000 ffffffff 00c09300 DPL=0 DS   [-WA]
FS =0010 00000000 ffffffff 00c09300 DPL=0 DS   [-WA]
GS =0010 00000000 ffffffff 00c09300 DPL=0 DS   [-WA]
LDT=0000 00000000 0000ffff 00008200 DPL=0 LDT
TR =0000 00000000 0000ffff 00008b00 DPL=0 TSS32-busy
GDT=     000f7420 00000037
IDT=     000f745e 00000000
CR0=00000011 CR2=00000000 CR3=00000000 CR4=00000000
DR0=00000000 DR1=00000000 DR2=00000000 DR3=00000000 
DR6=ffff0ff0 DR7=00000400
CCS=00000008 CCD=00006954 CCO=ADDL
EFER=0000000000000000
SMM: after RSM
EAX=000000b5 EBX=000086c6 ECX=00005678 EDX=00000003
ESI=06f340e0 EDI=06fff761 EBP=00006968 ESP=00006968
EIP=000086c6 EFL=00000002 [-------] CPL=0 II=0 A20=1 SMM=0 HLT=0
ES =de80 000de800 ffffffff 00809300
CS =f000 000f0000 ffffffff 00809b00
SS =0000 00000000 ffffffff 00809300
DS =0000 00000000 ffffffff 00809300
FS =0000 00000000 ffffffff 00809300
GS =c900 000c9000 ffffffff 00809300
LDT=0000 00000000 0000ffff 00008200
TR =0000 00000000 0000ffff 00008b00
GDT=     00000000 00000000
IDT=     00000000 000003ff
CR0=00000010 CR2=00000000 CR3=00000000 CR4=00000000
DR0=00000000 DR1=00000000 DR2=00000000 DR3=00000000 
DR6=ffff0ff0 DR7=00000400
CCS=00000000 CCD=00000001 CCO=EFLAGS
EFER=0000000000000000
SMM: enter
EAX=000000b5 EBX=000f86ac ECX=00001234 EDX=000069ff
ESI=000069ae EDI=06fff761 EBP=0000696e ESP=0000696e
EIP=000086a9 EFL=00000002 [-------] CPL=0 II=0 A20=1 SMM=0 HLT=0
ES =de80 000de800 ffffffff 008f9300
CS =f000 000f0000 ffffffff 008f9b00
SS =0000 00000000 ffffffff 008f9300
DS =0000 00000000 ffffffff 008f9300
FS =0000 00000000 ffffffff 008f9300
GS =ca00 000ca000 ffffffff 008f9300
LDT=0000 00000000 0000ffff 00008200
TR =0000 00000000 0000ffff 00008b00
GDT=     00000000 00000000
IDT=     00000000 000003ff
CR0=00000010 CR2=00000000 CR3=00000000 CR4=00000000
DR0=00000000 DR1=00000000 DR2=00000000 DR3=00000000 
DR6=ffff0ff0 DR7=00000400
CCS=00000000 CCD=0000696e CCO=ADDL
EFER=0000000000000000
SMM: after RSM
EAX=000000b5 EBX=000f86ac ECX=00001234 EDX=000069ff
ESI=000069ae EDI=06fff761 EBP=0000696e ESP=0000696e
EIP=000f86ac EFL=00000046 [---Z-P-] CPL=0 II=0 A20=1 SMM=0 HLT=0
ES =0010 00000000 ffffffff 00c09300 DPL=0 DS   [-WA]
CS =0008 00000000 ffffffff 00c09b00 DPL=0 CS32 [-RA]
SS =0010 00000000 ffffffff 00c09300 DPL=0 DS   [-WA]
DS =0010 00000000 ffffffff 00c09300 DPL=0 DS   [-WA]
FS =0010 00000000 ffffffff 00c09300 DPL=0 DS   [-WA]
GS =0010 00000000 ffffffff 00c09300 DPL=0 DS   [-WA]
LDT=0000 00000000 0000ffff 00008200 DPL=0 LDT
TR =0000 00000000 0000ffff 00008b00 DPL=0 TSS32-busy
GDT=     000f7420 00000037
IDT=     000f745e 00000000
CR0=00000011 CR2=00000000 CR3=00000000 CR4=00000000
DR0=00000000 DR1=00000000 DR2=00000000 DR3=00000000 
DR6=ffff0ff0 DR7=00000400
CCS=00000044 CCD=00000000 CCO=EFLAGS
EFER=0000000000000000
SMM: enter
EAX=000000b5 EBX=000086c6 ECX=00005678 EDX=00000003
ESI=06fd40e0 EDI=06fff761 EBP=0000696e ESP=0000696e
EIP=000f86c3 EFL=00000006 [-----P-] CPL=0 II=0 A20=1 SMM=0 HLT=0
ES =0010 00000000 ffffffff 00c09300 DPL=0 DS   [-WA]
CS =0008 00000000 ffffffff 00c09b00 DPL=0 CS32 [-RA]
SS =0010 00000000 ffffffff 00c09300 DPL=0 DS   [-WA]
DS =0010 00000000 ffffffff 00c09300 DPL=0 DS   [-WA]
FS =0010 00000000 ffffffff 00c09300 DPL=0 DS   [-WA]
GS =0010 00000000 ffffffff 00c09300 DPL=0 DS   [-WA]
LDT=0000 00000000 0000ffff 00008200 DPL=0 LDT
TR =0000 00000000 0000ffff 00008b00 DPL=0 TSS32-busy
GDT=     000f7420 00000037
IDT=     000f745e 00000000
CR0=00000011 CR2=00000000 CR3=00000000 CR4=00000000
DR0=00000000 DR1=00000000 DR2=00000000 DR3=00000000 
DR6=ffff0ff0 DR7=00000400
CCS=00000008 CCD=0000695a CCO=ADDL
EFER=0000000000000000
SMM: after RSM
EAX=000000b5 EBX=000086c6 ECX=00005678 EDX=00000003
ESI=06fd40e0 EDI=06fff761 EBP=0000696e ESP=0000696e
EIP=000086c6 EFL=00000002 [-------] CPL=0 II=0 A20=1 SMM=0 HLT=0
ES =de80 000de800 ffffffff 00809300
CS =f000 000f0000 ffffffff 00809b00
SS =0000 00000000 ffffffff 00809300
DS =0000 00000000 ffffffff 00809300
FS =0000 00000000 ffffffff 00809300
GS =ca00 000ca000 ffffffff 00809300
LDT=0000 00000000 0000ffff 00008200
TR =0000 00000000 0000ffff 00008b00
GDT=     00000000 00000000
IDT=     00000000 000003ff
CR0=00000010 CR2=00000000 CR3=00000000 CR4=00000000
DR0=00000000 DR1=00000000 DR2=00000000 DR3=00000000 
DR6=ffff0ff0 DR7=00000400
CCS=00000000 CCD=00000001 CCO=EFLAGS
EFER=0000000000000000
SMM: enter
EAX=000000b5 EBX=000f86ac ECX=00001234 EDX=000069ff
ESI=000069ae EDI=06fff761 EBP=0000696e ESP=0000696e
EIP=000086a9 EFL=00000002 [-------] CPL=0 II=0 A20=1 SMM=0 HLT=0
ES =de80 000de800 ffffffff 00809300
CS =f000 000f0000 ffffffff 00809b00
SS =0000 00000000 ffffffff 00809300
DS =0000 00000000 ffffffff 00809300
FS =0000 00000000 ffffffff 00809300
GS =ca00 000ca000 ffffffff 00809300
LDT=0000 00000000 0000ffff 00008200
TR =0000 00000000 0000ffff 00008b00
GDT=     00000000 00000000
IDT=     00000000 000003ff
CR0=00000010 CR2=00000000 CR3=00000000 CR4=00000000
DR0=00000000 DR1=00000000 DR2=00000000 DR3=00000000 
DR6=ffff0ff0 DR7=00000400
CCS=00000000 CCD=0000696e CCO=ADDL
EFER=0000000000000000
SMM: after RSM
EAX=000000b5 EBX=000f86ac ECX=00001234 EDX=000069ff
ESI=000069ae EDI=06fff761 EBP=0000696e ESP=0000696e
EIP=000f86ac EFL=00000046 [---Z-P-] CPL=0 II=0 A20=1 SMM=0 HLT=0
ES =0010 00000000 ffffffff 00c09300 DPL=0 DS   [-WA]
CS =0008 00000000 ffffffff 00c09b00 DPL=0 CS32 [-RA]
SS =0010 00000000 ffffffff 00c09300 DPL=0 DS   [-WA]
DS =0010 00000000 ffffffff 00c09300 DPL=0 DS   [-WA]
FS =0010 00000000 ffffffff 00c09300 DPL=0 DS   [-WA]
GS =0010 00000000 ffffffff 00c09300 DPL=0 DS   [-WA]
LDT=0000 00000000 0000ffff 00008200 DPL=0 LDT
TR =0000 00000000 0000ffff 00008b00 DPL=0 TSS32-busy
GDT=     000f7420 00000037
IDT=     000f745e 00000000
CR0=00000011 CR2=00000000 CR3=00000000 CR4=00000000
DR0=00000000 DR1=00000000 DR2=00000000 DR3=00000000 
DR6=ffff0ff0 DR7=00000400
CCS=00000044 CCD=00000000 CCO=EFLAGS
EFER=0000000000000000
SMM: enter
EAX=000000b5 EBX=000086c6 ECX=00005678 EDX=00000003
ESI=06f340e0 EDI=06fff761 EBP=0000696e ESP=0000696e
EIP=000f86c3 EFL=00000006 [-----P-] CPL=0 II=0 A20=1 SMM=0 HLT=0
ES =0010 00000000 ffffffff 00c09300 DPL=0 DS   [-WA]
CS =0008 00000000 ffffffff 00c09b00 DPL=0 CS32 [-RA]
SS =0010 00000000 ffffffff 00c09300 DPL=0 DS   [-WA]
DS =0010 00000000 ffffffff 00c09300 DPL=0 DS   [-WA]
FS =0010 00000000 ffffffff 00c09300 DPL=0 DS   [-WA]
GS =0010 00000000 ffffffff 00c09300 DPL=0 DS   [-WA]
LDT=0000 00000000 0000ffff 00008200 DPL=0 LDT
TR =0000 00000000 0000ffff 00008b00 DPL=0 TSS32-busy
GDT=     000f7420 00000037
IDT=     000f745e 00000000
CR0=00000011 CR2=00000000 CR3=00000000 CR4=00000000
DR0=00000000 DR1=00000000 DR2=00000000 DR3=00000000 
DR6=ffff0ff0 DR7=00000400
CCS=00000008 CCD=0000695a CCO=ADDL
EFER=0000000000000000
SMM: after RSM
EAX=000000b5 EBX=000086c6 ECX=00005678 EDX=00000003
ESI=06f340e0 EDI=06fff761 EBP=0000696e ESP=0000696e
EIP=000086c6 EFL=00000002 [-------] CPL=0 II=0 A20=1 SMM=0 HLT=0
ES =de80 000de800 ffffffff 00809300
CS =f000 000f0000 ffffffff 00809b00
SS =0000 00000000 ffffffff 00809300
DS =0000 00000000 ffffffff 00809300
FS =0000 00000000 ffffffff 00809300
GS =ca00 000ca000 ffffffff 00809300
LDT=0000 00000000 0000ffff 00008200
TR =0000 00000000 0000ffff 00008b00
GDT=     00000000 00000000
IDT=     00000000 000003ff
CR0=00000010 CR2=00000000 CR3=00000000 CR4=00000000
DR0=00000000 DR1=00000000 DR2=00000000 DR3=00000000 
DR6=ffff0ff0 DR7=00000400
CCS=00000000 CCD=00000001 CCO=EFLAGS
EFER=0000000000000000
Servicing hardware INT=0x0e
Servicing hardware INT=0x0e
Servicing hardware INT=0x08
Servicing hardware INT=0x0e
Servicing hardware INT=0x0e
Servicing hardware INT=0x0e
Servicing hardware INT=0x08
Servicing hardware INT=0x08
Servicing hardware INT=0x08
Servicing hardware INT=0x08
Servicing hardware INT=0x08
     0: v=03 e=0000 i=1 cpl=0 IP=0008:001005cd pc=001005cd SP=0010:00112eb8 env->regs[R_EAX]=0000000d
EAX=0000000d EBX=00010000 ECX=00000000 EDX=000003f8
ESI=2badb002 EDI=00000000 EBP=00000000 ESP=00112eb8
EIP=001005cd EFL=00000216 [----AP-] CPL=0 II=0 A20=1 SMM=0 HLT=0
ES =0010 00000000 ffffffff 00cf9300 DPL=0 DS   [-WA]
CS =0008 00000000 ffffffff 00cf9a00 DPL=0 CS32 [-R-]
SS =0010 00000000 ffffffff 00cf9300 DPL=0 DS   [-WA]
DS =0010 00000000 ffffffff 00cf9300 DPL=0 DS   [-WA]
FS =0010 00000000 ffffffff 00cf9300 DPL=0 DS   [-WA]
GS =0010 00000000 ffffffff 00cf9300 DPL=0 DS   [-WA]
LDT=0000 00000000 0000ffff 00008200 DPL=0 LDT
TR =0028 00113020 00000067 00008900 DPL=0 TSS32-avl
GDT=     001130a0 0000002f
IDT=     00113100 000007ff
CR0=80000011 CR2=00000000 CR3=0011f000 CR4=00000000
DR0=00000000 DR1=00000000 DR2=00000000 DR3=00000000 
DR6=ffff0ff0 DR7=00000400
CCS=0000000c CCD=00112eb4 CCO=ADDL
EFER=0000000000000000
Servicing hardware INT=0x20
     1: v=20 e=0000 i=0 cpl=0 IP=0008:00100f1c pc=00100f1c SP=0010:00112e80 env->regs[R_EAX]=000000fe
EAX=000000fe EBX=000100fe ECX=00000000 EDX=00000021
ESI=2badb002 EDI=00000000 EBP=00000000 ESP=00112e80
EIP=00100f1c EFL=00000282 [--S----] CPL=0 II=0 A20=1 SMM=0 HLT=0
ES =0010 00000000 ffffffff 00cf9300 DPL=0 DS   [-WA]
CS =0008 00000000 ffffffff 00cf9a00 DPL=0 CS32 [-R-]
SS =0010 00000000 ffffffff 00cf9300 DPL=0 DS   [-WA]
DS =0010 00000000 ffffffff 00cf9300 DPL=0 DS   [-WA]
FS =0010 00000000 ffffffff 00cf9300 DPL=0 DS   [-WA]
GS =0010 00000000 ffffffff 00cf9300 DPL=0 DS   [-WA]
LDT=0000 00000000 0000ffff 00008200 DPL=0 LDT
TR =0028 00113020 00000067 00008900 DPL=0 TSS32-avl
GDT=     001130a0 0000002f
IDT=     00113100 000007ff
CR0=80000011 CR2=00000000 CR3=0011f000 CR4=00000000
DR0=00000000 DR1=00000000 DR2=00000000 DR3=00000000 
DR6=ffff0ff0 DR7=00000400
CCS=000000a1 CCD=000000fe CCO=LOGICB
EFER=0000000000000000
Servicing hardware INT=0x20
     2: v=20 e=0000 i=0 cpl=0 IP=0008:00104831 pc=00104831 SP=0010:00112eb4 env->regs[R_EAX]=00000064
EAX=00000064 EBX=00010000 ECX=00000000 EDX=00000064
ESI=00000000 EDI=00000000 EBP=00000000 ESP=00112eb4
EIP=00104831 EFL=00000297 [--S-APC] CPL=0 II=0 A20=1 SMM=0 HLT=0
ES =0010 00000000 ffffffff 00cf9300 DPL=0 DS   [-WA]
CS =0008 00000000 ffffffff 00cf9a00 DPL=0 CS32 [-R-]
SS =0010 00000000 ffffffff 00cf9300 DPL=0 DS   [-WA]
DS =0010 00000000 ffffffff 00cf9300 DPL=0 DS   [-WA]
FS =0010 00000000 ffffffff 00cf9300 DPL=0 DS   [-WA]
GS =0010 00000000 ffffffff 00cf9300 DPL=0 DS   [-WA]
LDT=0000 00000000 0000ffff 00008200 DPL=0 LDT
TR =0028 00113020 00000067 00008900 DPL=0 TSS32-avl
GDT=     001130a0 0000002f
IDT=     00113100 000007ff
CR0=80000011 CR2=00000000 CR3=0011f000 CR4=00000000
DR0=00000000 DR1=00000000 DR2=00000000 DR3=00000000 
DR6=ffff0ff0 DR7=00000400
CCS=00000095 CCD=ffffff9c CCO=EFLAGS
EFER=0000000000000000
Servicing hardware INT=0x20
     3: v=20 e=0000 i=0 cpl=0 IP=0008:00104831 pc=00104831 SP=0010:00112eb4 env->regs[R_EAX]=00000064
EAX=00000064 EBX=00010000 ECX=00000000 EDX=00000064
ESI=00000000 EDI=00000000 EBP=00000000 ESP=00112eb4
EIP=00104831 EFL=00000293 [--S-A-C] CPL=0 II=0 A20=1 SMM=0 HLT=0
ES =0010 00000000 ffffffff 00cf9300 DPL=0 DS   [-WA]
CS =0008 00000000 ffffffff 00cf9a00 DPL=0 CS32 [-R-]
SS =0010 00000000 ffffffff 00cf9300 DPL=0 DS   [-WA]
DS =0010 00000000 ffffffff 00cf9300 DPL=0 DS   [-WA]
FS =0010 00000000 ffffffff 00cf9300 DPL=0 DS   [-WA]
GS =0010 00000000 ffffffff 00cf9300 DPL=0 DS   [-WA]
LDT=0000 00000000 0000ffff 00008200 DPL=0 LDT
TR =0028 00113020 00000067 00008900 DPL=0 TSS32-avl
GDT=     001130a0 0000002f
IDT=     00113100 000007ff
CR0=80000011 CR2=00000000 CR3=0011f000 CR4=00000000
DR0=00000000 DR1=00000000 DR2=00000000 DR3=00000000 
DR6=ffff0ff0 DR7=00000400
CCS=00000091 CCD=ffffff9d CCO=EFLAGS
EFER=0000000000000000
Servicing hardware INT=0x20
     4: v=20 e=0000 i=0 cpl=0 IP=0008:00104831 pc=00104831 SP=0010:00112eb4 env->regs[R_EAX]=00000064
EAX=00000064 EBX=00010000 ECX=00000000 EDX=00000064
ESI=00000000 EDI=00000000 EBP=00000000 ESP=00112eb4
EIP=00104831 EFL=00000293 [--S-A-C] CPL=0 II=0 A20=1 SMM=0 HLT=0
ES =0010 00000000 ffffffff 00cf9300 DPL=0 DS   [-WA]
CS =0008 00000000 ffffffff 00cf9a00 DPL=0 CS32 [-R-]
SS =0010 00000000 ffffffff 00cf9300 DPL=0 DS   [-WA]
DS =0010 00000000 ffffffff 00cf9300 DPL=0 DS   [-WA]
FS =0010 00000000 ffffffff 00cf9300 DPL=0 DS   [-WA]
GS =0010 00000000 ffffffff 00cf9300 DPL=0 DS   [-WA]
LDT=0000 00000000 0000ffff 00008200 DPL=0 LDT
TR =0028 00113020 00000067 00008900 DPL=0 TSS32-avl
GDT=     001130a0 0000002f
IDT=     00113100 000007ff
CR0=80000011 CR2=00000000 CR3=0011f000 CR4=00000000
DR0=00000000 DR1=00000000 DR2=00000000 DR3=00000000 
DR6=ffff0ff0 DR7=00000400
CCS=00000091 CCD=ffffff9e CCO=EFLAGS
EFER=0000000000000000
Servicing hardware INT=0x20
     5: v=20 e=0000 i=0 cpl=0 IP=0008:00104831 pc=00104831 SP=0010:00112eb4 env->regs[R_EAX]=00000064
EAX=00000064 EBX=00010000 ECX=00000000 EDX=00000064
ESI=00000000 EDI=00000000 EBP=00000000 ESP=00112eb4
EIP=00104831 EFL=00000297 [--S-APC] CPL=0 II=0 A20=1 SMM=0 HLT=0
ES =0010 00000000 ffffffff 00cf9300 DPL=0 DS   [-WA]
CS =0008 00000000 ffffffff 00cf9a00 DPL=0 CS32 [-R-]
SS =0010 00000000 ffffffff 00cf9300 DPL=0 DS   [-WA]
DS =0010 00000000 ffffffff 00cf9300 DPL=0 DS   [-WA]
FS =0010 00000000 ffffffff 00cf9300 DPL=0 DS   [-WA]
GS =0010 00000000 ffffffff 00cf9300 DPL=0 DS   [-WA]
LDT=0000 00000000 0000ffff 00008200 DPL=0 LDT
TR =0028 00113020 00000067 00008900 DPL=0 TSS32-avl
GDT=     001130a0 0000002f
IDT=     00113100 000007ff
CR0=80000011 CR2=00000000 CR3=0011f000 CR4=00000000
DR0=00000000 DR1=00000000 DR2=00000000 DR3=00000000 
DR6=ffff0ff0 DR7=00000400
CCS=00000095 CCD=ffffff9f CCO=EFLAGS
EFER=0000000000000000
Servicing hardware INT=0x20
     6: v=20 e=0000 i=0 cpl=0 IP=0008:00104831 pc=00104831 SP=0010:00112eb4 env->regs[R_EAX]=00000064
EAX=00000064 EBX=00010000 ECX=00000000 EDX=00000064
ESI=00000000 EDI=00000000 EBP=00000000 ESP=00112eb4
EIP=00104831 EFL=00000287 [--S--PC] CPL=0 II=0 A20=1 SMM=0 HLT=0
ES =0010 00000000 ffffffff 00cf9300 DPL=0 DS   [-WA]
CS =0008 00000000 ffffffff 00cf9a00 DPL=0 CS32 [-R-]
SS =0010 00000000 ffffffff 00cf9300 DPL=0 DS   [-WA]
DS =0010 00000000 ffffffff 00cf9300 DPL=0 DS   [-WA]
FS =0010 00000000 ffffffff 00cf9300 DPL=0 DS   [-WA]
GS =0010 00000000 ffffffff 00cf9300 DPL=0 DS   [-WA]
LDT=0000 00000000 0000ffff 00008200 DPL=0 LDT
TR =0028 00113020 00000067 00008900 DPL=0 TSS32-avl
GDT=     001130a0 0000002f
IDT=     00113100 000007ff
CR0=80000011 CR2=00000000 CR3=0011f000 CR4=00000000
DR0=00000000 DR1=00000000 DR2=00000000 DR3=00000000 
DR6=ffff0ff0 DR7=00000400
CCS=00000085 CCD=ffffffa0 CCO=EFLAGS
EFER=0000000000000000
Servicing hardware INT=0x20
     7: v=20 e=0000 i=0 cpl=0 IP=0008:00104831 pc=00104831 SP=0010:00112eb4 env->regs[R_EAX]=00000064
EAX=00000064 EBX=00010000 ECX=00000000 EDX=00000064
ESI=00000000 EDI=00000000 EBP=00000000 ESP=00112eb4
EIP=00104831 EFL=00000283 [--S---C] CPL=0 II=0 A20=1 SMM=0 HLT=0
ES =0010 00000000 ffffffff 00cf9300 DPL=0 DS   [-WA]
CS =0008 00000000 ffffffff 00cf9a00 DPL=0 CS32 [-R-]
SS =0010 00000000 ffffffff 00cf9300 DPL=0 DS   [-WA]
DS =0010 00000000 ffffffff 00cf9300 DPL=0 DS   [-WA]
FS =0010 00000000 ffffffff 00cf9300 DPL=0 DS   [-WA]
GS =0010 00000000 ffffffff 00cf9300 DPL=0 DS   [-WA]
LDT=0000 00000000 0000ffff 00008200 DPL=0 LDT
TR =0028 00113020 00000067 00008900 DPL=0 TSS32-avl
GDT=     001130a0 0000002f
IDT=     00113100 000007ff
CR0=80000011 CR2=00000000 CR3=0011f000 CR4=00000000
DR0=00000000 DR1=00000000 DR2=00000000 DR3=00000000 
DR6=ffff0ff0 DR7=00000400
CCS=00000081 CCD=ffffffa1 CCO=EFLAGS
EFER=0000000000000000
Servicing hardware INT=0x20
     8: v=20 e=0000 i=0 cpl=0 IP=0008:00104831 pc=00104831 SP=0010:00112eb4 env->regs[R_EAX]=00000064
EAX=00000064 EBX=00010000 ECX=00000000 EDX=00000064
ESI=00000000 EDI=00000000 EBP=00000000 ESP=00112eb4
EIP=00104831 EFL=00000283 [--S---C] CPL=0 II=0 A20=1 SMM=0 HLT=0
ES =0010 00000000 ffffffff 00cf9300 DPL=0 DS   [-WA]
CS =0008 00000000 ffffffff 00cf9a00 DPL=0 CS32 [-R-]
SS =0010 00000000 ffffffff 00cf9300 DPL=0 DS   [-WA]
DS =0010 00000000 ffffffff 00cf9300 DPL=0 DS   [-WA]
FS =0010 00000000 ffffffff 00cf9300 DPL=0 DS   [-WA]
GS =0010 00000000 ffffffff 00cf9300 DPL=0 DS   [-WA]
LDT=0000 00000000 0000ffff 00008200 DPL=0 LDT
TR =0028 00113020 00000067 00008900 DPL=0 TSS32-avl
GDT=     001130a0 0000002f
IDT=     00113100 000007ff
CR0=80000011 CR2=00000000 CR3=0011f000 CR4=00000000
DR0=00000000 DR1=00000000 DR2=00000000 DR3=00000000 
DR6=ffff0ff0 DR7=00000400
CCS=00000081 CCD=ffffffa2 CCO=EFLAGS
EFER=0000000000000000
Servicing hardware INT=0x20
     9: v=20 e=0000 i=0 cpl=0 IP=0008:00104831 pc=00104831 SP=0010:00112eb4 env->regs[R_EAX]=00000064
EAX=00000064 EBX=00010000 ECX=00000000 EDX=00000064
ESI=00000000 EDI=00000000 EBP=00000000 ESP=00112eb4
EIP=00104831 EFL=00000287 [--S--PC] CPL=0 II=0 A20=1 SMM=0 HLT=0
ES =0010 00000000 ffffffff 00cf9300 DPL=0 DS   [-WA]
CS =0008 00000000 ffffffff 00cf9a00 DPL=0 CS32 [-R-]
SS =0010 00000000 ffffffff 00cf9300 DPL=0 DS   [-WA]
DS =0010 00000000 ffffffff 00cf9300 DPL=0 DS   [-WA]
FS =0010 00000000 ffffffff 00cf9300 DPL=0 DS   [-WA]
GS =0010 00000000 ffffffff 00cf9300 DPL=0 DS   [-WA]
LDT=0000 00000000 0000ffff 00008200 DPL=0 LDT
TR =0028 00113020 00000067 00008900 DPL=0 TSS32-avl
GDT=     001130a0 0000002f
IDT=     00113100 000007ff
CR0=80000011 CR2=00000000 CR3=0011f000 CR4=00000000
DR0=00000000 DR1=00000000 DR2=00000000 DR3=00000000 
DR6=ffff0ff0 DR7=00000400
CCS=00000085 CCD=ffffffa3 CCO=EFLAGS
EFER=0000000000000000
Servicing hardware INT=0x20
    10: v=20 e=0000 i=0 cpl=0 IP=0008:00104831 pc=00104831 SP=0010:00112eb4 env->regs[R_EAX]=00000064
EAX=00000064 EBX=00010000 ECX=00000000 EDX=00000064
ESI=00000000 EDI=00000000 EBP=00000000 ESP=00112eb4
EIP=00104831 EFL=00000283 [--S---C] CPL=0 II=0 A20=1 SMM=0 HLT=0
ES =0010 00000000 ffffffff 00cf9300 DPL=0 DS   [-WA]
CS =0008 00000000 ffffffff 00cf9a00 DPL=0 CS32 [-R-]
SS =0010 00000000 ffffffff 00cf9300 DPL=0 DS   [-WA]
DS =0010 00000000 ffffffff 00cf9300 DPL=0 DS   [-WA]
FS =0010 00000000 ffffffff 00cf9300 DPL=0 DS   [-WA]
GS =0010 00000000 ffffffff 00cf9300 DPL=0 DS   [-WA]
LDT=0000 00000000 0000ffff 00008200 DPL=0 LDT
TR =0028 00113020 00000067 00008900 DPL=0 TSS32-avl
GDT=     001130a0 0000002f
IDT=     00113100 000007ff
CR0=80000011 CR2=00000000 CR3=0011f000 CR4=00000000
DR0=00000000 DR1=00000000 DR2=00000000 DR3=00000000 
DR6=ffff0ff0 DR7=00000400
CCS=00000081 CCD=ffffffa4 CCO=EFLAGS
EFER=0000000000000000
Servicing hardware INT=0x20
    11: v=20 e=0000 i=0 cpl=0 IP=0008:00104831 pc=00104831 SP=0010:00112eb4 env->regs[R_EAX]=00000064
EAX=00000064 EBX=00010000 ECX=00000000 EDX=00000064
ESI=00000000 EDI=00000000 EBP=00000000 ESP=00112eb4
EIP=00104831 EFL=00000287 [--S--PC] CPL=0 II=0 A20=1 SMM=0 HLT=0
ES =0010 00000000 ffffffff 00cf9300 DPL=0 DS   [-WA]
CS =0008 00000000 ffffffff 00cf9a00 DPL=0 CS32 [-R-]
SS =0010 00000000 ffffffff 00cf9300 DPL=0 DS   [-WA]
DS =0010 00000000 ffffffff 00cf9300 DPL=0 DS   [-WA]
FS =0010 00000000 ffffffff 00cf9300 DPL=0 DS   [-WA]
GS =0010 00000000 ffffffff 00cf9300 DPL=0 DS   [-WA]
LDT=0000 00000000 0000ffff 00008200 DPL=0 LDT
TR =0028 00113020 00000067 00008900 DPL=0 TSS32-avl
GDT=     001130a0 0000002f
IDT=     00113100 000007ff
CR0=80000011 CR2=00000000 CR3=0011f000 CR4=00000000
DR0=00000000 DR1=00000000 DR2=00000000 DR3=00000000 
DR6=ffff0ff0 DR7=00000400
CCS=00000085 CCD=ffffffa5 CCO=EFLAGS
EFER=0000000000000000
Servicing hardware INT=0x20
    12: v=20 e=0000 i=0 cpl=0 IP=0008:00104831 pc=00104831 SP=0010:00112eb4 env->regs[R_EAX]=00000064
EAX=00000064 EBX=00010000 ECX=00000000 EDX=00000064
ESI=00000000 EDI=00000000 EBP=00000000 ESP=00112eb4
EIP=00104831 EFL=00000287 [--S--PC] CPL=0 II=0 A20=1 SMM=0 HLT=0
ES =0010 00000000 ffffffff 00cf9300 DPL=0 DS   [-WA]
CS =0008 00000000 ffffffff 00cf9a00 DPL=0 CS32 [-R-]
SS =0010 00000000 ffffffff 00cf9300 DPL=0 DS   [-WA]
DS =0010 00000000 ffffffff 00cf9300 DPL=0 DS   [-WA]
FS =0010 00000000 ffffffff 00cf9300 DPL=0 DS   [-WA]
GS =0010 00000000 ffffffff 00cf9300 DPL=0 DS   [-WA]
LDT=0000 00000000 0000ffff 00008200 DPL=0 LDT
TR =0028 00113020 00000067 00008900 DPL=0 TSS32-avl
GDT=     001130a0 0000002f
IDT=     00113100 000007ff
CR0=80000011 CR2=00000000 CR3=0011f000 CR4=00000000
DR0=00000000 DR1=00000000 DR2=00000000 DR3=00000000 
DR6=ffff0ff0 DR7=00000400
CCS=00000085 CCD=ffffffa6 CCO=EFLAGS
EFER=0000000000000000
Servicing hardware INT=0x20
    13: v=20 e=0000 i=0 cpl=0 IP=0008:00104831 pc=00104831 SP=0010:00112eb4 env->regs[R_EAX]=00000064
EAX=00000064 EBX=00010000 ECX=00000000 EDX=00000064
ESI=00000000 EDI=00000000 EBP=00000000 ESP=00112eb4
EIP=00104831 EFL=00000283 [--S---C] CPL=0 II=0 A20=1 SMM=0 HLT=0
ES =0010 00000000 ffffffff 00cf9300 DPL=0 DS   [-WA]
CS =0008 00000000 ffffffff 00cf9a00 DPL=0 CS32 [-R-]
SS =0010 00000000 ffffffff 00cf9300 DPL=0 DS   [-WA]
DS =0010 00000000 ffffffff 00cf9300 DPL=0 DS   [-WA]
FS =0010 00000000 ffffffff 00cf9300 DPL=0 DS   [-WA]
GS =0010 00000000 ffffffff 00cf9300 DPL=0 DS   [-WA]
LDT=0000 00000000 0000ffff 00008200 DPL=0 LDT
TR =0028 00113020 00000067 00008900 DPL=0 TSS32-avl
GDT=     001130a0 0000002f
IDT=     00113100 000007ff
CR0=80000011 CR2=00000000 CR3=0011f000 CR4=00000000
DR0=00000000 DR1=00000000 DR2=00000000 DR3=00000000 
DR6=ffff0ff0 DR7=00000400
CCS=00000081 CCD=ffffffa7 CCO=EFLAGS
EFER=0000000000000000
Servicing hardware INT=0x20
    14: v=20 e=0000 i=0 cpl=0 IP=0008:00104831 pc=00104831 SP=0010:00112eb4 env->regs[R_EAX]=00000064
EAX=00000064 EBX=00010000 ECX=00000000 EDX=00000064
ESI=00000000 EDI=00000000 EBP=00000000 ESP=00112eb4
EIP=00104831 EFL=00000283 [--S---C] CPL=0 II=0 A20=1 SMM=0 HLT=0
ES =0010 00000000 ffffffff 00cf9300 DPL=0 DS   [-WA]
CS =0008 00000000 ffffffff 00cf9a00 DPL=0 CS32 [-R-]
SS =0010 00000000 ffffffff 00cf9300 DPL=0 DS   [-WA]
DS =0010 00000000 ffffffff 00cf9300 DPL=0 DS   [-WA]
FS =0010 00000000 ffffffff 00cf9300 DPL=0 DS   [-WA]
GS =0010 00000000 ffffffff 00cf9300 DPL=0 DS   [-WA]
LDT=0000 00000000 0000ffff 00008200 DPL=0 LDT
TR =0028 00113020 00000067 00008900 DPL=0 TSS32-avl
GDT=     001130a0 0000002f
IDT=     00113100 000007ff
CR0=80000011 CR2=00000000 CR3=0011f000 CR4=00000000
DR0=00000000 DR1=00000000 DR2=00000000 DR3=00000000 
DR6=ffff0ff0 DR7=00000400
CCS=00000081 CCD=ffffffa8 CCO=EFLAGS
EFER=0000000000000000
Servicing hardware INT=0x20
    15: v=20 e=0000 i=0 cpl=0 IP=0008:00104831 pc=00104831 SP=0010:00112eb4 env->regs[R_EAX]=00000064
EAX=00000064 EBX=00010000 ECX=00000000 EDX=00000064
ESI=00000000 EDI=00000000 EBP=00000000 ESP=00112eb4
EIP=00104831 EFL=00000287 [--S--PC] CPL=0 II=0 A20=1 SMM=0 HLT=0
ES =0010 00000000 ffffffff 00cf9300 DPL=0 DS   [-WA]
CS =0008 00000000 ffffffff 00cf9a00 DPL=0 CS32 [-R-]
SS =0010 00000000 ffffffff 00cf9300 DPL=0 DS   [-WA]
DS =0010 00000000 ffffffff 00cf9300 DPL=0 DS   [-WA]
FS =0010 00000000 ffffffff 00cf9300 DPL=0 DS   [-WA]
GS =0010 00000000 ffffffff 00cf9300 DPL=0 DS   [-WA]
LDT=0000 00000000 0000ffff 00008200 DPL=0 LDT
TR =0028 00113020 00000067 00008900 DPL=0 TSS32-avl
GDT=     001130a0 0000002f
IDT=     00113100 000007ff
CR0=80000011 CR2=00000000 CR3=0011f000 CR4=00000000
DR0=00000000 DR1=00000000 DR2=00000000 DR3=00000000 
DR6=ffff0ff0 DR7=00000400
CCS=00000085 CCD=ffffffa9 CCO=EFLAGS
EFER=0000000000000000
Servicing hardware INT=0x20
    16: v=20 e=0000 i=0 cpl=0 IP=0008:00104831 pc=00104831 SP=0010:00112eb4 env->regs[R_EAX]=00000064
EAX=00000064 EBX=00010000 ECX=00000000 EDX=00000064
ESI=00000000 EDI=00000000 EBP=00000000 ESP=00112eb4
EIP=00104831 EFL=00000287 [--S--PC] CPL=0 II=0 A20=1 SMM=0 HLT=0
ES =0010 00000000 ffffffff 00cf9300 DPL=0 DS   [-WA]
CS =0008 00000000 ffffffff 00cf9a00 DPL=0 CS32 [-R-]
SS =0010 00000000 ffffffff 00cf9300 DPL=0 DS   [-WA]
DS =0010 00000000 ffffffff 00cf9300 DPL=0 DS   [-WA]
FS =0010 00000000 ffffffff 00cf9300 DPL=0 DS   [-WA]
GS =0010 00000000 ffffffff 00cf9300 DPL=0 DS   [-WA]
LDT=0000 00000000 0000ffff 00008200 DPL=0 LDT
TR =0028 00113020 00000067 00008900 DPL=0 TSS32-avl
GDT=     001130a0 0000002f
IDT=     00113100 000007ff
CR0=80000011 CR2=00000000 CR3=0011f000 CR4=00000000
DR0=00000000 DR1=00000000 DR2=00000000 DR3=00000000 
DR6=ffff0ff0 DR7=00000400
CCS=00000085 CCD=ffffffaa CCO=EFLAGS
EFER=0000000000000000
Servicing hardware INT=0x20
    17: v=20 e=0000 i=0 cpl=0 IP=0008:00104831 pc=00104831 SP=0010:00112eb4 env->regs[R_EAX]=00000064
EAX=00000064 EBX=00010000 ECX=00000000 EDX=00000064
ESI=00000000 EDI=00000000 EBP=00000000 ESP=00112eb4
EIP=00104831 EFL=00000283 [--S---C] CPL=0 II=0 A20=1 SMM=0 HLT=0
ES =0010 00000000 ffffffff 00cf9300 DPL=0 DS   [-WA]
CS =0008 00000000 ffffffff 00cf9a00 DPL=0 CS32 [-R-]
SS =0010 00000000 ffffffff 00cf9300 DPL=0 DS   [-WA]
DS =0010 00000000 ffffffff 00cf9300 DPL=0 DS   [-WA]
FS =0010 00000000 ffffffff 00cf9300 DPL=0 DS   [-WA]
GS =0010 00000000 ffffffff 00cf9300 DPL=0 DS   [-WA]
LDT=0000 00000000 0000ffff 00008200 DPL=0 LDT
TR =0028 00113020 00000067 00008900 DPL=0 TSS32-avl
GDT=     001130a0 0000002f
IDT=     00113100 000007ff
CR0=80000011 CR2=00000000 CR3=0011f000 CR4=00000000
DR0=00000000 DR1=00000000 DR2=00000000 DR3=00000000 
DR6=ffff0ff0 DR7=00000400
CCS=00000081 CCD=ffffffab CCO=EFLAGS
EFER=0000000000000000
Servicing hardware INT=0x20
    18: v=20 e=0000 i=0 cpl=0 IP=0008:00104831 pc=00104831 SP=0010:00112eb4 env->regs[R_EAX]=00000064
EAX=00000064 EBX=00010000 ECX=00000000 EDX=00000064
ESI=00000000 EDI=00000000 EBP=00000000 ESP=00112eb4
EIP=00104831 EFL=00000297 [--S-APC] CPL=0 II=0 A20=1 SMM=0 HLT=0
ES =0010 00000000 ffffffff 00cf9300 DPL=0 DS   [-WA]
CS =0008 00000000 ffffffff 00cf9a00 DPL=0 CS32 [-R-]
SS =0010 00000000 ffffffff 00cf9300 DPL=0 DS   [-WA]
DS =0010 00000000 ffffffff 00cf9300 DPL=0 DS   [-WA]
FS =0010 00000000 ffffffff 00cf9300 DPL=0 DS   [-WA]
GS =0010 00000000 ffffffff 00cf9300 DPL=0 DS   [-WA]
LDT=0000 00000000 0000ffff 00008200 DPL=0 LDT
TR =0028 00113020 00000067 00008900 DPL=0 TSS32-avl
GDT=     001130a0 0000002f
IDT=     00113100 000007ff
CR0=80000011 CR2=00000000 CR3=0011f000 CR4=00000000
DR0=00000000 DR1=00000000 DR2=00000000 DR3=00000000 
DR6=ffff0ff0 DR7=00000400
CCS=00000095 CCD=ffffffac CCO=EFLAGS
EFER=0000000000000000
Servicing hardware INT=0x20
    19: v=20 e=0000 i=0 cpl=0 IP=0008:00104831 pc=00104831 SP=0010:00112eb4 env->regs[R_EAX]=00000064
EAX=00000064 EBX=00010000 ECX=00000000 EDX=00000064
ESI=00000000 EDI=00000000 EBP=00000000 ESP=00112eb4
EIP=00104831 EFL=00000293 [--S-A-C] CPL=0 II=0 A20=1 SMM=0 HLT=0
ES =0010 00000000 ffffffff 00cf9300 DPL=0 DS   [-WA]
CS =0008 00000000 ffffffff 00cf9a00 DPL=0 CS32 [-R-]
SS =0010 00000000 ffffffff 00cf9300 DPL=0 DS   [-WA]
DS =0010 00000000 ffffffff 00cf9300 DPL=0 DS   [-WA]
FS =0010 00000000 ffffffff 00cf9300 DPL=0 DS   [-WA]
GS =0010 00000000 ffffffff 00cf9300 DPL=0 DS   [-WA]
LDT=0000 00000000 0000ffff 00008200 DPL=0 LDT
TR =0028 00113020 00000067 00008900 DPL=0 TSS32-avl
GDT=     001130a0 0000002f
IDT=     00113100 000007ff
CR0=80000011 CR2=00000000 CR3=0011f000 CR4=00000000
DR0=00000000 DR1=00000000 DR2=00000000 DR3=00000000 
DR6=ffff0ff0 DR7=00000400
CCS=00000091 CCD=ffffffad CCO=EFLAGS
EFER=0000000000000000
Servicing hardware INT=0x20
    20: v=20 e=0000 i=0 cpl=0 IP=0008:00104831 pc=00104831 SP=0010:00112eb4 env->regs[R_EAX]=00000064
EAX=00000064 EBX=00010000 ECX=00000000 EDX=00000064
ESI=00000000 EDI=00000000 EBP=00000000 ESP=00112eb4
EIP=00104831 EFL=00000293 [--S-A-C] CPL=0 II=0 A20=1 SMM=0 HLT=0
ES =0010 00000000 ffffffff 00cf9300 DPL=0 DS   [-WA]
CS =0008 00000000 ffffffff 00cf9a00 DPL=0 CS32 [-R-]
SS =0010 00000000 ffffffff 00cf9300 DPL=0 DS   [-WA]
DS =0010 00000000 ffffffff 00cf9300 DPL=0 DS   [-WA]
FS =0010 00000000 ffffffff 00cf9300 DPL=0 DS   [-WA]
GS =0010 00000000 ffffffff 00cf9300 DPL=0 DS   [-WA]
LDT=0000 00000000 0000ffff 00008200 DPL=0 LDT
TR =0028 00113020 00000067 00008900 DPL=0 TSS32-avl
GDT=     001130a0 0000002f
IDT=     00113100 000007ff
CR0=80000011 CR2=00000000 CR3=0011f000 CR4=00000000
DR0=00000000 DR1=00000000 DR2=00000000 DR3=00000000 
DR6=ffff0ff0 DR7=00000400
CCS=00000091 CCD=ffffffae CCO=EFLAGS
EFER=0000000000000000
Servicing hardware INT=0x20
    21: v=20 e=0000 i=0 cpl=0 IP=0008:00104831 pc=00104831 SP=0010:00112eb4 env->regs[R_EAX]=00000064
EAX=00000064 EBX=00010000 ECX=00000000 EDX=00000064
ESI=00000000 EDI=00000000 EBP=00000000 ESP=00112eb4
EIP=00104831 EFL=00000297 [--S-APC] CPL=0 II=0 A20=1 SMM=0 HLT=0
ES =0010 00000000 ffffffff 00cf9300 DPL=0 DS   [-WA]
CS =0008 00000000 ffffffff 00cf9a00 DPL=0 CS32 [-R-]
SS =0010 00000000 ffffffff 00cf9300 DPL=0 DS   [-WA]
DS =0010 00000000 ffffffff 00cf9300 DPL=0 DS   [-WA]
FS =0010 00000000 ffffffff 00cf9300 DPL=0 DS   [-WA]
GS =0010 00000000 ffffffff 00cf9300 DPL=0 DS   [-WA]
LDT=0000 00000000 0000ffff 00008200 DPL=0 LDT
TR =0028 00113020 00000067 00008900 DPL=0 TSS32-avl
GDT=     001130a0 0000002f
IDT=     00113100 000007ff
CR0=80000011 CR2=00000000 CR3=0011f000 CR4=00000000
DR0=00000000 DR1=00000000 DR2=00000000 DR3=00000000 
DR6=ffff0ff0 DR7=00000400
CCS=00000095 CCD=ffffffaf CCO=EFLAGS
EFER=0000000000000000
Servicing hardware INT=0x20
    22: v=20 e=0000 i=0 cpl=0 IP=0008:00104831 pc=00104831 SP=0010:00112eb4 env->regs[R_EAX]=00000064
EAX=00000064 EBX=00010000 ECX=00000000 EDX=00000064
ESI=00000000 EDI=00000000 EBP=00000000 ESP=00112eb4
EIP=00104831 EFL=00000283 [--S---C] CPL=0 II=0 A20=1 SMM=0 HLT=0
ES =0010 00000000 ffffffff 00cf9300 DPL=0 DS   [-WA]
CS =0008 00000000 ffffffff 00cf9a00 DPL=0 CS32 [-R-]
SS =0010 00000000 ffffffff 00cf9300 DPL=0 DS   [-WA]
DS =0010 00000000 ffffffff 00cf9300 DPL=0 DS   [-WA]
FS =0010 00000000 ffffffff 00cf9300 DPL=0 DS   [-WA]
GS =0010 00000000 ffffffff 00cf9300 DPL=0 DS   [-WA]
LDT=0000 00000000 0000ffff 00008200 DPL=0 LDT
TR =0028 00113020 00000067 00008900 DPL=0 TSS32-avl
GDT=     001130a0 0000002f
IDT=     00113100 000007ff
CR0=80000011 CR2=00000000 CR3=0011f000 CR4=00000000
DR0=00000000 DR1=00000000 DR2=00000000 DR3=00000000 
DR6=ffff0ff0 DR7=00000400
CCS=00000081 CCD=ffffffb0 CCO=EFLAGS
EFER=0000000000000000
Servicing hardware INT=0x20
    23: v=20 e=0000 i=0 cpl=0 IP=0008:00104831 pc=00104831 SP=0010:00112eb4 env->regs[R_EAX]=00000064
EAX=00000064 EBX=00010000 ECX=00000000 EDX=00000064
ESI=00000000 EDI=00000000 EBP=00000000 ESP=00112eb4
EIP=00104831 EFL=00000287 [--S--PC] CPL=0 II=0 A20=1 SMM=0 HLT=0
ES =0010 00000000 ffffffff 00cf9300 DPL=0 DS   [-WA]
CS =0008 00000000 ffffffff 00cf9a00 DPL=0 CS32 [-R-]
SS =0010 00000000 ffffffff 00cf9300 DPL=0 DS   [-WA]
DS =0010 00000000 ffffffff 00cf9300 DPL=0 DS   [-WA]
FS =0010 00000000 ffffffff 00cf9300 DPL=0 DS   [-WA]
GS =0010 00000000 ffffffff 00cf9300 DPL=0 DS   [-WA]
LDT=0000 00000000 0000ffff 00008200 DPL=0 LDT
TR =0028 00113020 00000067 00008900 DPL=0 TSS32-avl
GDT=     001130a0 0000002f
IDT=     00113100 000007ff
CR0=80000011 CR2=00000000 CR3=0011f000 CR4=00000000
DR0=00000000 DR1=00000000 DR2=00000000 DR3=00000000 
DR6=ffff0ff0 DR7=00000400
CCS=00000085 CCD=ffffffb1 CCO=EFLAGS
EFER=0000000000000000
Servicing hardware INT=0x20
    24: v=20 e=0000 i=0 cpl=0 IP=0008:00104831 pc=00104831 SP=0010:00112eb4 env->regs[R_EAX]=00000064
EAX=00000064 EBX=00010000 ECX=00000000 EDX=00000064
ESI=00000000 EDI=00000000 EBP=00000000 ESP=00112eb4
EIP=00104831 EFL=00000287 [--S--PC] CPL=0 II=0 A20=1 SMM=0 HLT=0
ES =0010 00000000 ffffffff 00cf9300 DPL=0 DS   [-WA]
CS =0008 00000000 ffffffff 00cf9a00 DPL=0 CS32 [-R-]
SS =0010 00000000 ffffffff 00cf9300 DPL=0 DS   [-WA]
DS =0010 00000000 ffffffff 00cf9300 DPL=0 DS   [-WA]
FS =0010 00000000 ffffffff 00cf9300 DPL=0 DS   [-WA]
GS =0010 00000000 ffffffff 00cf9300 DPL=0 DS   [-WA]
LDT=0000 00000000 0000ffff 00008200 DPL=0 LDT
TR =0028 00113020 00000067 00008900 DPL=0 TSS32-avl
GDT=     001130a0 0000002f
IDT=     00113100 000007ff
CR0=80000011 CR2=00000000 CR3=0011f000 CR4=00000000
DR0=00000000 DR1=00000000 DR2=00000000 DR3=00000000 
DR6=ffff0ff0 DR7=00000400
CCS=00000085 CCD=ffffffb2 CCO=EFLAGS
EFER=0000000000000000
Servicing hardware INT=0x20
    25: v=20 e=0000 i=0 cpl=0 IP=0008:00104831 pc=00104831 SP=0010:00112eb4 env->regs[R_EAX]=00000064
EAX=00000064 EBX=00010000 ECX=00000000 EDX=00000064
ESI=00000000 EDI=00000000 EBP=00000000 ESP=00112eb4
EIP=00104831 EFL=00000283 [--S---C] CPL=0 II=0 A20=1 SMM=0 HLT=0
ES =0010 00000000 ffffffff 00cf9300 DPL=0 DS   [-WA]
CS =0008 00000000 ffffffff 00cf9a00 DPL=0 CS32 [-R-]
SS =0010 00000000 ffffffff 00cf9300 DPL=0 DS   [-WA]
DS =0010 00000000 ffffffff 00cf9300 DPL=0 DS   [-WA]
FS =0010 00000000 ffffffff 00cf9300 DPL=0 DS   [-WA]
GS =0010 00000000 ffffffff 00cf9300 DPL=0 DS   [-WA]
LDT=0000 00000000 0000ffff 00008200 DPL=0 LDT
TR =0028 00113020 00000067 00008900 DPL=0 TSS32-avl
GDT=     001130a0 0000002f
IDT=     00113100 000007ff
CR0=80000011 CR2=00000000 CR3=0011f000 CR4=00000000
DR0=00000000 DR1=00000000 DR2=00000000 DR3=00000000 
DR6=ffff0ff0 DR7=00000400
CCS=00000081 CCD=ffffffb3 CCO=EFLAGS
EFER=0000000000000000
Servicing hardware INT=0x20
    26: v=20 e=0000 i=0 cpl=0 IP=0008:00104831 pc=00104831 SP=0010:00112eb4 env->regs[R_EAX]=00000064
EAX=00000064 EBX=00010000 ECX=00000000 EDX=00000064
ESI=00000000 EDI=00000000 EBP=00000000 ESP=00112eb4
EIP=00104831 EFL=00000287 [--S--PC] CPL=0 II=0 A20=1 SMM=0 HLT=0
ES =0010 00000000 ffffffff 00cf9300 DPL=0 DS   [-WA]
CS =0008 00000000 ffffffff 00cf9a00 DPL=0 CS32 [-R-]
SS =0010 00000000 ffffffff 00cf9300 DPL=0 DS   [-WA]
DS =0010 00000000 ffffffff 00cf9300 DPL=0 DS   [-WA]
FS =0010 00000000 ffffffff 00cf9300 DPL=0 DS   [-WA]
GS =0010 00000000 ffffffff 00cf9300 DPL=0 DS   [-WA]
LDT=0000 00000000 0000ffff 00008200 DPL=0 LDT
TR =0028 00113020 00000067 00008900 DPL=0 TSS32-avl
GDT=     001130a0 0000002f
IDT=     00113100 000007ff
CR0=80000011 CR2=00000000 CR3=0011f000 CR4=00000000
DR0=00000000 DR1=00000000 DR2=00000000 DR3=00000000 
DR6=ffff0ff0 DR7=00000400
CCS=00000085 CCD=ffffffb4 CCO=EFLAGS
EFER=0000000000000000
Servicing hardware INT=0x20
    27: v=20 e=0000 i=0 cpl=0 IP=0008:00104831 pc=00104831 SP=0010:00112eb4 env->regs[R_EAX]=00000064
EAX=00000064 EBX=00010000 ECX=00000000 EDX=00000064
ESI=00000000 EDI=00000000 EBP=00000000 ESP=00112eb4
EIP=00104831 EFL=00000283 [--S---C] CPL=0 II=0 A20=1 SMM=0 HLT=0
ES =0010 00000000 ffffffff 00cf9300 DPL=0 DS   [-WA]
CS =0008 00000000 ffffffff 00cf9a00 DPL=0 CS32 [-R-]
SS =0010 00000000 ffffffff 00cf9300 DPL=0 DS   [-WA]
DS =0010 00000000 ffffffff 00cf9300 DPL=0 DS   [-WA]
FS =0010 00000000 ffffffff 00cf9300 DPL=0 DS   [-WA]
GS =0010 00000000 ffffffff 00cf9300 DPL=0 DS   [-WA]
LDT=0000 00000000 0000ffff 00008200 DPL=0 LDT
TR =0028 00113020 00000067 00008900 DPL=0 TSS32-avl
GDT=     001130a0 0000002f
IDT=     00113100 000007ff
CR0=80000011 CR2=00000000 CR3=0011f000 CR4=00000000
DR0=00000000 DR1=00000000 DR2=00000000 DR3=00000000 
DR6=ffff0ff0 DR7=00000400
CCS=00000081 CCD=ffffffb5 CCO=EFLAGS
EFER=0000000000000000
Servicing hardware INT=0x20
    28: v=20 e=0000 i=0 cpl=0 IP=0008:00104831 pc=00104831 SP=0010:00112eb4 env->regs[R_EAX]=00000064
EAX=00000064 EBX=00010000 ECX=00000000 EDX=00000064
ESI=00000000 EDI=00000000 EBP=00000000 ESP=00112eb4
EIP=00104831 EFL=00000283 [--S---C] CPL=0 II=0 A20=1 SMM=0 HLT=0
ES =0010 00000000 ffffffff 00cf9300 DPL=0 DS   [-WA]
CS =0008 00000000 ffffffff 00cf9a00 DPL=0 CS32 [-R-]
SS =0010 00000000 ffffffff 00cf9300 DPL=0 DS   [-WA]
DS =0010 00000000 ffffffff 00cf9300 DPL=0 DS   [-WA]
FS =0010 00000000 ffffffff 00cf9300 DPL=0 DS   [-WA]
GS =0010 00000000 ffffffff 00cf9300 DPL=0 DS   [-WA]
LDT=0000 00000000 0000ffff 00008200 DPL=0 LDT
TR =0028 00113020 00000067 00008900 DPL=0 TSS32-avl
GDT=     001130a0 0000002f
IDT=     00113100 000007ff
CR0=80000011 CR2=00000000 CR3=0011f000 CR4=00000000
DR0=00000000 DR1=00000000 DR2=00000000 DR3=00000000 
DR6=ffff0ff0 DR7=00000400
CCS=00000081 CCD=ffffffb6 CCO=EFLAGS
EFER=0000000000000000
Servicing hardware INT=0x20
    29: v=20 e=0000 i=0 cpl=0 IP=0008:00104831 pc=00104831 SP=0010:00112eb4 env->regs[R_EAX]=00000064
EAX=00000064 EBX=00010000 ECX=00000000 EDX=00000064
ESI=00000000 EDI=00000000 EBP=00000000 ESP=00112eb4
EIP=00104831 EFL=00000287 [--S--PC] CPL=0 II=0 A20=1 SMM=0 HLT=0
ES =0010 00000000 ffffffff 00cf9300 DPL=0 DS   [-WA]
CS =0008 00000000 ffffffff 00cf9a00 DPL=0 CS32 [-R-]
SS =0010 00000000 ffffffff 00cf9300 DPL=0 DS   [-WA]
DS =0010 00000000 ffffffff 00cf9300 DPL=0 DS   [-WA]
FS =0010 00000000 ffffffff 00cf9300 DPL=0 DS   [-WA]
GS =0010 00000000 ffffffff 00cf9300 DPL=0 DS   [-WA]
LDT=0000 00000000 0000ffff 00008200 DPL=0 LDT
TR =0028 00113020 00000067 00008900 DPL=0 TSS32-avl
GDT=     001130a0 0000002f
IDT=     00113100 000007ff
CR0=80000011 CR2=00000000 CR3=0011f000 CR4=00000000
DR0=00000000 DR1=00000000 DR2=00000000 DR3=00000000 
DR6=ffff0ff0 DR7=00000400
CCS=00000085 CCD=ffffffb7 CCO=EFLAGS
EFER=0000000000000000
Servicing hardware INT=0x20
    30: v=20 e=0000 i=0 cpl=0 IP=0008:00104831 pc=00104831 SP=0010:00112eb4 env->regs[R_EAX]=00000064
EAX=00000064 EBX=00010000 ECX=00000000 EDX=00000064
ESI=00000000 EDI=00000000 EBP=00000000 ESP=00112eb4
EIP=00104831 EFL=00000287 [--S--PC] CPL=0 II=0 A20=1 SMM=0 HLT=0
ES =0010 00000000 ffffffff 00cf9300 DPL=0 DS   [-WA]
CS =0008 00000000 ffffffff 00cf9a00 DPL=0 CS32 [-R-]
SS =0010 00000000 ffffffff 00cf9300 DPL=0 DS   [-WA]
DS =0010 00000000 ffffffff 00cf9300 DPL=0 DS   [-WA]
FS =0010 00000000 ffffffff 00cf9300 DPL=0 DS   [-WA]
GS =0010 00000000 ffffffff 00cf9300 DPL=0 DS   [-WA]
LDT=0000 00000000 0000ffff 00008200 DPL=0 LDT
TR =0028 00113020 00000067 00008900 DPL=0 TSS32-avl
GDT=     001130a0 0000002f
IDT=     00113100 000007ff
CR0=80000011 CR2=00000000 CR3=0011f000 CR4=00000000
DR0=00000000 DR1=00000000 DR2=00000000 DR3=00000000 
DR6=ffff0ff0 DR7=00000400
CCS=00000085 CCD=ffffffb8 CCO=EFLAGS
EFER=0000000000000000
Servicing hardware INT=0x20
    31: v=20 e=0000 i=0 cpl=0 IP=0008:00104831 pc=00104831 SP=0010:00112eb4 env->regs[R_EAX]=00000064
EAX=00000064 EBX=00010000 ECX=00000000 EDX=00000064
ESI=00000000 EDI=00000000 EBP=00000000 ESP=00112eb4
EIP=00104831 EFL=00000283 [--S---C] CPL=0 II=0 A20=1 SMM=0 HLT=0
ES =0010 00000000 ffffffff 00cf9300 DPL=0 DS   [-WA]
CS =0008 00000000 ffffffff 00cf9a00 DPL=0 CS32 [-R-]
SS =0010 00000000 ffffffff 00cf9300 DPL=0 DS   [-WA]
DS =0010 00000000 ffffffff 00cf9300 DPL=0 DS   [-WA]
FS =0010 00000000 ffffffff 00cf9300 DPL=0 DS   [-WA]
GS =0010 00000000 ffffffff 00cf9300 DPL=0 DS   [-WA]
LDT=0000 00000000 0000ffff 00008200 DPL=0 LDT
TR =0028 00113020 00000067 00008900 DPL=0 TSS32-avl
GDT=     001130a0 0000002f
IDT=     00113100 000007ff
CR0=80000011 CR2=00000000 CR3=0011f000 CR4=00000000
DR0=00000000 DR1=00000000 DR2=00000000 DR3=00000000 
DR6=ffff0ff0 DR7=00000400
CCS=00000081 CCD=ffffffb9 CCO=EFLAGS
EFER=0000000000000000
Servicing hardware INT=0x20
    32: v=20 e=0000 i=0 cpl=0 IP=0008:00104831 pc=00104831 SP=0010:00112eb4 env->regs[R_EAX]=00000064
EAX=00000064 EBX=00010000 ECX=00000000 EDX=00000064
ESI=00000000 EDI=00000000 EBP=00000000 ESP=00112eb4
EIP=00104831 EFL=00000283 [--S---C] CPL=0 II=0 A20=1 SMM=0 HLT=0
ES =0010 00000000 ffffffff 00cf9300 DPL=0 DS   [-WA]
CS =0008 00000000 ffffffff 00cf9a00 DPL=0 CS32 [-R-]
SS =0010 00000000 ffffffff 00cf9300 DPL=0 DS   [-WA]
DS =0010 00000000 ffffffff 00cf9300 DPL=0 DS   [-WA]
FS =0010 00000000 ffffffff 00cf9300 DPL=0 DS   [-WA]
GS =0010 00000000 ffffffff 00cf9300 DPL=0 DS   [-WA]
LDT=0000 00000000 0000ffff 00008200 DPL=0 LDT
TR =0028 00113020 00000067 00008900 DPL=0 TSS32-avl
GDT=     001130a0 0000002f
IDT=     00113100 000007ff
CR0=80000011 CR2=00000000 CR3=0011f000 CR4=00000000
DR0=00000000 DR1=00000000 DR2=00000000 DR3=00000000 
DR6=ffff0ff0 DR7=00000400
CCS=00000081 CCD=ffffffba CCO=EFLAGS
EFER=0000000000000000
Servicing hardware INT=0x20
    33: v=20 e=0000 i=0 cpl=0 IP=0008:00104831 pc=00104831 SP=0010:00112eb4 env->regs[R_EAX]=00000064
EAX=00000064 EBX=00010000 ECX=00000000 EDX=00000064
ESI=00000000 EDI=00000000 EBP=00000000 ESP=00112eb4
EIP=00104831 EFL=00000287 [--S--PC] CPL=0 II=0 A20=1 SMM=0 HLT=0
ES =0010 00000000 ffffffff 00cf9300 DPL=0 DS   [-WA]
CS =0008 00000000 ffffffff 00cf9a00 DPL=0 CS32 [-R-]
SS =0010 00000000 ffffffff 00cf9300 DPL=0 DS   [-WA]
DS =0010 00000000 ffffffff 00cf9300 DPL=0 DS   [-WA]
FS =0010 00000000 ffffffff 00cf9300 DPL=0 DS   [-WA]
GS =0010 00000000 ffffffff 00cf9300 DPL=0 DS   [-WA]
LDT=0000 00000000 0000ffff 00008200 DPL=0 LDT
TR =0028 00113020 00000067 00008900 DPL=0 TSS32-avl
GDT=     001130a0 0000002f
IDT=     00113100 000007ff
CR0=80000011 CR2=00000000 CR3=0011f000 CR4=00000000
DR0=00000000 DR1=00000000 DR2=00000000 DR3=00000000 
DR6=ffff0ff0 DR7=00000400
CCS=00000085 CCD=ffffffbb CCO=EFLAGS
EFER=0000000000000000
Servicing hardware INT=0x20
    34: v=20 e=0000 i=0 cpl=0 IP=0008:00104831 pc=00104831 SP=0010:00112eb4 env->regs[R_EAX]=00000064
EAX=00000064 EBX=00010000 ECX=00000000 EDX=00000064
ESI=00000000 EDI=00000000 EBP=00000000 ESP=00112eb4
EIP=00104831 EFL=00000293 [--S-A-C] CPL=0 II=0 A20=1 SMM=0 HLT=0
ES =0010 00000000 ffffffff 00cf9300 DPL=0 DS   [-WA]
CS =0008 00000000 ffffffff 00cf9a00 DPL=0 CS32 [-R-]
SS =0010 00000000 ffffffff 00cf9300 DPL=0 DS   [-WA]
DS =0010 00000000 ffffffff 00cf9300 DPL=0 DS   [-WA]
FS =0010 00000000 ffffffff 00cf9300 DPL=0 DS   [-WA]
GS =0010 00000000 ffffffff 00cf9300 DPL=0 DS   [-WA]
LDT=0000 00000000 0000ffff 00008200 DPL=0 LDT
TR =0028 00113020 00000067 00008900 DPL=0 TSS32-avl
GDT=     001130a0 0000002f
IDT=     00113100 000007ff
CR0=80000011 CR2=00000000 CR3=0011f000 CR4=00000000
DR0=00000000 DR1=00000000 DR2=00000000 DR3=00000000 
DR6=ffff0ff0 DR7=00000400
CCS=00000091 CCD=ffffffbc CCO=EFLAGS
EFER=0000000000000000
Servicing hardware INT=0x20
    35: v=20 e=0000 i=0 cpl=0 IP=0008:00104831 pc=00104831 SP=0010:00112eb4 env->regs[R_EAX]=00000064
EAX=00000064 EBX=00010000 ECX=00000000 EDX=00000064
ESI=00000000 EDI=00000000 EBP=00000000 ESP=00112eb4
EIP=00104831 EFL=00000297 [--S-APC] CPL=0 II=0 A20=1 SMM=0 HLT=0
ES =0010 00000000 ffffffff 00cf9300 DPL=0 DS   [-WA]
CS =0008 00000000 ffffffff 00cf9a00 DPL=0 CS32 [-R-]
SS =0010 00000000 ffffffff 00cf9300 DPL=0 DS   [-WA]
DS =0010 00000000 ffffffff 00cf9300 DPL=0 DS   [-WA]
FS =0010 00000000 ffffffff 00cf9300 DPL=0 DS   [-WA]
GS =0010 00000000 ffffffff 00cf9300 DPL=0 DS   [-WA]
LDT=0000 00000000 0000ffff 00008200 DPL=0 LDT
TR =0028 00113020 00000067 00008900 DPL=0 TSS32-avl
GDT=     001130a0 0000002f
IDT=     00113100 000007ff
CR0=80000011 CR2=00000000 CR3=0011f000 CR4=00000000
DR0=00000000 DR1=00000000 DR2=00000000 DR3=00000000 
DR6=ffff0ff0 DR7=00000400
CCS=00000095 CCD=ffffffbd CCO=EFLAGS
EFER=0000000000000000
Servicing hardware INT=0x20
    36: v=20 e=0000 i=0 cpl=0 IP=0008:00104831 pc=00104831 SP=0010:00112eb4 env->regs[R_EAX]=00000064
EAX=00000064 EBX=00010000 ECX=00000000 EDX=00000064
ESI=00000000 EDI=00000000 EBP=00000000 ESP=00112eb4
EIP=00104831 EFL=00000297 [--S-APC] CPL=0 II=0 A20=1 SMM=0 HLT=0
ES =0010 00000000 ffffffff 00cf9300 DPL=0 DS   [-WA]
CS =0008 00000000 ffffffff 00cf9a00 DPL=0 CS32 [-R-]
SS =0010 00000000 ffffffff 00cf9300 DPL=0 DS   [-WA]
DS =0010 00000000 ffffffff 00cf9300 DPL=0 DS   [-WA]
FS =0010 00000000 ffffffff 00cf9300 DPL=0 DS   [-WA]
GS =0010 00000000 ffffffff 00cf9300 DPL=0 DS   [-WA]
LDT=0000 00000000 0000ffff 00008200 DPL=0 LDT
TR =0028 00113020 00000067 00008900 DPL=0 TSS32-avl
GDT=     001130a0 0000002f
IDT=     00113100 000007ff
CR0=80000011 CR2=00000000 CR3=0011f000 CR4=00000000
DR0=00000000 DR1=00000000 DR2=00000000 DR3=00000000 
DR6=ffff0ff0 DR7=00000400
CCS=00000095 CCD=ffffffbe CCO=EFLAGS
EFER=0000000000000000
Servicing hardware INT=0x20
    37: v=20 e=0000 i=0 cpl=0 IP=0008:00104831 pc=00104831 SP=0010:00112eb4 env->regs[R_EAX]=00000064
EAX=00000064 EBX=00010000 ECX=00000000 EDX=00000064
ESI=00000000 EDI=00000000 EBP=00000000 ESP=00112eb4
EIP=00104831 EFL=00000293 [--S-A-C] CPL=0 II=0 A20=1 SMM=0 HLT=0
ES =0010 00000000 ffffffff 00cf9300 DPL=0 DS   [-WA]
CS =0008 00000000 ffffffff 00cf9a00 DPL=0 CS32 [-R-]
SS =0010 00000000 ffffffff 00cf9300 DPL=0 DS   [-WA]
DS =0010 00000000 ffffffff 00cf9300 DPL=0 DS   [-WA]
FS =0010 00000000 ffffffff 00cf9300 DPL=0 DS   [-WA]
GS =0010 00000000 ffffffff 00cf9300 DPL=0 DS   [-WA]
LDT=0000 00000000 0000ffff 00008200 DPL=0 LDT
TR =0028 00113020 00000067 00008900 DPL=0 TSS32-avl
GDT=     001130a0 0000002f
IDT=     00113100 000007ff
CR0=80000011 CR2=00000000 CR3=0011f000 CR4=00000000
DR0=00000000 DR1=00000000 DR2=00000000 DR3=00000000 
DR6=ffff0ff0 DR7=00000400
CCS=00000091 CCD=ffffffbf CCO=EFLAGS
EFER=0000000000000000
Servicing hardware INT=0x20
    38: v=20 e=0000 i=0 cpl=0 IP=0008:00104831 pc=00104831 SP=0010:00112eb4 env->regs[R_EAX]=00000064
EAX=00000064 EBX=00010000 ECX=00000000 EDX=00000064
ESI=00000000 EDI=00000000 EBP=00000000 ESP=00112eb4
EIP=00104831 EFL=00000287 [--S--PC] CPL=0 II=0 A20=1 SMM=0 HLT=0
ES =0010 00000000 ffffffff 00cf9300 DPL=0 DS   [-WA]
CS =0008 00000000 ffffffff 00cf9a00 DPL=0 CS32 [-R-]
SS =0010 00000000 ffffffff 00cf9300 DPL=0 DS   [-WA]
DS =0010 00000000 ffffffff 00cf9300 DPL=0 DS   [-WA]
FS =0010 00000000 ffffffff 00cf9300 DPL=0 DS   [-WA]
GS =0010 00000000 ffffffff 00cf9300 DPL=0 DS   [-WA]
LDT=0000 00000000 0000ffff 00008200 DPL=0 LDT
TR =0028 00113020 00000067 00008900 DPL=0 TSS32-avl
GDT=     001130a0 0000002f
IDT=     00113100 000007ff
CR0=80000011 CR2=00000000 CR3=0011f000 CR4=00000000
DR0=00000000 DR1=00000000 DR2=00000000 DR3=00000000 
DR6=ffff0ff0 DR7=00000400
CCS=00000085 CCD=ffffffc0 CCO=EFLAGS
EFER=0000000000000000
Servicing hardware INT=0x20
    39: v=20 e=0000 i=0 cpl=0 IP=0008:00104831 pc=00104831 SP=0010:00112eb4 env->regs[R_EAX]=00000064
EAX=00000064 EBX=00010000 ECX=00000000 EDX=00000064
ESI=00000000 EDI=00000000 EBP=00000000 ESP=00112eb4
EIP=00104831 EFL=00000283 [--S---C] CPL=0 II=0 A20=1 SMM=0 HLT=0
ES =0010 00000000 ffffffff 00cf9300 DPL=0 DS   [-WA]
CS =0008 00000000 ffffffff 00cf9a00 DPL=0 CS32 [-R-]
SS =0010 00000000 ffffffff 00cf9300 DPL=0 DS   [-WA]
DS =0010 00000000 ffffffff 00cf9300 DPL=0 DS   [-WA]
FS =0010 00000000 ffffffff 00cf9300 DPL=0 DS   [-WA]
GS =0010 00000000 ffffffff 00cf9300 DPL=0 DS   [-WA]
LDT=0000 00000000 0000ffff 00008200 DPL=0 LDT
TR =0028 00113020 00000067 00008900 DPL=0 TSS32-avl
GDT=     001130a0 0000002f
IDT=     00113100 000007ff
CR0=80000011 CR2=00000000 CR3=0011f000 CR4=00000000
DR0=00000000 DR1=00000000 DR2=00000000 DR3=00000000 
DR6=ffff0ff0 DR7=00000400
CCS=00000081 CCD=ffffffc1 CCO=EFLAGS
EFER=0000000000000000
Servicing hardware INT=0x20
    40: v=20 e=0000 i=0 cpl=0 IP=0008:00104831 pc=00104831 SP=0010:00112eb4 env->regs[R_EAX]=00000064
EAX=00000064 EBX=00010000 ECX=00000000 EDX=00000064
ESI=00000000 EDI=00000000 EBP=00000000 ESP=00112eb4
EIP=00104831 EFL=00000283 [--S---C] CPL=0 II=0 A20=1 SMM=0 HLT=0
ES =0010 00000000 ffffffff 00cf9300 DPL=0 DS   [-WA]
CS =0008 00000000 ffffffff 00cf9a00 DPL=0 CS32 [-R-]
SS =0010 00000000 ffffffff 00cf9300 DPL=0 DS   [-WA]
DS =0010 00000000 ffffffff 00cf9300 DPL=0 DS   [-WA]
FS =0010 00000000 ffffffff 00cf9300 DPL=0 DS   [-WA]
GS =0010 00000000 ffffffff 00cf9300 DPL=0 DS   [-WA]
LDT=0000 00000000 0000ffff 00008200 DPL=0 LDT
TR =0028 00113020 00000067 00008900 DPL=0 TSS32-avl
GDT=     001130a0 0000002f
IDT=     00113100 000007ff
CR0=80000011 CR2=00000000 CR3=0011f000 CR4=00000000
DR0=00000000 DR1=00000000 DR2=00000000 DR3=00000000 
DR6=ffff0ff0 DR7=00000400
CCS=00000081 CCD=ffffffc2 CCO=EFLAGS
EFER=0000000000000000
Servicing hardware INT=0x20
    41: v=20 e=0000 i=0 cpl=0 IP=0008:00104831 pc=00104831 SP=0010:00112eb4 env->regs[R_EAX]=00000064
EAX=00000064 EBX=00010000 ECX=00000000 EDX=00000064
ESI=00000000 EDI=00000000 EBP=00000000 ESP=00112eb4
EIP=00104831 EFL=00000287 [--S--PC] CPL=0 II=0 A20=1 SMM=0 HLT=0
ES =0010 00000000 ffffffff 00cf9300 DPL=0 DS   [-WA]
CS =0008 00000000 ffffffff 00cf9a00 DPL=0 CS32 [-R-]
SS =0010 00000000 ffffffff 00cf9300 DPL=0 DS   [-WA]
DS =0010 00000000 ffffffff 00cf9300 DPL=0 DS   [-WA]
FS =0010 00000000 ffffffff 00cf9300 DPL=0 DS   [-WA]
GS =0010 00000000 ffffffff 00cf9300 DPL=0 DS   [-WA]
LDT=0000 00000000 0000ffff 00008200 DPL=0 LDT
TR =0028 00113020 00000067 00008900 DPL=0 TSS32-avl
GDT=     001130a0 0000002f
IDT=     00113100 000007ff
CR0=80000011 CR2=00000000 CR3=0011f000 CR4=00000000
DR0=00000000 DR1=00000000 DR2=00000000 DR3=00000000 
DR6=ffff0ff0 DR7=00000400
CCS=00000085 CCD=ffffffc3 CCO=EFLAGS
EFER=0000000000000000
Servicing hardware INT=0x20
    42: v=20 e=0000 i=0 cpl=0 IP=0008:00104831 pc=00104831 SP=0010:00112eb4 env->regs[R_EAX]=00000064
EAX=00000064 EBX=00010000 ECX=00000000 EDX=00000064
ESI=00000000 EDI=00000000 EBP=00000000 ESP=00112eb4
EIP=00104831 EFL=00000283 [--S---C] CPL=0 II=0 A20=1 SMM=0 HLT=0
ES =0010 00000000 ffffffff 00cf9300 DPL=0 DS   [-WA]
CS =0008 00000000 ffffffff 00cf9a00 DPL=0 CS32 [-R-]
SS =0010 00000000 ffffffff 00cf9300 DPL=0 DS   [-WA]
DS =0010 00000000 ffffffff 00cf9300 DPL=0 DS   [-WA]
FS =0010 00000000 ffffffff 00cf9300 DPL=0 DS   [-WA]
GS =0010 00000000 ffffffff 00cf9300 DPL=0 DS   [-WA]
LDT=0000 00000000 0000ffff 00008200 DPL=0 LDT
TR =0028 00113020 00000067 00008900 DPL=0 TSS32-avl
GDT=     001130a0 0000002f
IDT=     00113100 000007ff
CR0=80000011 CR2=00000000 CR3=0011f000 CR4=00000000
DR0=00000000 DR1=00000000 DR2=00000000 DR3=00000000 
DR6=ffff0ff0 DR7=00000400
CCS=00000081 CCD=ffffffc4 CCO=EFLAGS
EFER=0000000000000000
Servicing hardware INT=0x20
    43: v=20 e=0000 i=0 cpl=0 IP=0008:00104831 pc=00104831 SP=0010:00112eb4 env->regs[R_EAX]=00000064
EAX=00000064 EBX=00010000 ECX=00000000 EDX=00000064
ESI=00000000 EDI=00000000 EBP=00000000 ESP=00112eb4
EIP=00104831 EFL=00000287 [--S--PC] CPL=0 II=0 A20=1 SMM=0 HLT=0
ES =0010 00000000 ffffffff 00cf9300 DPL=0 DS   [-WA]
CS =0008 00000000 ffffffff 00cf9a00 DPL=0 CS32 [-R-]
SS =0010 00000000 ffffffff 00cf9300 DPL=0 DS   [-WA]
DS =0010 00000000 ffffffff 00cf9300 DPL=0 DS   [-WA]
FS =0010 00000000 ffffffff 00cf9300 DPL=0 DS   [-WA]
GS =0010 00000000 ffffffff 00cf9300 DPL=0 DS   [-WA]
LDT=0000 00000000 0000ffff 00008200 DPL=0 LDT
TR =0028 00113020 00000067 00008900 DPL=0 TSS32-avl
GDT=     001130a0 0000002f
IDT=     00113100 000007ff
CR0=80000011 CR2=00000000 CR3=0011f000 CR4=00000000
DR0=00000000 DR1=00000000 DR2=00000000 DR3=00000000 
DR6=ffff0ff0 DR7=00000400
CCS=00000085 CCD=ffffffc5 CCO=EFLAGS
EFER=0000000000000000
Servicing hardware INT=0x20
    44: v=20 e=0000 i=0 cpl=0 IP=0008:00104831 pc=00104831 SP=0010:00112eb4 env->regs[R_EAX]=00000064
EAX=00000064 EBX=00010000 ECX=00000000 EDX=00000064
ESI=00000000 EDI=00000000 EBP=00000000 ESP=00112eb4
EIP=00104831 EFL=00000287 [--S--PC] CPL=0 II=0 A20=1 SMM=0 HLT=0
ES =0010 00000000 ffffffff 00cf9300 DPL=0 DS   [-WA]
CS =0008 00000000 ffffffff 00cf9a00 DPL=0 CS32 [-R-]
SS =0010 00000000 ffffffff 00cf9300 DPL=0 DS   [-WA]
DS =0010 00000000 ffffffff 00cf9300 DPL=0 DS   [-WA]
FS =0010 00000000 ffffffff 00cf9300 DPL=0 DS   [-WA]
GS =0010 00000000 ffffffff 00cf9300 DPL=0 DS   [-WA]
LDT=0000 00000000 0000ffff 00008200 DPL=0 LDT
TR =0028 00113020 00000067 00008900 DPL=0 TSS32-avl
GDT=     001130a0 0000002f
IDT=     00113100 000007ff
CR0=80000011 CR2=00000000 CR3=0011f000 CR4=00000000
DR0=00000000 DR1=00000000 DR2=00000000 DR3=00000000 
DR6=ffff0ff0 DR7=00000400
CCS=00000085 CCD=ffffffc6 CCO=EFLAGS
EFER=0000000000000000
Servicing hardware INT=0x20
    45: v=20 e=0000 i=0 cpl=0 IP=0008:00104831 pc=00104831 SP=0010:00112eb4 env->regs[R_EAX]=00000064
EAX=00000064 EBX=00010000 ECX=00000000 EDX=00000064
ESI=00000000 EDI=00000000 EBP=00000000 ESP=00112eb4
EIP=00104831 EFL=00000283 [--S---C] CPL=0 II=0 A20=1 SMM=0 HLT=0
ES =0010 00000000 ffffffff 00cf9300 DPL=0 DS   [-WA]
CS =0008 00000000 ffffffff 00cf9a00 DPL=0 CS32 [-R-]
SS =0010 00000000 ffffffff 00cf9300 DPL=0 DS   [-WA]
DS =0010 00000000 ffffffff 00cf9300 DPL=0 DS   [-WA]
FS =0010 00000000 ffffffff 00cf9300 DPL=0 DS   [-WA]
GS =0010 00000000 ffffffff 00cf9300 DPL=0 DS   [-WA]
LDT=0000 00000000 0000ffff 00008200 DPL=0 LDT
TR =0028 00113020 00000067 00008900 DPL=0 TSS32-avl
GDT=     001130a0 0000002f
IDT=     00113100 000007ff
CR0=80000011 CR2=00000000 CR3=0011f000 CR4=00000000
DR0=00000000 DR1=00000000 DR2=00000000 DR3=00000000 
DR6=ffff0ff0 DR7=00000400
CCS=00000081 CCD=ffffffc7 CCO=EFLAGS
EFER=0000000000000000
Servicing hardware INT=0x20
    46: v=20 e=0000 i=0 cpl=0 IP=0008:00104831 pc=00104831 SP=0010:00112eb4 env->regs[R_EAX]=00000064
EAX=00000064 EBX=00010000 ECX=00000000 EDX=00000064
ESI=00000000 EDI=00000000 EBP=00000000 ESP=00112eb4
EIP=00104831 EFL=00000283 [--S---C] CPL=0 II=0 A20=1 SMM=0 HLT=0
ES =0010 00000000 ffffffff 00cf9300 DPL=0 DS   [-WA]
CS =0008 00000000 ffffffff 00cf9a00 DPL=0 CS32 [-R-]
SS =0010 00000000 ffffffff 00cf9300 DPL=0 DS   [-WA]
DS =0010 00000000 ffffffff 00cf9300 DPL=0 DS   [-WA]
FS =0010 00000000 ffffffff 00cf9300 DPL=0 DS   [-WA]
GS =0010 00000000 ffffffff 00cf9300 DPL=0 DS   [-WA]
LDT=0000 00000000 0000ffff 00008200 DPL=0 LDT
TR =0028 00113020 00000067 00008900 DPL=0 TSS32-avl
GDT=     001130a0 0000002f
IDT=     00113100 000007ff
CR0=80000011 CR2=00000000 CR3=0011f000 CR4=00000000
DR0=00000000 DR1=00000000 DR2=00000000 DR3=00000000 
DR6=ffff0ff0 DR7=00000400
CCS=00000081 CCD=ffffffc8 CCO=EFLAGS
EFER=0000000000000000
Servicing hardware INT=0x20
    47: v=20 e=0000 i=0 cpl=0 IP=0008:00104831 pc=00104831 SP=0010:00112eb4 env->regs[R_EAX]=00000064
EAX=00000064 EBX=00010000 ECX=00000000 EDX=00000064
ESI=00000000 EDI=00000000 EBP=00000000 ESP=00112eb4
EIP=00104831 EFL=00000287 [--S--PC] CPL=0 II=0 A20=1 SMM=0 HLT=0
ES =0010 00000000 ffffffff 00cf9300 DPL=0 DS   [-WA]
CS =0008 00000000 ffffffff 00cf9a00 DPL=0 CS32 [-R-]
SS =0010 00000000 ffffffff 00cf9300 DPL=0 DS   [-WA]
DS =0010 00000000 ffffffff 00cf9300 DPL=0 DS   [-WA]
FS =0010 00000000 ffffffff 00cf9300 DPL=0 DS   [-WA]
GS =0010 00000000 ffffffff 00cf9300 DPL=0 DS   [-WA]
LDT=0000 00000000 0000ffff 00008200 DPL=0 LDT
TR =0028 00113020 00000067 00008900 DPL=0 TSS32-avl
GDT=     001130a0 0000002f
IDT=     00113100 000007ff
CR0=80000011 CR2=00000000 CR3=0011f000 CR4=00000000
DR0=00000000 DR1=00000000 DR2=00000000 DR3=00000000 
DR6=ffff0ff0 DR7=00000400
CCS=00000085 CCD=ffffffc9 CCO=EFLAGS
EFER=0000000000000000
Servicing hardware INT=0x20
    48: v=20 e=0000 i=0 cpl=0 IP=0008:00104831 pc=00104831 SP=0010:00112eb4 env->regs[R_EAX]=00000064
EAX=00000064 EBX=00010000 ECX=00000000 EDX=00000064
ESI=00000000 EDI=00000000 EBP=00000000 ESP=00112eb4
EIP=00104831 EFL=00000287 [--S--PC] CPL=0 II=0 A20=1 SMM=0 HLT=0
ES =0010 00000000 ffffffff 00cf9300 DPL=0 DS   [-WA]
CS =0008 00000000 ffffffff 00cf9a00 DPL=0 CS32 [-R-]
SS =0010 00000000 ffffffff 00cf9300 DPL=0 DS   [-WA]
DS =0010 00000000 ffffffff 00cf9300 DPL=0 DS   [-WA]
FS =0010 00000000 ffffffff 00cf9300 DPL=0 DS   [-WA]
GS =0010 00000000 ffffffff 00cf9300 DPL=0 DS   [-WA]
LDT=0000 00000000 0000ffff 00008200 DPL=0 LDT
TR =0028 00113020 00000067 00008900 DPL=0 TSS32-avl
GDT=     001130a0 0000002f
IDT=     00113100 000007ff
CR0=80000011 CR2=00000000 CR3=0011f000 CR4=00000000
DR0=00000000 DR1=00000000 DR2=00000000 DR3=00000000 
DR6=ffff0ff0 DR7=00000400
CCS=00000085 CCD=ffffffca CCO=EFLAGS
EFER=0000000000000000
Servicing hardware INT=0x20
    49: v=20 e=0000 i=0 cpl=0 IP=0008:00104831 pc=00104831 SP=0010:00112eb4 env->regs[R_EAX]=00000064
EAX=00000064 EBX=00010000 ECX=00000000 EDX=00000064
ESI=00000000 EDI=00000000 EBP=00000000 ESP=00112eb4
EIP=00104831 EFL=00000283 [--S---C] CPL=0 II=0 A20=1 SMM=0 HLT=0
ES =0010 00000000 ffffffff 00cf9300 DPL=0 DS   [-WA]
CS =0008 00000000 ffffffff 00cf9a00 DPL=0 CS32 [-R-]
SS =0010 00000000 ffffffff 00cf9300 DPL=0 DS   [-WA]
DS =0010 00000000 ffffffff 00cf9300 DPL=0 DS   [-WA]
FS =0010 00000000 ffffffff 00cf9300 DPL=0 DS   [-WA]
GS =0010 00000000 ffffffff 00cf9300 DPL=0 DS   [-WA]
LDT=0000 00000000 0000ffff 00008200 DPL=0 LDT
TR =0028 00113020 00000067 00008900 DPL=0 TSS32-avl
GDT=     001130a0 0000002f
IDT=     00113100 000007ff
CR0=80000011 CR2=00000000 CR3=0011f000 CR4=00000000
DR0=00000000 DR1=00000000 DR2=00000000 DR3=00000000 
DR6=ffff0ff0 DR7=00000400
CCS=00000081 CCD=ffffffcb CCO=EFLAGS
EFER=0000000000000000
Servicing hardware INT=0x20
    50: v=20 e=0000 i=0 cpl=0 IP=0008:00104831 pc=00104831 SP=0010:00112eb4 env->regs[R_EAX]=00000064
EAX=00000064 EBX=00010000 ECX=00000000 EDX=00000064
ESI=00000000 EDI=00000000 EBP=00000000 ESP=00112eb4
EIP=00104831 EFL=00000297 [--S-APC] CPL=0 II=0 A20=1 SMM=0 HLT=0
ES =0010 00000000 ffffffff 00cf9300 DPL=0 DS   [-WA]
CS =0008 00000000 ffffffff 00cf9a00 DPL=0 CS32 [-R-]
SS =0010 00000000 ffffffff 00cf9300 DPL=0 DS   [-WA]
DS =0010 00000000 ffffffff 00cf9300 DPL=0 DS   [-WA]
FS =0010 00000000 ffffffff 00cf9300 DPL=0 DS   [-WA]
GS =0010 00000000 ffffffff 00cf9300 DPL=0 DS   [-WA]
LDT=0000 00000000 0000ffff 00008200 DPL=0 LDT
TR =0028 00113020 00000067 00008900 DPL=0 TSS32-avl
GDT=     001130a0 0000002f
IDT=     00113100 000007ff
CR0=80000011 CR2=00000000 CR3=0011f000 CR4=00000000
DR0=00000000 DR1=00000000 DR2=00000000 DR3=00000000 
DR6=ffff0ff0 DR7=00000400
CCS=00000095 CCD=ffffffcc CCO=EFLAGS
EFER=0000000000000000
Servicing hardware INT=0x20
    51: v=20 e=0000 i=0 cpl=0 IP=0008:00104831 pc=00104831 SP=0010:00112eb4 env->regs[R_EAX]=00000064
EAX=00000064 EBX=00010000 ECX=00000000 EDX=00000064
ESI=00000000 EDI=00000000 EBP=00000000 ESP=00112eb4
EIP=00104831 EFL=00000293 [--S-A-C] CPL=0 II=0 A20=1 SMM=0 HLT=0
ES =0010 00000000 ffffffff 00cf9300 DPL=0 DS   [-WA]
CS =0008 00000000 ffffffff 00cf9a00 DPL=0 CS32 [-R-]
SS =0010 00000000 ffffffff 00cf9300 DPL=0 DS   [-WA]
DS =0010 00000000 ffffffff 00cf9300 DPL=0 DS   [-WA]
FS =0010 00000000 ffffffff 00cf9300 DPL=0 DS   [-WA]
GS =0010 00000000 ffffffff 00cf9300 DPL=0 DS   [-WA]
LDT=0000 00000000 0000ffff 00008200 DPL=0 LDT
TR =0028 00113020 00000067 00008900 DPL=0 TSS32-avl
GDT=     001130a0 0000002f
IDT=     00113100 000007ff
CR0=80000011 CR2=00000000 CR3=0011f000 CR4=00000000
DR0=00000000 DR1=00000000 DR2=00000000 DR3=00000000 
DR6=ffff0ff0 DR7=00000400
CCS=00000091 CCD=ffffffcd CCO=EFLAGS
EFER=0000000000000000
Servicing hardware INT=0x20
    52: v=20 e=0000 i=0 cpl=0 IP=0008:00104831 pc=00104831 SP=0010:00112eb4 env->regs[R_EAX]=00000064
EAX=00000064 EBX=00010000 ECX=00000000 EDX=00000064
ESI=00000000 EDI=00000000 EBP=00000000 ESP=00112eb4
EIP=00104831 EFL=00000293 [--S-A-C] CPL=0 II=0 A20=1 SMM=0 HLT=0
ES =0010 00000000 ffffffff 00cf9300 DPL=0 DS   [-WA]
CS =0008 00000000 ffffffff 00cf9a00 DPL=0 CS32 [-R-]
SS =0010 00000000 ffffffff 00cf9300 DPL=0 DS   [-WA]
DS =0010 00000000 ffffffff 00cf9300 DPL=0 DS   [-WA]
FS =0010 00000000 ffffffff 00cf9300 DPL=0 DS   [-WA]
GS =0010 00000000 ffffffff 00cf9300 DPL=0 DS   [-WA]
LDT=0000 00000000 0000ffff 00008200 DPL=0 LDT
TR =0028 00113020 00000067 00008900 DPL=0 TSS32-avl
GDT=     001130a0 0000002f
IDT=     00113100 000007ff
CR0=80000011 CR2=00000000 CR3=0011f000 CR4=00000000
DR0=00000000 DR1=00000000 DR2=00000000 DR3=00000000 
DR6=ffff0ff0 DR7=00000400
CCS=00000091 CCD=ffffffce CCO=EFLAGS
EFER=0000000000000000
Servicing hardware INT=0x20
    53: v=20 e=0000 i=0 cpl=0 IP=0008:00104831 pc=00104831 SP=0010:00112eb4 env->regs[R_EAX]=00000064
EAX=00000064 EBX=00010000 ECX=00000000 EDX=00000064
ESI=00000000 EDI=00000000 EBP=00000000 ESP=00112eb4
EIP=00104831 EFL=00000297 [--S-APC] CPL=0 II=0 A20=1 SMM=0 HLT=0
ES =0010 00000000 ffffffff 00cf9300 DPL=0 DS   [-WA]
CS =0008 00000000 ffffffff 00cf9a00 DPL=0 CS32 [-R-]
SS =0010 00000000 ffffffff 00cf9300 DPL=0 DS   [-WA]
DS =0010 00000000 ffffffff 00cf9300 DPL=0 DS   [-WA]
FS =0010 00000000 ffffffff 00cf9300 DPL=0 DS   [-WA]
GS =0010 00000000 ffffffff 00cf9300 DPL=0 DS   [-WA]
LDT=0000 00000000 0000ffff 00008200 DPL=0 LDT
TR =0028 00113020 00000067 00008900 DPL=0 TSS32-avl
GDT=     001130a0 0000002f
IDT=     00113100 000007ff
CR0=80000011 CR2=00000000 CR3=0011f000 CR4=00000000
DR0=00000000 DR1=00000000 DR2=00000000 DR3=00000000 
DR6=ffff0ff0 DR7=00000400
CCS=00000095 CCD=ffffffcf CCO=EFLAGS
EFER=0000000000000000
Servicing hardware INT=0x20
    54: v=20 e=0000 i=0 cpl=0 IP=0008:00104831 pc=00104831 SP=0010:00112eb4 env->regs[R_EAX]=00000064
EAX=00000064 EBX=00010000 ECX=00000000 EDX=00000064
ESI=00000000 EDI=00000000 EBP=00000000 ESP=00112eb4
EIP=00104831 EFL=00000283 [--S---C] CPL=0 II=0 A20=1 SMM=0 HLT=0
ES =0010 00000000 ffffffff 00cf9300 DPL=0 DS   [-WA]
CS =0008 00000000 ffffffff 00cf9a00 DPL=0 CS32 [-R-]
SS =0010 00000000 ffffffff 00cf9300 DPL=0 DS   [-WA]
DS =0010 00000000 ffffffff 00cf9300 DPL=0 DS   [-WA]
FS =0010 00000000 ffffffff 00cf9300 DPL=0 DS   [-WA]
GS =0010 00000000 ffffffff 00cf9300 DPL=0 DS   [-WA]
LDT=0000 00000000 0000ffff 00008200 DPL=0 LDT
TR =0028 00113020 00000067 00008900 DPL=0 TSS32-avl
GDT=     001130a0 0000002f
IDT=     00113100 000007ff
CR0=80000011 CR2=00000000 CR3=0011f000 CR4=00000000
DR0=00000000 DR1=00000000 DR2=00000000 DR3=00000000 
DR6=ffff0ff0 DR7=00000400
CCS=00000081 CCD=ffffffd0 CCO=EFLAGS
EFER=0000000000000000
Servicing hardware INT=0x20
    55: v=20 e=0000 i=0 cpl=0 IP=0008:00104831 pc=00104831 SP=0010:00112eb4 env->regs[R_EAX]=00000064
EAX=00000064 EBX=00010000 ECX=00000000 EDX=00000064
ESI=00000000 EDI=00000000 EBP=00000000 ESP=00112eb4
EIP=00104831 EFL=00000287 [--S--PC] CPL=0 II=0 A20=1 SMM=0 HLT=0
ES =0010 00000000 ffffffff 00cf9300 DPL=0 DS   [-WA]
CS =0008 00000000 ffffffff 00cf9a00 DPL=0 CS32 [-R-]
SS =0010 00000000 ffffffff 00cf9300 DPL=0 DS   [-WA]
DS =0010 00000000 ffffffff 00cf9300 DPL=0 DS   [-WA]
FS =0010 00000000 ffffffff 00cf9300 DPL=0 DS   [-WA]
GS =0010 00000000 ffffffff 00cf9300 DPL=0 DS   [-WA]
LDT=0000 00000000 0000ffff 00008200 DPL=0 LDT
TR =0028 00113020 00000067 00008900 DPL=0 TSS32-avl
GDT=     001130a0 0000002f
IDT=     00113100 000007ff
CR0=80000011 CR2=00000000 CR3=0011f000 CR4=00000000
DR0=00000000 DR1=00000000 DR2=00000000 DR3=00000000 
DR6=ffff0ff0 DR7=00000400
CCS=00000085 CCD=ffffffd1 CCO=EFLAGS
EFER=0000000000000000
Servicing hardware INT=0x20
    56: v=20 e=0000 i=0 cpl=0 IP=0008:00104831 pc=00104831 SP=0010:00112eb4 env->regs[R_EAX]=00000064
EAX=00000064 EBX=00010000 ECX=00000000 EDX=00000064
ESI=00000000 EDI=00000000 EBP=00000000 ESP=00112eb4
EIP=00104831 EFL=00000287 [--S--PC] CPL=0 II=0 A20=1 SMM=0 HLT=0
ES =0010 00000000 ffffffff 00cf9300 DPL=0 DS   [-WA]
CS =0008 00000000 ffffffff 00cf9a00 DPL=0 CS32 [-R-]
SS =0010 00000000 ffffffff 00cf9300 DPL=0 DS   [-WA]
DS =0010 00000000 ffffffff 00cf9300 DPL=0 DS   [-WA]
FS =0010 00000000 ffffffff 00cf9300 DPL=0 DS   [-WA]
GS =0010 00000000 ffffffff 00cf9300 DPL=0 DS   [-WA]
LDT=0000 00000000 0000ffff 00008200 DPL=0 LDT
TR =0028 00113020 00000067 00008900 DPL=0 TSS32-avl
GDT=     001130a0 0000002f
IDT=     00113100 000007ff
CR0=80000011 CR2=00000000 CR3=0011f000 CR4=00000000
DR0=00000000 DR1=00000000 DR2=00000000 DR3=00000000 
DR6=ffff0ff0 DR7=00000400
CCS=00000085 CCD=ffffffd2 CCO=EFLAGS
EFER=0000000000000000
Servicing hardware INT=0x20
    57: v=20 e=0000 i=0 cpl=0 IP=0008:00104831 pc=00104831 SP=0010:00112eb4 env->regs[R_EAX]=00000064
EAX=00000064 EBX=00010000 ECX=00000000 EDX=00000064
ESI=00000000 EDI=00000000 EBP=00000000 ESP=00112eb4
EIP=00104831 EFL=00000283 [--S---C] CPL=0 II=0 A20=1 SMM=0 HLT=0
ES =0010 00000000 ffffffff 00cf9300 DPL=0 DS   [-WA]
CS =0008 00000000 ffffffff 00cf9a00 DPL=0 CS32 [-R-]
SS =0010 00000000 ffffffff 00cf9300 DPL=0 DS   [-WA]
DS =0010 00000000 ffffffff 00cf9300 DPL=0 DS   [-WA]
FS =0010 00000000 ffffffff 00cf9300 DPL=0 DS   [-WA]
GS =0010 00000000 ffffffff 00cf9300 DPL=0 DS   [-WA]
LDT=0000 00000000 0000ffff 00008200 DPL=0 LDT
TR =0028 00113020 00000067 00008900 DPL=0 TSS32-avl
GDT=     001130a0 0000002f
IDT=     00113100 000007ff
CR0=80000011 CR2=00000000 CR3=0011f000 CR4=00000000
DR0=00000000 DR1=00000000 DR2=00000000 DR3=00000000 
DR6=ffff0ff0 DR7=00000400
CCS=00000081 CCD=ffffffd3 CCO=EFLAGS
EFER=0000000000000000
Servicing hardware INT=0x20
    58: v=20 e=0000 i=0 cpl=0 IP=0008:00104831 pc=00104831 SP=0010:00112eb4 env->regs[R_EAX]=00000064
EAX=00000064 EBX=00010000 ECX=00000000 EDX=00000064
ESI=00000000 EDI=00000000 EBP=00000000 ESP=00112eb4
EIP=00104831 EFL=00000287 [--S--PC] CPL=0 II=0 A20=1 SMM=0 HLT=0
ES =0010 00000000 ffffffff 00cf9300 DPL=0 DS   [-WA]
CS =0008 00000000 ffffffff 00cf9a00 DPL=0 CS32 [-R-]
SS =0010 00000000 ffffffff 00cf9300 DPL=0 DS   [-WA]
DS =0010 00000000 ffffffff 00cf9300 DPL=0 DS   [-WA]
FS =0010 00000000 ffffffff 00cf9300 DPL=0 DS   [-WA]
GS =0010 00000000 ffffffff 00cf9300 DPL=0 DS   [-WA]
LDT=0000 00000000 0000ffff 00008200 DPL=0 LDT
TR =0028 00113020 00000067 00008900 DPL=0 TSS32-avl
GDT=     001130a0 0000002f
IDT=     00113100 000007ff
CR0=80000011 CR2=00000000 CR3=0011f000 CR4=00000000
DR0=00000000 DR1=00000000 DR2=00000000 DR3=00000000 
DR6=ffff0ff0 DR7=00000400
CCS=00000085 CCD=ffffffd4 CCO=EFLAGS
EFER=0000000000000000
Servicing hardware INT=0x20
    59: v=20 e=0000 i=0 cpl=0 IP=0008:00104831 pc=00104831 SP=0010:00112eb4 env->regs[R_EAX]=00000064
EAX=00000064 EBX=00010000 ECX=00000000 EDX=00000064
ESI=00000000 EDI=00000000 EBP=00000000 ESP=00112eb4
EIP=00104831 EFL=00000283 [--S---C] CPL=0 II=0 A20=1 SMM=0 HLT=0
ES =0010 00000000 ffffffff 00cf9300 DPL=0 DS   [-WA]
CS =0008 00000000 ffffffff 00cf9a00 DPL=0 CS32 [-R-]
SS =0010 00000000 ffffffff 00cf9300 DPL=0 DS   [-WA]
DS =0010 00000000 ffffffff 00cf9300 DPL=0 DS   [-WA]
FS =0010 00000000 ffffffff 00cf9300 DPL=0 DS   [-WA]
GS =0010 00000000 ffffffff 00cf9300 DPL=0 DS   [-WA]
LDT=0000 00000000 0000ffff 00008200 DPL=0 LDT
TR =0028 00113020 00000067 00008900 DPL=0 TSS32-avl
GDT=     001130a0 0000002f
IDT=     00113100 000007ff
CR0=80000011 CR2=00000000 CR3=0011f000 CR4=00000000
DR0=00000000 DR1=00000000 DR2=00000000 DR3=00000000 
DR6=ffff0ff0 DR7=00000400
CCS=00000081 CCD=ffffffd5 CCO=EFLAGS
EFER=0000000000000000
Servicing hardware INT=0x20
    60: v=20 e=0000 i=0 cpl=0 IP=0008:00104831 pc=00104831 SP=0010:00112eb4 env->regs[R_EAX]=00000064
EAX=00000064 EBX=00010000 ECX=00000000 EDX=00000064
ESI=00000000 EDI=00000000 EBP=00000000 ESP=00112eb4
EIP=00104831 EFL=00000283 [--S---C] CPL=0 II=0 A20=1 SMM=0 HLT=0
ES =0010 00000000 ffffffff 00cf9300 DPL=0 DS   [-WA]
CS =0008 00000000 ffffffff 00cf9a00 DPL=0 CS32 [-R-]
SS =0010 00000000 ffffffff 00cf9300 DPL=0 DS   [-WA]
DS =0010 00000000 ffffffff 00cf9300 DPL=0 DS   [-WA]
FS =0010 00000000 ffffffff 00cf9300 DPL=0 DS   [-WA]
GS =0010 00000000 ffffffff 00cf9300 DPL=0 DS   [-WA]
LDT=0000 00000000 0000ffff 00008200 DPL=0 LDT
TR =0028 00113020 00000067 00008900 DPL=0 TSS32-avl
GDT=     001130a0 0000002f
IDT=     00113100 000007ff
CR0=80000011 CR2=00000000 CR3=0011f000 CR4=00000000
DR0=00000000 DR1=00000000 DR2=00000000 DR3=00000000 
DR6=ffff0ff0 DR7=00000400
CCS=00000081 CCD=ffffffd6 CCO=EFLAGS
EFER=0000000000000000
Servicing hardware INT=0x20
    61: v=20 e=0000 i=0 cpl=0 IP=0008:00104831 pc=00104831 SP=0010:00112eb4 env->regs[R_EAX]=00000064
EAX=00000064 EBX=00010000 ECX=00000000 EDX=00000064
ESI=00000000 EDI=00000000 EBP=00000000 ESP=00112eb4
EIP=00104831 EFL=00000287 [--S--PC] CPL=0 II=0 A20=1 SMM=0 HLT=0
ES =0010 00000000 ffffffff 00cf9300 DPL=0 DS   [-WA]
CS =0008 00000000 ffffffff 00cf9a00 DPL=0 CS32 [-R-]
SS =0010 00000000 ffffffff 00cf9300 DPL=0 DS   [-WA]
DS =0010 00000000 ffffffff 00cf9300 DPL=0 DS   [-WA]
FS =0010 00000000 ffffffff 00cf9300 DPL=0 DS   [-WA]
GS =0010 00000000 ffffffff 00cf9300 DPL=0 DS   [-WA]
LDT=0000 00000000 0000ffff 00008200 DPL=0 LDT
TR =0028 00113020 00000067 00008900 DPL=0 TSS32-avl
GDT=     001130a0 0000002f
IDT=     00113100 000007ff
CR0=80000011 CR2=00000000 CR3=0011f000 CR4=00000000
DR0=00000000 DR1=00000000 DR2=00000000 DR3=00000000 
DR6=ffff0ff0 DR7=00000400
CCS=00000085 CCD=ffffffd7 CCO=EFLAGS
EFER=0000000000000000
Servicing hardware INT=0x20
    62: v=20 e=0000 i=0 cpl=0 IP=0008:00104831 pc=00104831 SP=0010:00112eb4 env->regs[R_EAX]=00000064
EAX=00000064 EBX=00010000 ECX=00000000 EDX=00000064
ESI=00000000 EDI=00000000 EBP=00000000 ESP=00112eb4
EIP=00104831 EFL=00000287 [--S--PC] CPL=0 II=0 A20=1 SMM=0 HLT=0
ES =0010 00000000 ffffffff 00cf9300 DPL=0 DS   [-WA]
CS =0008 00000000 ffffffff 00cf9a00 DPL=0 CS32 [-R-]
SS =0010 00000000 ffffffff 00cf9300 DPL=0 DS   [-WA]
DS =0010 00000000 ffffffff 00cf9300 DPL=0 DS   [-WA]
FS =0010 00000000 ffffffff 00cf9300 DPL=0 DS   [-WA]
GS =0010 00000000 ffffffff 00cf9300 DPL=0 DS   [-WA]
LDT=0000 00000000 0000ffff 00008200 DPL=0 LDT
TR =0028 00113020 00000067 00008900 DPL=0 TSS32-avl
GDT=     001130a0 0000002f
IDT=     00113100 000007ff
CR0=80000011 CR2=00000000 CR3=0011f000 CR4=00000000
DR0=00000000 DR1=00000000 DR2=00000000 DR3=00000000 
DR6=ffff0ff0 DR7=00000400
CCS=00000085 CCD=ffffffd8 CCO=EFLAGS
EFER=0000000000000000
Servicing hardware INT=0x20
    63: v=20 e=0000 i=0 cpl=0 IP=0008:00104831 pc=00104831 SP=0010:00112eb4 env->regs[R_EAX]=00000064
EAX=00000064 EBX=00010000 ECX=00000000 EDX=00000064
ESI=00000000 EDI=00000000 EBP=00000000 ESP=00112eb4
EIP=00104831 EFL=00000283 [--S---C] CPL=0 II=0 A20=1 SMM=0 HLT=0
ES =0010 00000000 ffffffff 00cf9300 DPL=0 DS   [-WA]
CS =0008 00000000 ffffffff 00cf9a00 DPL=0 CS32 [-R-]
SS =0010 00000000 ffffffff 00cf9300 DPL=0 DS   [-WA]
DS =0010 00000000 ffffffff 00cf9300 DPL=0 DS   [-WA]
FS =0010 00000000 ffffffff 00cf9300 DPL=0 DS   [-WA]
GS =0010 00000000 ffffffff 00cf9300 DPL=0 DS   [-WA]
LDT=0000 00000000 0000ffff 00008200 DPL=0 LDT
TR =0028 00113020 00000067 00008900 DPL=0 TSS32-avl
GDT=     001130a0 0000002f
IDT=     00113100 000007ff
CR0=80000011 CR2=00000000 CR3=0011f000 CR4=00000000
DR0=00000000 DR1=00000000 DR2=00000000 DR3=00000000 
DR6=ffff0ff0 DR7=00000400
CCS=00000081 CCD=ffffffd9 CCO=EFLAGS
EFER=0000000000000000
Servicing hardware INT=0x20
    64: v=20 e=0000 i=0 cpl=0 IP=0008:00104831 pc=00104831 SP=0010:00112eb4 env->regs[R_EAX]=00000064
EAX=00000064 EBX=00010000 ECX=00000000 EDX=00000064
ESI=00000000 EDI=00000000 EBP=00000000 ESP=00112eb4
EIP=00104831 EFL=00000283 [--S---C] CPL=0 II=0 A20=1 SMM=0 HLT=0
ES =0010 00000000 ffffffff 00cf9300 DPL=0 DS   [-WA]
CS =0008 00000000 ffffffff 00cf9a00 DPL=0 CS32 [-R-]
SS =0010 00000000 ffffffff 00cf9300 DPL=0 DS   [-WA]
DS =0010 00000000 ffffffff 00cf9300 DPL=0 DS   [-WA]
FS =0010 00000000 ffffffff 00cf9300 DPL=0 DS   [-WA]
GS =0010 00000000 ffffffff 00cf9300 DPL=0 DS   [-WA]
LDT=0000 00000000 0000ffff 00008200 DPL=0 LDT
TR =0028 00113020 00000067 00008900 DPL=0 TSS32-avl
GDT=     001130a0 0000002f
IDT=     00113100 000007ff
CR0=80000011 CR2=00000000 CR3=0011f000 CR4=00000000
DR0=00000000 DR1=00000000 DR2=00000000 DR3=00000000 
DR6=ffff0ff0 DR7=00000400
CCS=00000081 CCD=ffffffda CCO=EFLAGS
EFER=0000000000000000
Servicing hardware INT=0x20
    65: v=20 e=0000 i=0 cpl=0 IP=0008:00104831 pc=00104831 SP=0010:00112eb4 env->regs[R_EAX]=00000064
EAX=00000064 EBX=00010000 ECX=00000000 EDX=00000064
ESI=00000000 EDI=00000000 EBP=00000000 ESP=00112eb4
EIP=00104831 EFL=00000287 [--S--PC] CPL=0 II=0 A20=1 SMM=0 HLT=0
ES =0010 00000000 ffffffff 00cf9300 DPL=0 DS   [-WA]
CS =0008 00000000 ffffffff 00cf9a00 DPL=0 CS32 [-R-]
SS =0010 00000000 ffffffff 00cf9300 DPL=0 DS   [-WA]
DS =0010 00000000 ffffffff 00cf9300 DPL=0 DS   [-WA]
FS =0010 00000000 ffffffff 00cf9300 DPL=0 DS   [-WA]
GS =0010 00000000 ffffffff 00cf9300 DPL=0 DS   [-WA]
LDT=0000 00000000 0000ffff 00008200 DPL=0 LDT
TR =0028 00113020 00000067 00008900 DPL=0 TSS32-avl
GDT=     001130a0 0000002f
IDT=     00113100 000007ff
CR0=80000011 CR2=00000000 CR3=0011f000 CR4=00000000
DR0=00000000 DR1=00000000 DR2=00000000 DR3=00000000 
DR6=ffff0ff0 DR7=00000400
CCS=00000085 CCD=ffffffdb CCO=EFLAGS
EFER=0000000000000000
Servicing hardware INT=0x20
    66: v=20 e=0000 i=0 cpl=0 IP=0008:00104831 pc=00104831 SP=0010:00112eb4 env->regs[R_EAX]=00000064
EAX=00000064 EBX=00010000 ECX=00000000 EDX=00000064
ESI=00000000 EDI=00000000 EBP=00000000 ESP=00112eb4
EIP=00104831 EFL=00000293 [--S-A-C] CPL=0 II=0 A20=1 SMM=0 HLT=0
ES =0010 00000000 ffffffff 00cf9300 DPL=0 DS   [-WA]
CS =0008 00000000 ffffffff 00cf9a00 DPL=0 CS32 [-R-]
SS =0010 00000000 ffffffff 00cf9300 DPL=0 DS   [-WA]
DS =0010 00000000 ffffffff 00cf9300 DPL=0 DS   [-WA]
FS =0010 00000000 ffffffff 00cf9300 DPL=0 DS   [-WA]
GS =0010 00000000 ffffffff 00cf9300 DPL=0 DS   [-WA]
LDT=0000 00000000 0000ffff 00008200 DPL=0 LDT
TR =0028 00113020 00000067 00008900 DPL=0 TSS32-avl
GDT=     001130a0 0000002f
IDT=     00113100 000007ff
CR0=80000011 CR2=00000000 CR3=0011f000 CR4=00000000
DR0=00000000 DR1=00000000 DR2=00000000 DR3=00000000 
DR6=ffff0ff0 DR7=00000400
CCS=00000091 CCD=ffffffdc CCO=EFLAGS
EFER=0000000000000000
Servicing hardware INT=0x20
    67: v=20 e=0000 i=0 cpl=0 IP=0008:00104831 pc=00104831 SP=0010:00112eb4 env->regs[R_EAX]=00000064
EAX=00000064 EBX=00010000 ECX=00000000 EDX=00000064
ESI=00000000 EDI=00000000 EBP=00000000 ESP=00112eb4
EIP=00104831 EFL=00000297 [--S-APC] CPL=0 II=0 A20=1 SMM=0 HLT=0
ES =0010 00000000 ffffffff 00cf9300 DPL=0 DS   [-WA]
CS =0008 00000000 ffffffff 00cf9a00 DPL=0 CS32 [-R-]
SS =0010 00000000 ffffffff 00cf9300 DPL=0 DS   [-WA]
DS =0010 00000000 ffffffff 00cf9300 DPL=0 DS   [-WA]
FS =0010 00000000 ffffffff 00cf9300 DPL=0 DS   [-WA]
GS =0010 00000000 ffffffff 00cf9300 DPL=0 DS   [-WA]
LDT=0000 00000000 0000ffff 00008200 DPL=0 LDT
TR =0028 00113020 00000067 00008900 DPL=0 TSS32-avl
GDT=     001130a0 0000002f
IDT=     00113100 000007ff
CR0=80000011 CR2=00000000 CR3=0011f000 CR4=00000000
DR0=00000000 DR1=00000000 DR2=00000000 DR3=00000000 
DR6=ffff0ff0 DR7=00000400
CCS=00000095 CCD=ffffffdd CCO=EFLAGS
EFER=0000000000000000
Servicing hardware INT=0x20
    68: v=20 e=0000 i=0 cpl=0 IP=0008:00104831 pc=00104831 SP=0010:00112eb4 env->regs[R_EAX]=00000064
EAX=00000064 EBX=00010000 ECX=00000000 EDX=00000064
ESI=00000000 EDI=00000000 EBP=00000000 ESP=00112eb4
EIP=00104831 EFL=00000297 [--S-APC] CPL=0 II=0 A20=1 SMM=0 HLT=0
ES =0010 00000000 ffffffff 00cf9300 DPL=0 DS   [-WA]
CS =0008 00000000 ffffffff 00cf9a00 DPL=0 CS32 [-R-]
SS =0010 00000000 ffffffff 00cf9300 DPL=0 DS   [-WA]
DS =0010 00000000 ffffffff 00cf9300 DPL=0 DS   [-WA]
FS =0010 00000000 ffffffff 00cf9300 DPL=0 DS   [-WA]
GS =0010 00000000 ffffffff 00cf9300 DPL=0 DS   [-WA]
LDT=0000 00000000 0000ffff 00008200 DPL=0 LDT
TR =0028 00113020 00000067 00008900 DPL=0 TSS32-avl
GDT=     001130a0 0000002f
IDT=     00113100 000007ff
CR0=80000011 CR2=00000000 CR3=0011f000 CR4=00000000
DR0=00000000 DR1=00000000 DR2=00000000 DR3=00000000 
DR6=ffff0ff0 DR7=00000400
CCS=00000095 CCD=ffffffde CCO=EFLAGS
EFER=0000000000000000
Servicing hardware INT=0x20
    69: v=20 e=0000 i=0 cpl=0 IP=0008:00104831 pc=00104831 SP=0010:00112eb4 env->regs[R_EAX]=00000064
EAX=00000064 EBX=00010000 ECX=00000000 EDX=00000064
ESI=00000000 EDI=00000000 EBP=00000000 ESP=00112eb4
EIP=00104831 EFL=00000293 [--S-A-C] CPL=0 II=0 A20=1 SMM=0 HLT=0
ES =0010 00000000 ffffffff 00cf9300 DPL=0 DS   [-WA]
CS =0008 00000000 ffffffff 00cf9a00 DPL=0 CS32 [-R-]
SS =0010 00000000 ffffffff 00cf9300 DPL=0 DS   [-WA]
DS =0010 00000000 ffffffff 00cf9300 DPL=0 DS   [-WA]
FS =0010 00000000 ffffffff 00cf9300 DPL=0 DS   [-WA]
GS =0010 00000000 ffffffff 00cf9300 DPL=0 DS   [-WA]
LDT=0000 00000000 0000ffff 00008200 DPL=0 LDT
TR =0028 00113020 00000067 00008900 DPL=0 TSS32-avl
GDT=     001130a0 0000002f
IDT=     00113100 000007ff
CR0=80000011 CR2=00000000 CR3=0011f000 CR4=00000000
DR0=00000000 DR1=00000000 DR2=00000000 DR3=00000000 
DR6=ffff0ff0 DR7=00000400
CCS=00000091 CCD=ffffffdf CCO=EFLAGS
EFER=0000000000000000
Servicing hardware INT=0x20
    70: v=20 e=0000 i=0 cpl=0 IP=0008:00104831 pc=00104831 SP=0010:00112eb4 env->regs[R_EAX]=00000064
EAX=00000064 EBX=00010000 ECX=00000000 EDX=00000064
ESI=00000000 EDI=00000000 EBP=00000000 ESP=00112eb4
EIP=00104831 EFL=00000283 [--S---C] CPL=0 II=0 A20=1 SMM=0 HLT=0
ES =0010 00000000 ffffffff 00cf9300 DPL=0 DS   [-WA]
CS =0008 00000000 ffffffff 00cf9a00 DPL=0 CS32 [-R-]
SS =0010 00000000 ffffffff 00cf9300 DPL=0 DS   [-WA]
DS =0010 00000000 ffffffff 00cf9300 DPL=0 DS   [-WA]
FS =0010 00000000 ffffffff 00cf9300 DPL=0 DS   [-WA]
GS =0010 00000000 ffffffff 00cf9300 DPL=0 DS   [-WA]
LDT=0000 00000000 0000ffff 00008200 DPL=0 LDT
TR =0028 00113020 00000067 00008900 DPL=0 TSS32-avl
GDT=     001130a0 0000002f
IDT=     00113100 000007ff
CR0=80000011 CR2=00000000 CR3=0011f000 CR4=00000000
DR0=00000000 DR1=00000000 DR2=00000000 DR3=00000000 
DR6=ffff0ff0 DR7=00000400
CCS=00000081 CCD=ffffffe0 CCO=EFLAGS
EFER=0000000000000000
Servicing hardware INT=0x20
    71: v=20 e=0000 i=0 cpl=0 IP=0008:00104831 pc=00104831 SP=0010:00112eb4 env->regs[R_EAX]=00000064
EAX=00000064 EBX=00010000 ECX=00000000 EDX=00000064
ESI=00000000 EDI=00000000 EBP=00000000 ESP=00112eb4
EIP=00104831 EFL=00000287 [--S--PC] CPL=0 II=0 A20=1 SMM=0 HLT=0
ES =0010 00000000 ffffffff 00cf9300 DPL=0 DS   [-WA]
CS =0008 00000000 ffffffff 00cf9a00 DPL=0 CS32 [-R-]
SS =0010 00000000 ffffffff 00cf9300 DPL=0 DS   [-WA]
DS =0010 00000000 ffffffff 00cf9300 DPL=0 DS   [-WA]
FS =0010 00000000 ffffffff 00cf9300 DPL=0 DS   [-WA]
GS =0010 00000000 ffffffff 00cf9300 DPL=0 DS   [-WA]
LDT=0000 00000000 0000ffff 00008200 DPL=0 LDT
TR =0028 00113020 00000067 00008900 DPL=0 TSS32-avl
GDT=     001130a0 0000002f
IDT=     00113100 000007ff
CR0=80000011 CR2=00000000 CR3=0011f000 CR4=00000000
DR0=00000000 DR1=00000000 DR2=00000000 DR3=00000000 
DR6=ffff0ff0 DR7=00000400
CCS=00000085 CCD=ffffffe1 CCO=EFLAGS
EFER=0000000000000000
Servicing hardware INT=0x20
    72: v=20 e=0000 i=0 cpl=0 IP=0008:00104831 pc=00104831 SP=0010:00112eb4 env->regs[R_EAX]=00000064
EAX=00000064 EBX=00010000 ECX=00000000 EDX=00000064
ESI=00000000 EDI=00000000 EBP=00000000 ESP=00112eb4
EIP=00104831 EFL=00000287 [--S--PC] CPL=0 II=0 A20=1 SMM=0 HLT=0
ES =0010 00000000 ffffffff 00cf9300 DPL=0 DS   [-WA]
CS =0008 00000000 ffffffff 00cf9a00 DPL=0 CS32 [-R-]
SS =0010 00000000 ffffffff 00cf9300 DPL=0 DS   [-WA]
DS =0010 00000000 ffffffff 00cf9300 DPL=0 DS   [-WA]
FS =0010 00000000 ffffffff 00cf9300 DPL=0 DS   [-WA]
GS =0010 00000000 ffffffff 00cf9300 DPL=0 DS   [-WA]
LDT=0000 00000000 0000ffff 00008200 DPL=0 LDT
TR =0028 00113020 00000067 00008900 DPL=0 TSS32-avl
GDT=     001130a0 0000002f
IDT=     00113100 000007ff
CR0=80000011 CR2=00000000 CR3=0011f000 CR4=00000000
DR0=00000000 DR1=00000000 DR2=00000000 DR3=00000000 
DR6=ffff0ff0 DR7=00000400
CCS=00000085 CCD=ffffffe2 CCO=EFLAGS
EFER=0000000000000000
Servicing hardware INT=0x20
    73: v=20 e=0000 i=0 cpl=0 IP=0008:00104831 pc=00104831 SP=0010:00112eb4 env->regs[R_EAX]=00000064
EAX=00000064 EBX=00010000 ECX=00000000 EDX=00000064
ESI=00000000 EDI=00000000 EBP=00000000 ESP=00112eb4
EIP=00104831 EFL=00000283 [--S---C] CPL=0 II=0 A20=1 SMM=0 HLT=0
ES =0010 00000000 ffffffff 00cf9300 DPL=0 DS   [-WA]
CS =0008 00000000 ffffffff 00cf9a00 DPL=0 CS32 [-R-]
SS =0010 00000000 ffffffff 00cf9300 DPL=0 DS   [-WA]
DS =0010 00000000 ffffffff 00cf9300 DPL=0 DS   [-WA]
FS =0010 00000000 ffffffff 00cf9300 DPL=0 DS   [-WA]
GS =0010 00000000 ffffffff 00cf9300 DPL=0 DS   [-WA]
LDT=0000 00000000 0000ffff 00008200 DPL=0 LDT
TR =0028 00113020 00000067 00008900 DPL=0 TSS32-avl
GDT=     001130a0 0000002f
IDT=     00113100 000007ff
CR0=80000011 CR2=00000000 CR3=0011f000 CR4=00000000
DR0=00000000 DR1=00000000 DR2=00000000 DR3=00000000 
DR6=ffff0ff0 DR7=00000400
CCS=00000081 CCD=ffffffe3 CCO=EFLAGS
EFER=0000000000000000
Servicing hardware INT=0x20
    74: v=20 e=0000 i=0 cpl=0 IP=0008:00104831 pc=00104831 SP=0010:00112eb4 env->regs[R_EAX]=00000064
EAX=00000064 EBX=00010000 ECX=00000000 EDX=00000064
ESI=00000000 EDI=00000000 EBP=00000000 ESP=00112eb4
EIP=00104831 EFL=00000287 [--S--PC] CPL=0 II=0 A20=1 SMM=0 HLT=0
ES =0010 00000000 ffffffff 00cf9300 DPL=0 DS   [-WA]
CS =0008 00000000 ffffffff 00cf9a00 DPL=0 CS32 [-R-]
SS =0010 00000000 ffffffff 00cf9300 DPL=0 DS   [-WA]
DS =0010 00000000 ffffffff 00cf9300 DPL=0 DS   [-WA]
FS =0010 00000000 ffffffff 00cf9300 DPL=0 DS   [-WA]
GS =0010 00000000 ffffffff 00cf9300 DPL=0 DS   [-WA]
LDT=0000 00000000 0000ffff 00008200 DPL=0 LDT
TR =0028 00113020 00000067 00008900 DPL=0 TSS32-avl
GDT=     001130a0 0000002f
IDT=     00113100 000007ff
CR0=80000011 CR2=00000000 CR3=0011f000 CR4=00000000
DR0=00000000 DR1=00000000 DR2=00000000 DR3=00000000 
DR6=ffff0ff0 DR7=00000400
CCS=00000085 CCD=ffffffe4 CCO=EFLAGS
EFER=0000000000000000
Servicing hardware INT=0x20
    75: v=20 e=0000 i=0 cpl=0 IP=0008:00104831 pc=00104831 SP=0010:00112eb4 env->regs[R_EAX]=00000064
EAX=00000064 EBX=00010000 ECX=00000000 EDX=00000064
ESI=00000000 EDI=00000000 EBP=00000000 ESP=00112eb4
EIP=00104831 EFL=00000283 [--S---C] CPL=0 II=0 A20=1 SMM=0 HLT=0
ES =0010 00000000 ffffffff 00cf9300 DPL=0 DS   [-WA]
CS =0008 00000000 ffffffff 00cf9a00 DPL=0 CS32 [-R-]
SS =0010 00000000 ffffffff 00cf9300 DPL=0 DS   [-WA]
DS =0010 00000000 ffffffff 00cf9300 DPL=0 DS   [-WA]
FS =0010 00000000 ffffffff 00cf9300 DPL=0 DS   [-WA]
GS =0010 00000000 ffffffff 00cf9300 DPL=0 DS   [-WA]
LDT=0000 00000000 0000ffff 00008200 DPL=0 LDT
TR =0028 00113020 00000067 00008900 DPL=0 TSS32-avl
GDT=     001130a0 0000002f
IDT=     00113100 000007ff
CR0=80000011 CR2=00000000 CR3=0011f000 CR4=00000000
DR0=00000000 DR1=00000000 DR2=00000000 DR3=00000000 
DR6=ffff0ff0 DR7=00000400
CCS=00000081 CCD=ffffffe5 CCO=EFLAGS
EFER=0000000000000000
Servicing hardware INT=0x20
    76: v=20 e=0000 i=0 cpl=0 IP=0008:00104831 pc=00104831 SP=0010:00112eb4 env->regs[R_EAX]=00000064
EAX=00000064 EBX=00010000 ECX=00000000 EDX=00000064
ESI=00000000 EDI=00000000 EBP=00000000 ESP=00112eb4
EIP=00104831 EFL=00000283 [--S---C] CPL=0 II=0 A20=1 SMM=0 HLT=0
ES =0010 00000000 ffffffff 00cf9300 DPL=0 DS   [-WA]
CS =0008 00000000 ffffffff 00cf9a00 DPL=0 CS32 [-R-]
SS =0010 00000000 ffffffff 00cf9300 DPL=0 DS   [-WA]
DS =0010 00000000 ffffffff 00cf9300 DPL=0 DS   [-WA]
FS =0010 00000000 ffffffff 00cf9300 DPL=0 DS   [-WA]
GS =0010 00000000 ffffffff 00cf9300 DPL=0 DS   [-WA]
LDT=0000 00000000 0000ffff 00008200 DPL=0 LDT
TR =0028 00113020 00000067 00008900 DPL=0 TSS32-avl
GDT=     001130a0 0000002f
IDT=     00113100 000007ff
CR0=80000011 CR2=00000000 CR3=0011f000 CR4=00000000
DR0=00000000 DR1=00000000 DR2=00000000 DR3=00000000 
DR6=ffff0ff0 DR7=00000400
CCS=00000081 CCD=ffffffe6 CCO=EFLAGS
EFER=0000000000000000
Servicing hardware INT=0x20
    77: v=20 e=0000 i=0 cpl=0 IP=0008:00104831 pc=00104831 SP=0010:00112eb4 env->regs[R_EAX]=00000064
EAX=00000064 EBX=00010000 ECX=00000000 EDX=00000064
ESI=00000000 EDI=00000000 EBP=00000000 ESP=00112eb4
EIP=00104831 EFL=00000287 [--S--PC] CPL=0 II=0 A20=1 SMM=0 HLT=0
ES =0010 00000000 ffffffff 00cf9300 DPL=0 DS   [-WA]
CS =0008 00000000 ffffffff 00cf9a00 DPL=0 CS32 [-R-]
SS =0010 00000000 ffffffff 00cf9300 DPL=0 DS   [-WA]
DS =0010 00000000 ffffffff 00cf9300 DPL=0 DS   [-WA]
FS =0010 00000000 ffffffff 00cf9300 DPL=0 DS   [-WA]
GS =0010 00000000 ffffffff 00cf9300 DPL=0 DS   [-WA]
LDT=0000 00000000 0000ffff 00008200 DPL=0 LDT
TR =0028 00113020 00000067 00008900 DPL=0 TSS32-avl
GDT=     001130a0 0000002f
IDT=     00113100 000007ff
CR0=80000011 CR2=00000000 CR3=0011f000 CR4=00000000
DR0=00000000 DR1=00000000 DR2=00000000 DR3=00000000 
DR6=ffff0ff0 DR7=00000400
CCS=00000085 CCD=ffffffe7 CCO=EFLAGS
EFER=0000000000000000
Servicing hardware INT=0x20
    78: v=20 e=0000 i=0 cpl=0 IP=0008:00104831 pc=00104831 SP=0010:00112eb4 env->regs[R_EAX]=00000064
EAX=00000064 EBX=00010000 ECX=00000000 EDX=00000064
ESI=00000000 EDI=00000000 EBP=00000000 ESP=00112eb4
EIP=00104831 EFL=00000287 [--S--PC] CPL=0 II=0 A20=1 SMM=0 HLT=0
ES =0010 00000000 ffffffff 00cf9300 DPL=0 DS   [-WA]
CS =0008 00000000 ffffffff 00cf9a00 DPL=0 CS32 [-R-]
SS =0010 00000000 ffffffff 00cf9300 DPL=0 DS   [-WA]
DS =0010 00000000 ffffffff 00cf9300 DPL=0 DS   [-WA]
FS =0010 00000000 ffffffff 00cf9300 DPL=0 DS   [-WA]
GS =0010 00000000 ffffffff 00cf9300 DPL=0 DS   [-WA]
LDT=0000 00000000 0000ffff 00008200 DPL=0 LDT
TR =0028 00113020 00000067 00008900 DPL=0 TSS32-avl
GDT=     001130a0 0000002f
IDT=     00113100 000007ff
CR0=80000011 CR2=00000000 CR3=0011f000 CR4=00000000
DR0=00000000 DR1=00000000 DR2=00000000 DR3=00000000 
DR6=ffff0ff0 DR7=00000400
CCS=00000085 CCD=ffffffe8 CCO=EFLAGS
EFER=0000000000000000
Servicing hardware INT=0x20
    79: v=20 e=0000 i=0 cpl=0 IP=0008:00104831 pc=00104831 SP=0010:00112eb4 env->regs[R_EAX]=00000064
EAX=00000064 EBX=00010000 ECX=00000000 EDX=00000064
ESI=00000000 EDI=00000000 EBP=00000000 ESP=00112eb4
EIP=00104831 EFL=00000283 [--S---C] CPL=0 II=0 A20=1 SMM=0 HLT=0
ES =0010 00000000 ffffffff 00cf9300 DPL=0 DS   [-WA]
CS =0008 00000000 ffffffff 00cf9a00 DPL=0 CS32 [-R-]
SS =0010 00000000 ffffffff 00cf9300 DPL=0 DS   [-WA]
DS =0010 00000000 ffffffff 00cf9300 DPL=0 DS   [-WA]
FS =0010 00000000 ffffffff 00cf9300 DPL=0 DS   [-WA]
GS =0010 00000000 ffffffff 00cf9300 DPL=0 DS   [-WA]
LDT=0000 00000000 0000ffff 00008200 DPL=0 LDT
TR =0028 00113020 00000067 00008900 DPL=0 TSS32-avl
GDT=     001130a0 0000002f
IDT=     00113100 000007ff
CR0=80000011 CR2=00000000 CR3=0011f000 CR4=00000000
DR0=00000000 DR1=00000000 DR2=00000000 DR3=00000000 
DR6=ffff0ff0 DR7=00000400
CCS=00000081 CCD=ffffffe9 CCO=EFLAGS
EFER=0000000000000000
Servicing hardware INT=0x20
    80: v=20 e=0000 i=0 cpl=0 IP=0008:00104831 pc=00104831 SP=0010:00112eb4 env->regs[R_EAX]=00000064
EAX=00000064 EBX=00010000 ECX=00000000 EDX=00000064
ESI=00000000 EDI=00000000 EBP=00000000 ESP=00112eb4
EIP=00104831 EFL=00000283 [--S---C] CPL=0 II=0 A20=1 SMM=0 HLT=0
ES =0010 00000000 ffffffff 00cf9300 DPL=0 DS   [-WA]
CS =0008 00000000 ffffffff 00cf9a00 DPL=0 CS32 [-R-]
SS =0010 00000000 ffffffff 00cf9300 DPL=0 DS   [-WA]
DS =0010 00000000 ffffffff 00cf9300 DPL=0 DS   [-WA]
FS =0010 00000000 ffffffff 00cf9300 DPL=0 DS   [-WA]
GS =0010 00000000 ffffffff 00cf9300 DPL=0 DS   [-WA]
LDT=0000 00000000 0000ffff 00008200 DPL=0 LDT
TR =0028 00113020 00000067 00008900 DPL=0 TSS32-avl
GDT=     001130a0 0000002f
IDT=     00113100 000007ff
CR0=80000011 CR2=00000000 CR3=0011f000 CR4=00000000
DR0=00000000 DR1=00000000 DR2=00000000 DR3=00000000 
DR6=ffff0ff0 DR7=00000400
CCS=00000081 CCD=ffffffea CCO=EFLAGS
EFER=0000000000000000
Servicing hardware INT=0x20
    81: v=20 e=0000 i=0 cpl=0 IP=0008:00104831 pc=00104831 SP=0010:00112eb4 env->regs[R_EAX]=00000064
EAX=00000064 EBX=00010000 ECX=00000000 EDX=00000064
ESI=00000000 EDI=00000000 EBP=00000000 ESP=00112eb4
EIP=00104831 EFL=00000287 [--S--PC] CPL=0 II=0 A20=1 SMM=0 HLT=0
ES =0010 00000000 ffffffff 00cf9300 DPL=0 DS   [-WA]
CS =0008 00000000 ffffffff 00cf9a00 DPL=0 CS32 [-R-]
SS =0010 00000000 ffffffff 00cf9300 DPL=0 DS   [-WA]
DS =0010 00000000 ffffffff 00cf9300 DPL=0 DS   [-WA]
FS =0010 00000000 ffffffff 00cf9300 DPL=0 DS   [-WA]
GS =0010 00000000 ffffffff 00cf9300 DPL=0 DS   [-WA]
LDT=0000 00000000 0000ffff 00008200 DPL=0 LDT
TR =0028 00113020 00000067 00008900 DPL=0 TSS32-avl
GDT=     001130a0 0000002f
IDT=     00113100 000007ff
CR0=80000011 CR2=00000000 CR3=0011f000 CR4=00000000
DR0=00000000 DR1=00000000 DR2=00000000 DR3=00000000 
DR6=ffff0ff0 DR7=00000400
CCS=00000085 CCD=ffffffeb CCO=EFLAGS
EFER=0000000000000000
Servicing hardware INT=0x20
    82: v=20 e=0000 i=0 cpl=0 IP=0008:00104831 pc=00104831 SP=0010:00112eb4 env->regs[R_EAX]=00000064
EAX=00000064 EBX=00010000 ECX=00000000 EDX=00000064
ESI=00000000 EDI=00000000 EBP=00000000 ESP=00112eb4
EIP=00104831 EFL=00000293 [--S-A-C] CPL=0 II=0 A20=1 SMM=0 HLT=0
ES =0010 00000000 ffffffff 00cf9300 DPL=0 DS   [-WA]
CS =0008 00000000 ffffffff 00cf9a00 DPL=0 CS32 [-R-]
SS =0010 00000000 ffffffff 00cf9300 DPL=0 DS   [-WA]
DS =0010 00000000 ffffffff 00cf9300 DPL=0 DS   [-WA]
FS =0010 00000000 ffffffff 00cf9300 DPL=0 DS   [-WA]
GS =0010 00000000 ffffffff 00cf9300 DPL=0 DS   [-WA]
LDT=0000 00000000 0000ffff 00008200 DPL=0 LDT
TR =0028 00113020 00000067 00008900 DPL=0 TSS32-avl
GDT=     001130a0 0000002f
IDT=     00113100 000007ff
CR0=80000011 CR2=00000000 CR3=0011f000 CR4=00000000
DR0=00000000 DR1=00000000 DR2=00000000 DR3=00000000 
DR6=ffff0ff0 DR7=00000400
CCS=00000091 CCD=ffffffec CCO=EFLAGS
EFER=0000000000000000
Servicing hardware INT=0x20
    83: v=20 e=0000 i=0 cpl=0 IP=0008:00104831 pc=00104831 SP=0010:00112eb4 env->regs[R_EAX]=00000064
EAX=00000064 EBX=00010000 ECX=00000000 EDX=00000064
ESI=00000000 EDI=00000000 EBP=00000000 ESP=00112eb4
EIP=00104831 EFL=00000297 [--S-APC] CPL=0 II=0 A20=1 SMM=0 HLT=0
ES =0010 00000000 ffffffff 00cf9300 DPL=0 DS   [-WA]
CS =0008 00000000 ffffffff 00cf9a00 DPL=0 CS32 [-R-]
SS =0010 00000000 ffffffff 00cf9300 DPL=0 DS   [-WA]
DS =0010 00000000 ffffffff 00cf9300 DPL=0 DS   [-WA]
FS =0010 00000000 ffffffff 00cf9300 DPL=0 DS   [-WA]
GS =0010 00000000 ffffffff 00cf9300 DPL=0 DS   [-WA]
LDT=0000 00000000 0000ffff 00008200 DPL=0 LDT
TR =0028 00113020 00000067 00008900 DPL=0 TSS32-avl
GDT=     001130a0 0000002f
IDT=     00113100 000007ff
CR0=80000011 CR2=00000000 CR3=0011f000 CR4=00000000
DR0=00000000 DR1=00000000 DR2=00000000 DR3=00000000 
DR6=ffff0ff0 DR7=00000400
CCS=00000095 CCD=ffffffed CCO=EFLAGS
EFER=0000000000000000
Servicing hardware INT=0x20
    84: v=20 e=0000 i=0 cpl=0 IP=0008:00104831 pc=00104831 SP=0010:00112eb4 env->regs[R_EAX]=00000064
EAX=00000064 EBX=00010000 ECX=00000000 EDX=00000064
ESI=00000000 EDI=00000000 EBP=00000000 ESP=00112eb4
EIP=00104831 EFL=00000297 [--S-APC] CPL=0 II=0 A20=1 SMM=0 HLT=0
ES =0010 00000000 ffffffff 00cf9300 DPL=0 DS   [-WA]
CS =0008 00000000 ffffffff 00cf9a00 DPL=0 CS32 [-R-]
SS =0010 00000000 ffffffff 00cf9300 DPL=0 DS   [-WA]
DS =0010 00000000 ffffffff 00cf9300 DPL=0 DS   [-WA]
FS =0010 00000000 ffffffff 00cf9300 DPL=0 DS   [-WA]
GS =0010 00000000 ffffffff 00cf9300 DPL=0 DS   [-WA]
LDT=0000 00000000 0000ffff 00008200 DPL=0 LDT
TR =0028 00113020 00000067 00008900 DPL=0 TSS32-avl
GDT=     001130a0 0000002f
IDT=     00113100 000007ff
CR0=80000011 CR2=00000000 CR3=0011f000 CR4=00000000
DR0=00000000 DR1=00000000 DR2=00000000 DR3=00000000 
DR6=ffff0ff0 DR7=00000400
CCS=00000095 CCD=ffffffee CCO=EFLAGS
EFER=0000000000000000
Servicing hardware INT=0x20
    85: v=20 e=0000 i=0 cpl=0 IP=0008:00104831 pc=00104831 SP=0010:00112eb4 env->regs[R_EAX]=00000064
EAX=00000064 EBX=00010000 ECX=00000000 EDX=00000064
ESI=00000000 EDI=00000000 EBP=00000000 ESP=00112eb4
EIP=00104831 EFL=00000293 [--S-A-C] CPL=0 II=0 A20=1 SMM=0 HLT=0
ES =0010 00000000 ffffffff 00cf9300 DPL=0 DS   [-WA]
CS =0008 00000000 ffffffff 00cf9a00 DPL=0 CS32 [-R-]
SS =0010 00000000 ffffffff 00cf9300 DPL=0 DS   [-WA]
DS =0010 00000000 ffffffff 00cf9300 DPL=0 DS   [-WA]
FS =0010 00000000 ffffffff 00cf9300 DPL=0 DS   [-WA]
GS =0010 00000000 ffffffff 00cf9300 DPL=0 DS   [-WA]
LDT=0000 00000000 0000ffff 00008200 DPL=0 LDT
TR =0028 00113020 00000067 00008900 DPL=0 TSS32-avl
GDT=     001130a0 0000002f
IDT=     00113100 000007ff
CR0=80000011 CR2=00000000 CR3=0011f000 CR4=00000000
DR0=00000000 DR1=00000000 DR2=00000000 DR3=00000000 
DR6=ffff0ff0 DR7=00000400
CCS=00000091 CCD=ffffffef CCO=EFLAGS
EFER=0000000000000000
Servicing hardware INT=0x20
    86: v=20 e=0000 i=0 cpl=0 IP=0008:00104831 pc=00104831 SP=0010:00112eb4 env->regs[R_EAX]=00000064
EAX=00000064 EBX=00010000 ECX=00000000 EDX=00000064
ESI=00000000 EDI=00000000 EBP=00000000 ESP=00112eb4
EIP=00104831 EFL=00000287 [--S--PC] CPL=0 II=0 A20=1 SMM=0 HLT=0
ES =0010 00000000 ffffffff 00cf9300 DPL=0 DS   [-WA]
CS =0008 00000000 ffffffff 00cf9a00 DPL=0 CS32 [-R-]
SS =0010 00000000 ffffffff 00cf9300 DPL=0 DS   [-WA]
DS =0010 00000000 ffffffff 00cf9300 DPL=0 DS   [-WA]
FS =0010 00000000 ffffffff 00cf9300 DPL=0 DS   [-WA]
GS =0010 00000000 ffffffff 00cf9300 DPL=0 DS   [-WA]
LDT=0000 00000000 0000ffff 00008200 DPL=0 LDT
TR =0028 00113020 00000067 00008900 DPL=0 TSS32-avl
GDT=     001130a0 0000002f
IDT=     00113100 000007ff
CR0=80000011 CR2=00000000 CR3=0011f000 CR4=00000000
DR0=00000000 DR1=00000000 DR2=00000000 DR3=00000000 
DR6=ffff0ff0 DR7=00000400
CCS=00000085 CCD=fffffff0 CCO=EFLAGS
EFER=0000000000000000
Servicing hardware INT=0x20
    87: v=20 e=0000 i=0 cpl=0 IP=0008:00104831 pc=00104831 SP=0010:00112eb4 env->regs[R_EAX]=00000064
EAX=00000064 EBX=00010000 ECX=00000000 EDX=00000064
ESI=00000000 EDI=00000000 EBP=00000000 ESP=00112eb4
EIP=00104831 EFL=00000283 [--S---C] CPL=0 II=0 A20=1 SMM=0 HLT=0
ES =0010 00000000 ffffffff 00cf9300 DPL=0 DS   [-WA]
CS =0008 00000000 ffffffff 00cf9a00 DPL=0 CS32 [-R-]
SS =0010 00000000 ffffffff 00cf9300 DPL=0 DS   [-WA]
DS =0010 00000000 ffffffff 00cf9300 DPL=0 DS   [-WA]
FS =0010 00000000 ffffffff 00cf9300 DPL=0 DS   [-WA]
GS =0010 00000000 ffffffff 00cf9300 DPL=0 DS   [-WA]
LDT=0000 00000000 0000ffff 00008200 DPL=0 LDT
TR =0028 00113020 00000067 00008900 DPL=0 TSS32-avl
GDT=     001130a0 0000002f
IDT=     00113100 000007ff
CR0=80000011 CR2=00000000 CR3=0011f000 CR4=00000000
DR0=00000000 DR1=00000000 DR2=00000000 DR3=00000000 
DR6=ffff0ff0 DR7=00000400
CCS=00000081 CCD=fffffff1 CCO=EFLAGS
EFER=0000000000000000
Servicing hardware INT=0x20
    88: v=20 e=0000 i=0 cpl=0 IP=0008:00104831 pc=00104831 SP=0010:00112eb4 env->regs[R_EAX]=00000064
EAX=00000064 EBX=00010000 ECX=00000000 EDX=00000064
ESI=00000000 EDI=00000000 EBP=00000000 ESP=00112eb4
EIP=00104831 EFL=00000283 [--S---C] CPL=0 II=0 A20=1 SMM=0 HLT=0
ES =0010 00000000 ffffffff 00cf9300 DPL=0 DS   [-WA]
CS =0008 00000000 ffffffff 00cf9a00 DPL=0 CS32 [-R-]
SS =0010 00000000 ffffffff 00cf9300 DPL=0 DS   [-WA]
DS =0010 00000000 ffffffff 00cf9300 DPL=0 DS   [-WA]
FS =0010 00000000 ffffffff 00cf9300 DPL=0 DS   [-WA]
GS =0010 00000000 ffffffff 00cf9300 DPL=0 DS   [-WA]
LDT=0000 00000000 0000ffff 00008200 DPL=0 LDT
TR =0028 00113020 00000067 00008900 DPL=0 TSS32-avl
GDT=     001130a0 0000002f
IDT=     00113100 000007ff
CR0=80000011 CR2=00000000 CR3=0011f000 CR4=00000000
DR0=00000000 DR1=00000000 DR2=00000000 DR3=00000000 
DR6=ffff0ff0 DR7=00000400
CCS=00000081 CCD=fffffff2 CCO=EFLAGS
EFER=0000000000000000
Servicing hardware INT=0x20
    89: v=20 e=0000 i=0 cpl=0 IP=0008:00104831 pc=00104831 SP=0010:00112eb4 env->regs[R_EAX]=00000064
EAX=00000064 EBX=00010000 ECX=00000000 EDX=00000064
ESI=00000000 EDI=00000000 EBP=00000000 ESP=00112eb4
EIP=00104831 EFL=00000287 [--S--PC] CPL=0 II=0 A20=1 SMM=0 HLT=0
ES =0010 00000000 ffffffff 00cf9300 DPL=0 DS   [-WA]
CS =0008 00000000 ffffffff 00cf9a00 DPL=0 CS32 [-R-]
SS =0010 00000000 ffffffff 00cf9300 DPL=0 DS   [-WA]
DS =0010 00000000 ffffffff 00cf9300 DPL=0 DS   [-WA]
FS =0010 00000000 ffffffff 00cf9300 DPL=0 DS   [-WA]
GS =0010 00000000 ffffffff 00cf9300 DPL=0 DS   [-WA]
LDT=0000 00000000 0000ffff 00008200 DPL=0 LDT
TR =0028 00113020 00000067 00008900 DPL=0 TSS32-avl
GDT=     001130a0 0000002f
IDT=     00113100 000007ff
CR0=80000011 CR2=00000000 CR3=0011f000 CR4=00000000
DR0=00000000 DR1=00000000 DR2=00000000 DR3=00000000 
DR6=ffff0ff0 DR7=00000400
CCS=00000085 CCD=fffffff3 CCO=EFLAGS
EFER=0000000000000000
Servicing hardware INT=0x20
    90: v=20 e=0000 i=0 cpl=0 IP=0008:00104831 pc=00104831 SP=0010:00112eb4 env->regs[R_EAX]=00000064
EAX=00000064 EBX=00010000 ECX=00000000 EDX=00000064
ESI=00000000 EDI=00000000 EBP=00000000 ESP=00112eb4
EIP=00104831 EFL=00000283 [--S---C] CPL=0 II=0 A20=1 SMM=0 HLT=0
ES =0010 00000000 ffffffff 00cf9300 DPL=0 DS   [-WA]
CS =0008 00000000 ffffffff 00cf9a00 DPL=0 CS32 [-R-]
SS =0010 00000000 ffffffff 00cf9300 DPL=0 DS   [-WA]
DS =0010 00000000 ffffffff 00cf9300 DPL=0 DS   [-WA]
FS =0010 00000000 ffffffff 00cf9300 DPL=0 DS   [-WA]
GS =0010 00000000 ffffffff 00cf9300 DPL=0 DS   [-WA]
LDT=0000 00000000 0000ffff 00008200 DPL=0 LDT
TR =0028 00113020 00000067 00008900 DPL=0 TSS32-avl
GDT=     001130a0 0000002f
IDT=     00113100 000007ff
CR0=80000011 CR2=00000000 CR3=0011f000 CR4=00000000
DR0=00000000 DR1=00000000 DR2=00000000 DR3=00000000 
DR6=ffff0ff0 DR7=00000400
CCS=00000081 CCD=fffffff4 CCO=EFLAGS
EFER=0000000000000000
Servicing hardware INT=0x20
    91: v=20 e=0000 i=0 cpl=0 IP=0008:00104831 pc=00104831 SP=0010:00112eb4 env->regs[R_EAX]=00000064
EAX=00000064 EBX=00010000 ECX=00000000 EDX=00000064
ESI=00000000 EDI=00000000 EBP=00000000 ESP=00112eb4
EIP=00104831 EFL=00000287 [--S--PC] CPL=0 II=0 A20=1 SMM=0 HLT=0
ES =0010 00000000 ffffffff 00cf9300 DPL=0 DS   [-WA]
CS =0008 00000000 ffffffff 00cf9a00 DPL=0 CS32 [-R-]
SS =0010 00000000 ffffffff 00cf9300 DPL=0 DS   [-WA]
DS =0010 00000000 ffffffff 00cf9300 DPL=0 DS   [-WA]
FS =0010 00000000 ffffffff 00cf9300 DPL=0 DS   [-WA]
GS =0010 00000000 ffffffff 00cf9300 DPL=0 DS   [-WA]
LDT=0000 00000000 0000ffff 00008200 DPL=0 LDT
TR =0028 00113020 00000067 00008900 DPL=0 TSS32-avl
GDT=     001130a0 0000002f
IDT=     00113100 000007ff
CR0=80000011 CR2=00000000 CR3=0011f000 CR4=00000000
DR0=00000000 DR1=00000000 DR2=00000000 DR3=00000000 
DR6=ffff0ff0 DR7=00000400
CCS=00000085 CCD=fffffff5 CCO=EFLAGS
EFER=0000000000000000
Servicing hardware INT=0x20
    92: v=20 e=0000 i=0 cpl=0 IP=0008:00104831 pc=00104831 SP=0010:00112eb4 env->regs[R_EAX]=00000064
EAX=00000064 EBX=00010000 ECX=00000000 EDX=00000064
ESI=00000000 EDI=00000000 EBP=00000000 ESP=00112eb4
EIP=00104831 EFL=00000287 [--S--PC] CPL=0 II=0 A20=1 SMM=0 HLT=0
ES =0010 00000000 ffffffff 00cf9300 DPL=0 DS   [-WA]
CS =0008 00000000 ffffffff 00cf9a00 DPL=0 CS32 [-R-]
SS =0010 00000000 ffffffff 00cf9300 DPL=0 DS   [-WA]
DS =0010 00000000 ffffffff 00cf9300 DPL=0 DS   [-WA]
FS =0010 00000000 ffffffff 00cf9300 DPL=0 DS   [-WA]
GS =0010 00000000 ffffffff 00cf9300 DPL=0 DS   [-WA]
LDT=0000 00000000 0000ffff 00008200 DPL=0 LDT
TR =0028 00113020 00000067 00008900 DPL=0 TSS32-avl
GDT=     001130a0 0000002f
IDT=     00113100 000007ff
CR0=80000011 CR2=00000000 CR3=0011f000 CR4=00000000
DR0=00000000 DR1=00000000 DR2=00000000 DR3=00000000 
DR6=ffff0ff0 DR7=00000400
CCS=00000085 CCD=fffffff6 CCO=EFLAGS
EFER=0000000000000000
Servicing hardware INT=0x20
    93: v=20 e=0000 i=0 cpl=0 IP=0008:00104831 pc=00104831 SP=0010:00112eb4 env->regs[R_EAX]=00000064
EAX=00000064 EBX=00010000 ECX=00000000 EDX=00000064
ESI=00000000 EDI=00000000 EBP=00000000 ESP=00112eb4
EIP=00104831 EFL=00000283 [--S---C] CPL=0 II=0 A20=1 SMM=0 HLT=0
ES =0010 00000000 ffffffff 00cf9300 DPL=0 DS   [-WA]
CS =0008 00000000 ffffffff 00cf9a00 DPL=0 CS32 [-R-]
SS =0010 00000000 ffffffff 00cf9300 DPL=0 DS   [-WA]
DS =0010 00000000 ffffffff 00cf9300 DPL=0 DS   [-WA]
FS =0010 00000000 ffffffff 00cf9300 DPL=0 DS   [-WA]
GS =0010 00000000 ffffffff 00cf9300 DPL=0 DS   [-WA]
LDT=0000 00000000 0000ffff 00008200 DPL=0 LDT
TR =0028 00113020 00000067 00008900 DPL=0 TSS32-avl
GDT=     001130a0 0000002f
IDT=     00113100 000007ff
CR0=80000011 CR2=00000000 CR3=0011f000 CR4=00000000
DR0=00000000 DR1=00000000 DR2=00000000 DR3=00000000 
DR6=ffff0ff0 DR7=00000400
CCS=00000081 CCD=fffffff7 CCO=EFLAGS
EFER=0000000000000000
Servicing hardware INT=0x20
    94: v=20 e=0000 i=0 cpl=0 IP=0008:00104831 pc=00104831 SP=0010:00112eb4 env->regs[R_EAX]=00000064
EAX=00000064 EBX=00010000 ECX=00000000 EDX=00000064
ESI=00000000 EDI=00000000 EBP=00000000 ESP=00112eb4
EIP=00104831 EFL=00000283 [--S---C] CPL=0 II=0 A20=1 SMM=0 HLT=0
ES =0010 00000000 ffffffff 00cf9300 DPL=0 DS   [-WA]
CS =0008 00000000 ffffffff 00cf9a00 DPL=0 CS32 [-R-]
SS =0010 00000000 ffffffff 00cf9300 DPL=0 DS   [-WA]
DS =0010 00000000 ffffffff 00cf9300 DPL=0 DS   [-WA]
FS =0010 00000000 ffffffff 00cf9300 DPL=0 DS   [-WA]
GS =0010 00000000 ffffffff 00cf9300 DPL=0 DS   [-WA]
LDT=0000 00000000 0000ffff 00008200 DPL=0 LDT
TR =0028 00113020 00000067 00008900 DPL=0 TSS32-avl
GDT=     001130a0 0000002f
IDT=     00113100 000007ff
CR0=80000011 CR2=00000000 CR3=0011f000 CR4=00000000
DR0=00000000 DR1=00000000 DR2=00000000 DR3=00000000 
DR6=ffff0ff0 DR7=00000400
CCS=00000081 CCD=fffffff8 CCO=EFLAGS
EFER=0000000000000000
Servicing hardware INT=0x20
    95: v=20 e=0000 i=0 cpl=0 IP=0008:00104831 pc=00104831 SP=0010:00112eb4 env->regs[R_EAX]=00000064
EAX=00000064 EBX=00010000 ECX=00000000 EDX=00000064
ESI=00000000 EDI=00000000 EBP=00000000 ESP=00112eb4
EIP=00104831 EFL=00000287 [--S--PC] CPL=0 II=0 A20=1 SMM=0 HLT=0
ES =0010 00000000 ffffffff 00cf9300 DPL=0 DS   [-WA]
CS =0008 00000000 ffffffff 00cf9a00 DPL=0 CS32 [-R-]
SS =0010 00000000 ffffffff 00cf9300 DPL=0 DS   [-WA]
DS =0010 00000000 ffffffff 00cf9300 DPL=0 DS   [-WA]
FS =0010 00000000 ffffffff 00cf9300 DPL=0 DS   [-WA]
GS =0010 00000000 ffffffff 00cf9300 DPL=0 DS   [-WA]
LDT=0000 00000000 0000ffff 00008200 DPL=0 LDT
TR =0028 00113020 00000067 00008900 DPL=0 TSS32-avl
GDT=     001130a0 0000002f
IDT=     00113100 000007ff
CR0=80000011 CR2=00000000 CR3=0011f000 CR4=00000000
DR0=00000000 DR1=00000000 DR2=00000000 DR3=00000000 
DR6=ffff0ff0 DR7=00000400
CCS=00000085 CCD=fffffff9 CCO=EFLAGS
EFER=0000000000000000
Servicing hardware INT=0x20
    96: v=20 e=0000 i=0 cpl=0 IP=0008:00104831 pc=00104831 SP=0010:00112eb4 env->regs[R_EAX]=00000064
EAX=00000064 EBX=00010000 ECX=00000000 EDX=00000064
ESI=00000000 EDI=00000000 EBP=00000000 ESP=00112eb4
EIP=00104831 EFL=00000287 [--S--PC] CPL=0 II=0 A20=1 SMM=0 HLT=0
ES =0010 00000000 ffffffff 00cf9300 DPL=0 DS   [-WA]
CS =0008 00000000 ffffffff 00cf9a00 DPL=0 CS32 [-R-]
SS =0010 00000000 ffffffff 00cf9300 DPL=0 DS   [-WA]
DS =0010 00000000 ffffffff 00cf9300 DPL=0 DS   [-WA]
FS =0010 00000000 ffffffff 00cf9300 DPL=0 DS   [-WA]
GS =0010 00000000 ffffffff 00cf9300 DPL=0 DS   [-WA]
LDT=0000 00000000 0000ffff 00008200 DPL=0 LDT
TR =0028 00113020 00000067 00008900 DPL=0 TSS32-avl
GDT=     001130a0 0000002f
IDT=     00113100 000007ff
CR0=80000011 CR2=00000000 CR3=0011f000 CR4=00000000
DR0=00000000 DR1=00000000 DR2=00000000 DR3=00000000 
DR6=ffff0ff0 DR7=00000400
CCS=00000085 CCD=fffffffa CCO=EFLAGS
EFER=0000000000000000
Servicing hardware INT=0x20
    97: v=20 e=0000 i=0 cpl=0 IP=0008:00104831 pc=00104831 SP=0010:00112eb4 env->regs[R_EAX]=00000064
EAX=00000064 EBX=00010000 ECX=00000000 EDX=00000064
ESI=00000000 EDI=00000000 EBP=00000000 ESP=00112eb4
EIP=00104831 EFL=00000283 [--S---C] CPL=0 II=0 A20=1 SMM=0 HLT=0
ES =0010 00000000 ffffffff 00cf9300 DPL=0 DS   [-WA]
CS =0008 00000000 ffffffff 00cf9a00 DPL=0 CS32 [-R-]
SS =0010 00000000 ffffffff 00cf9300 DPL=0 DS   [-WA]
DS =0010 00000000 ffffffff 00cf9300 DPL=0 DS   [-WA]
FS =0010 00000000 ffffffff 00cf9300 DPL=0 DS   [-WA]
GS =0010 00000000 ffffffff 00cf9300 DPL=0 DS   [-WA]
LDT=0000 00000000 0000ffff 00008200 DPL=0 LDT
TR =0028 00113020 00000067 00008900 DPL=0 TSS32-avl
GDT=     001130a0 0000002f
IDT=     00113100 000007ff
CR0=80000011 CR2=00000000 CR3=0011f000 CR4=00000000
DR0=00000000 DR1=00000000 DR2=00000000 DR3=00000000 
DR6=ffff0ff0 DR7=00000400
CCS=00000081 CCD=fffffffb CCO=EFLAGS
EFER=0000000000000000
Servicing hardware INT=0x20
    98: v=20 e=0000 i=0 cpl=0 IP=0008:00104831 pc=00104831 SP=0010:00112eb4 env->regs[R_EAX]=00000064
EAX=00000064 EBX=00010000 ECX=00000000 EDX=00000064
ESI=00000000 EDI=00000000 EBP=00000000 ESP=00112eb4
EIP=00104831 EFL=00000297 [--S-APC] CPL=0 II=0 A20=1 SMM=0 HLT=0
ES =0010 00000000 ffffffff 00cf9300 DPL=0 DS   [-WA]
CS =0008 00000000 ffffffff 00cf9a00 DPL=0 CS32 [-R-]
SS =0010 00000000 ffffffff 00cf9300 DPL=0 DS   [-WA]
DS =0010 00000000 ffffffff 00cf9300 DPL=0 DS   [-WA]
FS =0010 00000000 ffffffff 00cf9300 DPL=0 DS   [-WA]
GS =0010 00000000 ffffffff 00cf9300 DPL=0 DS   [-WA]
LDT=0000 00000000 0000ffff 00008200 DPL=0 LDT
TR =0028 00113020 00000067 00008900 DPL=0 TSS32-avl
GDT=     001130a0 0000002f
IDT=     00113100 000007ff
CR0=80000011 CR2=00000000 CR3=0011f000 CR4=00000000
DR0=00000000 DR1=00000000 DR2=00000000 DR3=00000000 
DR6=ffff0ff0 DR7=00000400
CCS=00000095 CCD=fffffffc CCO=EFLAGS
EFER=0000000000000000
Servicing hardware INT=0x20
    99: v=20 e=0000 i=0 cpl=0 IP=0008:00104831 pc=00104831 SP=0010:00112eb4 env->regs[R_EAX]=00000064
EAX=00000064 EBX=00010000 ECX=00000000 EDX=00000064
ESI=00000000 EDI=00000000 EBP=00000000 ESP=00112eb4
EIP=00104831 EFL=00000293 [--S-A-C] CPL=0 II=0 A20=1 SMM=0 HLT=0
ES =0010 00000000 ffffffff 00cf9300 DPL=0 DS   [-WA]
CS =0008 00000000 ffffffff 00cf9a00 DPL=0 CS32 [-R-]
SS =0010 00000000 ffffffff 00cf9300 DPL=0 DS   [-WA]
DS =0010 00000000 ffffffff 00cf9300 DPL=0 DS   [-WA]
FS =0010 00000000 ffffffff 00cf9300 DPL=0 DS   [-WA]
GS =0010 00000000 ffffffff 00cf9300 DPL=0 DS   [-WA]
LDT=0000 00000000 0000ffff 00008200 DPL=0 LDT
TR =0028 00113020 00000067 00008900 DPL=0 TSS32-avl
GDT=     001130a0 0000002f
IDT=     00113100 000007ff
CR0=80000011 CR2=00000000 CR3=0011f000 CR4=00000000
DR0=00000000 DR1=00000000 DR2=00000000 DR3=00000000 
DR6=ffff0ff0 DR7=00000400
CCS=00000091 CCD=fffffffd CCO=EFLAGS
EFER=0000000000000000
Servicing hardware INT=0x20
   100: v=20 e=0000 i=0 cpl=0 IP=0008:00104831 pc=00104831 SP=0010:00112eb4 env->regs[R_EAX]=00000064
EAX=00000064 EBX=00010000 ECX=00000000 EDX=00000064
ESI=00000000 EDI=00000000 EBP=00000000 ESP=00112eb4
EIP=00104831 EFL=00000293 [--S-A-C] CPL=0 II=0 A20=1 SMM=0 HLT=0
ES =0010 00000000 ffffffff 00cf9300 DPL=0 DS   [-WA]
CS =0008 00000000 ffffffff 00cf9a00 DPL=0 CS32 [-R-]
SS =0010 00000000 ffffffff 00cf9300 DPL=0 DS   [-WA]
DS =0010 00000000 ffffffff 00cf9300 DPL=0 DS   [-WA]
FS =0010 00000000 ffffffff 00cf9300 DPL=0 DS   [-WA]
GS =0010 00000000 ffffffff 00cf9300 DPL=0 DS   [-WA]
LDT=0000 00000000 0000ffff 00008200 DPL=0 LDT
TR =0028 00113020 00000067 00008900 DPL=0 TSS32-avl
GDT=     001130a0 0000002f
IDT=     00113100 000007ff
CR0=80000011 CR2=00000000 CR3=0011f000 CR4=00000000
DR0=00000000 DR1=00000000 DR2=00000000 DR3=00000000 
DR6=ffff0ff0 DR7=00000400
CCS=00000091 CCD=fffffffe CCO=EFLAGS
EFER=0000000000000000
Servicing hardware INT=0x20
   101: v=20 e=0000 i=0 cpl=0 IP=0008:00104831 pc=00104831 SP=0010:00112eb4 env->regs[R_EAX]=00000064
EAX=00000064 EBX=00010000 ECX=00000000 EDX=00000064
ESI=00000000 EDI=00000000 EBP=00000000 ESP=00112eb4
EIP=00104831 EFL=00000297 [--S-APC] CPL=0 II=0 A20=1 SMM=0 HLT=0
ES =0010 00000000 ffffffff 00cf9300 DPL=0 DS   [-WA]
CS =0008 00000000 ffffffff 00cf9a00 DPL=0 CS32 [-R-]
SS =0010 00000000 ffffffff 00cf9300 DPL=0 DS   [-WA]
DS =0010 00000000 ffffffff 00cf9300 DPL=0 DS   [-WA]
FS =0010 00000000 ffffffff 00cf9300 DPL=0 DS   [-WA]
GS =0010 00000000 ffffffff 00cf9300 DPL=0 DS   [-WA]
LDT=0000 00000000 0000ffff 00008200 DPL=0 LDT
TR =0028 00113020 00000067 00008900 DPL=0 TSS32-avl
GDT=     001130a0 0000002f
IDT=     00113100 000007ff
CR0=80000011 CR2=00000000 CR3=0011f000 CR4=00000000
DR0=00000000 DR1=00000000 DR2=00000000 DR3=00000000 
DR6=ffff0ff0 DR7=00000400
CCS=00000095 CCD=ffffffff CCO=EFLAGS
EFER=0000000000000000
Servicing hardware INT=0x20
   102: v=20 e=0000 i=0 cpl=0 IP=0008:00104023 pc=00104023 SP=0010:00112ea0 env->regs[R_EAX]=000b8baa
EAX=000b8baa EBX=00000c20 ECX=000b8be0 EDX=00000c38
ESI=00000000 EDI=00000000 EBP=00000000 ESP=00112ea0
EIP=00104023 EFL=00000216 [----AP-] CPL=0 II=0 A20=1 SMM=0 HLT=0
ES =0010 00000000 ffffffff 00cf9300 DPL=0 DS   [-WA]
CS =0008 00000000 ffffffff 00cf9a00 DPL=0 CS32 [-R-]
SS =0010 00000000 ffffffff 00cf9300 DPL=0 DS   [-WA]
DS =0010 00000000 ffffffff 00cf9300 DPL=0 DS   [-WA]
FS =0010 00000000 ffffffff 00cf9300 DPL=0 DS   [-WA]
GS =0010 00000000 ffffffff 00cf9300 DPL=0 DS   [-WA]
LDT=0000 00000000 0000ffff 00008200 DPL=0 LDT
TR =0028 00113020 00000067 00008900 DPL=0 TSS32-avl
GDT=     001130a0 0000002f
IDT=     00113100 000007ff
CR0=80000011 CR2=00000000 CR3=0011f000 CR4=00000000
DR0=00000000 DR1=00000000 DR2=00000000 DR3=00000000 
DR6=ffff0ff0 DR7=00000400
CCS=00000014 CCD=00000036 CCO=EFLAGS
EFER=0000000000000000
Servicing hardware INT=0x20
   103: v=20 e=0000 i=0 cpl=0 IP=0008:0010402d pc=0010402d SP=0010:00112e80 env->regs[R_EAX]=000b83b2
EAX=000b83b2 EBX=00000c20 ECX=000b83c0 EDX=00000720
ESI=00000000 EDI=00000000 EBP=00000000 ESP=00112e80
EIP=0010402d EFL=00000206 [-----P-] CPL=0 II=0 A20=1 SMM=0 HLT=0
ES =0010 00000000 ffffffff 00cf9300 DPL=0 DS   [-WA]
CS =0008 00000000 ffffffff 00cf9a00 DPL=0 CS32 [-R-]
SS =0010 00000000 ffffffff 00cf9300 DPL=0 DS   [-WA]
DS =0010 00000000 ffffffff 00cf9300 DPL=0 DS   [-WA]
FS =0010 00000000 ffffffff 00cf9300 DPL=0 DS   [-WA]
GS =0010 00000000 ffffffff 00cf9300 DPL=0 DS   [-WA]
LDT=0000 00000000 0000ffff 00008200 DPL=0 LDT
TR =0028 00113020 00000067 00008900 DPL=0 TSS32-avl
GDT=     001130a0 0000002f
IDT=     00113100 000007ff
CR0=80000011 CR2=00000000 CR3=0011f000 CR4=00000000
DR0=00000000 DR1=00000000 DR2=00000000 DR3=00000000 
DR6=ffff0ff0 DR7=00000400
CCS=00000004 CCD=000b83b2 CCO=EFLAGS
EFER=0000000000000000
Servicing hardware INT=0x20
   104: v=20 e=0000 i=0 cpl=0 IP=0008:00104462 pc=00104462 SP=0010:00112e58 env->regs[R_EAX]=0000006b
EAX=0000006b EBX=0012d0e8 ECX=0000006b EDX=000003f8
ESI=0010938e EDI=00000000 EBP=00000000 ESP=00112e58
EIP=00104462 EFL=00000202 [-------] CPL=0 II=0 A20=1 SMM=0 HLT=0
ES =0010 00000000 ffffffff 00cf9300 DPL=0 DS   [-WA]
CS =0008 00000000 ffffffff 00cf9a00 DPL=0 CS32 [-R-]
SS =0010 00000000 ffffffff 00cf9300 DPL=0 DS   [-WA]
DS =0010 00000000 ffffffff 00cf9300 DPL=0 DS   [-WA]
FS =0010 00000000 ffffffff 00cf9300 DPL=0 DS   [-WA]
GS =0010 00000000 ffffffff 00cf9300 DPL=0 DS   [-WA]
LDT=0000 00000000 0000ffff 00008200 DPL=0 LDT
TR =0028 00113020 00000067 00008900 DPL=0 TSS32-avl
GDT=     001130a0 0000002f
IDT=     00113100 000007ff
CR0=80000011 CR2=00000000 CR3=0011f000 CR4=00000000
DR0=00000000 DR1=00000000 DR2=00000000 DR3=00000000 
DR6=ffff0ff0 DR7=00000400
CCS=00000000 CCD=00000020 CCO=EFLAGS
EFER=0000000000000000
Servicing hardware INT=0x20
   105: v=20 e=0000 i=0 cpl=0 IP=0008:00104023 pc=00104023 SP=0010:00112ea0 env->regs[R_EAX]=000b8648
EAX=000b8648 EBX=00000c20 ECX=000b86e0 EDX=00000c20
ESI=00000000 EDI=00000000 EBP=00000000 ESP=00112ea0
EIP=00104023 EFL=00000212 [----A--] CPL=0 II=0 A20=1 SMM=0 HLT=0
ES =0010 00000000 ffffffff 00cf9300 DPL=0 DS   [-WA]
CS =0008 00000000 ffffffff 00cf9a00 DPL=0 CS32 [-R-]
SS =0010 00000000 ffffffff 00cf9300 DPL=0 DS   [-WA]
DS =0010 00000000 ffffffff 00cf9300 DPL=0 DS   [-WA]
FS =0010 00000000 ffffffff 00cf9300 DPL=0 DS   [-WA]
GS =0010 00000000 ffffffff 00cf9300 DPL=0 DS   [-WA]
LDT=0000 00000000 0000ffff 00008200 DPL=0 LDT
TR =0028 00113020 00000067 00008900 DPL=0 TSS32-avl
GDT=     001130a0 0000002f
IDT=     00113100 000007ff
CR0=80000011 CR2=00000000 CR3=0011f000 CR4=00000000
DR0=00000000 DR1=00000000 DR2=00000000 DR3=00000000 
DR6=ffff0ff0 DR7=00000400
CCS=00000010 CCD=00000098 CCO=EFLAGS
EFER=0000000000000000
Servicing hardware INT=0x20
   106: v=20 e=0000 i=0 cpl=0 IP=0008:00104831 pc=00104831 SP=0010:00112e54 env->regs[R_EAX]=00000069
EAX=00000069 EBX=00000001 ECX=00000780 EDX=00000001
ESI=00000000 EDI=00118f60 EBP=01000000 ESP=00112e54
EIP=00104831 EFL=00000297 [--S-APC] CPL=0 II=0 A20=1 SMM=0 HLT=0
ES =0010 00000000 ffffffff 00cf9300 DPL=0 DS   [-WA]
CS =0008 00000000 ffffffff 00cf9a00 DPL=0 CS32 [-R-]
SS =0010 00000000 ffffffff 00cf9300 DPL=0 DS   [-WA]
DS =0010 00000000 ffffffff 00cf9300 DPL=0 DS   [-WA]
FS =0010 00000000 ffffffff 00cf9300 DPL=0 DS   [-WA]
GS =0010 00000000 ffffffff 00cf9300 DPL=0 DS   [-WA]
LDT=0000 00000000 0000ffff 00008200 DPL=0 LDT
TR =0028 00113020 00000067 00008900 DPL=0 TSS32-avl
GDT=     001130a0 0000002f
IDT=     00113100 000007ff
CR0=80000011 CR2=00000000 CR3=0011f000 CR4=00000000
DR0=00000000 DR1=00000000 DR2=00000000 DR3=00000000 
DR6=ffff0ff0 DR7=00000400
CCS=00000095 CCD=ffffffff CCO=EFLAGS
EFER=0000000000000000
Servicing hardware INT=0x40
   107: v=40 e=0000 i=0 cpl=0 IP=0008:00101fd2 pc=00101fd2 SP=0010:00112e58 env->regs[R_EAX]=00004e20
EAX=00004e20 EBX=00000001 ECX=00004e20 EDX=00000000
ESI=00000000 EDI=00118f60 EBP=01000000 ESP=00112e58
EIP=00101fd2 EFL=00000287 [--S--PC] CPL=0 II=0 A20=1 SMM=0 HLT=0
ES =0010 00000000 ffffffff 00cf9300 DPL=0 DS   [-WA]
CS =0008 00000000 ffffffff 00cf9a00 DPL=0 CS32 [-R-]
SS =0010 00000000 ffffffff 00cf9300 DPL=0 DS   [-WA]
DS =0010 00000000 ffffffff 00cf9300 DPL=0 DS   [-WA]
FS =0010 00000000 ffffffff 00cf9300 DPL=0 DS   [-WA]
GS =0010 00000000 ffffffff 00cf9300 DPL=0 DS   [-WA]
LDT=0000 00000000 0000ffff 00008200 DPL=0 LDT
TR =0028 00113020 00000067 00008900 DPL=0 TSS32-avl
GDT=     001130a0 0000002f
IDT=     00113100 000007ff
CR0=80000011 CR2=00000000 CR3=0011f000 CR4=00000000
DR0=00000000 DR1=00000000 DR2=00000000 DR3=00000000 
DR6=ffff0ff0 DR7=00000400
CCS=00000085 CCD=ffffc787 CCO=EFLAGS
EFER=0000000000000000
Servicing hardware INT=0x20
   108: v=20 e=0000 i=0 cpl=0 IP=0008:00103f7e pc=00103f7e SP=0010:00112e80 env->regs[R_EAX]=00000c2e
EAX=00000c2e EBX=001087f9 ECX=00000791 EDX=00000018
ESI=00000012 EDI=00000000 EBP=00000000 ESP=00112e80
EIP=00103f7e EFL=00000206 [-----P-] CPL=0 II=0 A20=1 SMM=0 HLT=0
ES =0010 00000000 ffffffff 00cf9300 DPL=0 DS   [-WA]
CS =0008 00000000 ffffffff 00cf9a00 DPL=0 CS32 [-R-]
SS =0010 00000000 ffffffff 00cf9300 DPL=0 DS   [-WA]
DS =0010 00000000 ffffffff 00cf9300 DPL=0 DS   [-WA]
FS =0010 00000000 ffffffff 00cf9300 DPL=0 DS   [-WA]
GS =0010 00000000 ffffffff 00cf9300 DPL=0 DS   [-WA]
LDT=0000 00000000 0000ffff 00008200 DPL=0 LDT
TR =0028 00113020 00000067 00008900 DPL=0 TSS32-avl
GDT=     001130a0 0000002f
IDT=     00113100 000007ff
CR0=80000011 CR2=00000000 CR3=0011f000 CR4=00000000
DR0=00000000 DR1=00000000 DR2=00000000 DR3=00000000 
DR6=ffff0ff0 DR7=00000400
CCS=00000004 CCD=00000c2e CCO=EFLAGS
EFER=0000000000000000
Servicing hardware INT=0x40
   109: v=40 e=0000 i=0 cpl=0 IP=0008:0010402d pc=0010402d SP=0010:00112e60 env->regs[R_EAX]=000b866e
EAX=000b866e EBX=00000c20 ECX=000b86e0 EDX=00000c20
ESI=00000000 EDI=00000000 EBP=00000000 ESP=00112e60
EIP=0010402d EFL=00000202 [-------] CPL=0 II=0 A20=1 SMM=0 HLT=0
ES =0010 00000000 ffffffff 00cf9300 DPL=0 DS   [-WA]
CS =0008 00000000 ffffffff 00cf9a00 DPL=0 CS32 [-R-]
SS =0010 00000000 ffffffff 00cf9300 DPL=0 DS   [-WA]
DS =0010 00000000 ffffffff 00cf9300 DPL=0 DS   [-WA]
FS =0010 00000000 ffffffff 00cf9300 DPL=0 DS   [-WA]
GS =0010 00000000 ffffffff 00cf9300 DPL=0 DS   [-WA]
LDT=0000 00000000 0000ffff 00008200 DPL=0 LDT
TR =0028 00113020 00000067 00008900 DPL=0 TSS32-avl
GDT=     001130a0 0000002f
IDT=     00113100 000007ff
CR0=80000011 CR2=00000000 CR3=0011f000 CR4=00000000
DR0=00000000 DR1=00000000 DR2=00000000 DR3=00000000 
DR6=ffff0ff0 DR7=00000400
CCS=00000000 CCD=000b866e CCO=EFLAGS
EFER=0000000000000000
Servicing hardware INT=0x40
   110: v=40 e=0000 i=0 cpl=0 IP=0008:00101d81 pc=00101d81 SP=0010:00118f44 env->regs[R_EAX]=00000000
EAX=00000000 EBX=00000001 ECX=00000780 EDX=000003d5
ESI=00000000 EDI=00000000 EBP=00000000 ESP=00118f44
EIP=00101d81 EFL=00000212 [----A--] CPL=0 II=0 A20=1 SMM=0 HLT=0
ES =0010 00000000 ffffffff 00cf9300 DPL=0 DS   [-WA]
CS =0008 00000000 ffffffff 00cf9a00 DPL=0 CS32 [-R-]
SS =0010 00000000 ffffffff 00cf9300 DPL=0 DS   [-WA]
DS =0010 00000000 ffffffff 00cf9300 DPL=0 DS   [-WA]
FS =0010 00000000 ffffffff 00cf9300 DPL=0 DS   [-WA]
GS =0010 00000000 ffffffff 00cf9300 DPL=0 DS   [-WA]
LDT=0000 00000000 0000ffff 00008200 DPL=0 LDT
TR =0000 00000000 0000ffff 00008b00 DPL=0 TSS32-busy
GDT=     001130a0 0000002f
IDT=     00113100 000007ff
CR0=e0000011 CR2=00000000 CR3=0011f000 CR4=00000000
DR0=00000000 DR1=00000000 DR2=00000000 DR3=00000000 
DR6=ffff0ff0 DR7=00000400
CCS=00000010 CCD=00118f40 CCO=EFLAGS
EFER=0000000000000000
Servicing hardware INT=0x20
   111: v=20 e=0000 i=0 cpl=0 IP=0008:00104023 pc=00104023 SP=0010:00112ea0 env->regs[R_EAX]=000b837c
EAX=000b837c EBX=00000c20 ECX=000b83c0 EDX=00000c20
ESI=00000000 EDI=00000000 EBP=00000000 ESP=00112ea0
EIP=00104023 EFL=00000216 [----AP-] CPL=0 II=0 A20=1 SMM=0 HLT=0
ES =0010 00000000 ffffffff 00cf9300 DPL=0 DS   [-WA]
CS =0008 00000000 ffffffff 00cf9a00 DPL=0 CS32 [-R-]
SS =0010 00000000 ffffffff 00cf9300 DPL=0 DS   [-WA]
DS =0010 00000000 ffffffff 00cf9300 DPL=0 DS   [-WA]
FS =0010 00000000 ffffffff 00cf9300 DPL=0 DS   [-WA]
GS =0010 00000000 ffffffff 00cf9300 DPL=0 DS   [-WA]
LDT=0000 00000000 0000ffff 00008200 DPL=0 LDT
TR =0028 00113020 00000067 00008900 DPL=0 TSS32-avl
GDT=     001130a0 0000002f
IDT=     00113100 000007ff
CR0=80000011 CR2=00000000 CR3=0011f000 CR4=00000000
DR0=00000000 DR1=00000000 DR2=00000000 DR3=00000000 
DR6=ffff0ff0 DR7=00000400
CCS=00000014 CCD=00000044 CCO=EFLAGS
EFER=0000000000000000
Servicing hardware INT=0x40
   112: v=40 e=0000 i=0 cpl=0 IP=0008:00104023 pc=00104023 SP=0010:00112df0 env->regs[R_EAX]=000b857e
EAX=000b857e EBX=00000c20 ECX=000b85a0 EDX=00000c20
ESI=00000000 EDI=00002000 EBP=000003e1 ESP=00112df0
EIP=00104023 EFL=00000216 [----AP-] CPL=0 II=0 A20=1 SMM=0 HLT=0
ES =0010 00000000 ffffffff 00cf9300 DPL=0 DS   [-WA]
CS =0008 00000000 ffffffff 00cf9a00 DPL=0 CS32 [-R-]
SS =0010 00000000 ffffffff 00cf9300 DPL=0 DS   [-WA]
DS =0010 00000000 ffffffff 00cf9300 DPL=0 DS   [-WA]
FS =0010 00000000 ffffffff 00cf9300 DPL=0 DS   [-WA]
GS =0010 00000000 ffffffff 00cf9300 DPL=0 DS   [-WA]
LDT=0000 00000000 0000ffff 00008200 DPL=0 LDT
TR =0028 00113020 00000067 00008900 DPL=0 TSS32-avl
GDT=     001130a0 0000002f
IDT=     00113100 000007ff
CR0=80000011 CR2=00000000 CR3=0011f000 CR4=00000000
DR0=00000000 DR1=00000000 DR2=00000000 DR3=00000000 
DR6=ffff0ff0 DR7=00000400
CCS=00000014 CCD=00000022 CCO=EFLAGS
EFER=0000000000000000
Servicing hardware INT=0x40
   113: v=40 e=0000 i=0 cpl=0 IP=0008:00101d81 pc=00101d81 SP=0010:00118f44 env->regs[R_EAX]=00000000
EAX=00000000 EBX=00000001 ECX=00000780 EDX=000003d5
ESI=00000000 EDI=00000000 EBP=00000000 ESP=00118f44
EIP=00101d81 EFL=00000212 [----A--] CPL=0 II=0 A20=1 SMM=0 HLT=0
ES =0010 00000000 ffffffff 00cf9300 DPL=0 DS   [-WA]
CS =0008 00000000 ffffffff 00cf9a00 DPL=0 CS32 [-R-]
SS =0010 00000000 ffffffff 00cf9300 DPL=0 DS   [-WA]
DS =0010 00000000 ffffffff 00cf9300 DPL=0 DS   [-WA]
FS =0010 00000000 ffffffff 00cf9300 DPL=0 DS   [-WA]
GS =0010 00000000 ffffffff 00cf9300 DPL=0 DS   [-WA]
LDT=0000 00000000 0000ffff 00008200 DPL=0 LDT
TR =0000 00000000 0000ffff 00008b00 DPL=0 TSS32-busy
GDT=     001130a0 0000002f
IDT=     00113100 000007ff
CR0=e0000011 CR2=00000000 CR3=0011f000 CR4=00000000
DR0=00000000 DR1=00000000 DR2=00000000 DR3=00000000 
DR6=ffff0ff0 DR7=00000400
CCS=00000010 CCD=00118f38 CCO=EFLAGS
EFER=0000000000000000
Servicing hardware INT=0x20
   114: v=20 e=0000 i=0 cpl=0 IP=0008:001052e0 pc=001052e0 SP=0010:00112e5c env->regs[R_EAX]=f8000398
EAX=f8000398 EBX=f8000000 ECX=f8001000 EDX=00000000
ESI=00000000 EDI=00001000 EBP=00002000 ESP=00112e5c
EIP=001052e0 EFL=00000283 [--S---C] CPL=0 II=0 A20=1 SMM=0 HLT=0
ES =0010 00000000 ffffffff 00cf9300 DPL=0 DS   [-WA]
CS =0008 00000000 ffffffff 00cf9a00 DPL=0 CS32 [-R-]
SS =0010 00000000 ffffffff 00cf9300 DPL=0 DS   [-WA]
DS =0010 00000000 ffffffff 00cf9300 DPL=0 DS   [-WA]
FS =0010 00000000 ffffffff 00cf9300 DPL=0 DS   [-WA]
GS =0010 00000000 ffffffff 00cf9300 DPL=0 DS   [-WA]
LDT=0000 00000000 0000ffff 00008200 DPL=0 LDT
TR =0028 00113020 00000067 00008900 DPL=0 TSS32-avl
GDT=     001130a0 0000002f
IDT=     00113100 000007ff
CR0=80000011 CR2=00000000 CR3=0011f000 CR4=00000000
DR0=00000000 DR1=00000000 DR2=00000000 DR3=00000000 
DR6=ffff0ff0 DR7=00000400
CCS=00000081 CCD=fffff398 CCO=EFLAGS
EFER=0000000000000000
Servicing hardware INT=0x40
   115: v=40 e=0000 i=0 cpl=0 IP=0008:001052e0 pc=001052e0 SP=0010:00112e5c env->regs[R_EAX]=f8000886
EAX=f8000886 EBX=f8000000 ECX=f8001000 EDX=00000000
ESI=00000000 EDI=00001000 EBP=00002000 ESP=00112e5c
EIP=001052e0 EFL=00000283 [--S---C] CPL=0 II=0 A20=1 SMM=0 HLT=0
ES =0010 00000000 ffffffff 00cf9300 DPL=0 DS   [-WA]
CS =0008 00000000 ffffffff 00cf9a00 DPL=0 CS32 [-R-]
SS =0010 00000000 ffffffff 00cf9300 DPL=0 DS   [-WA]
DS =0010 00000000 ffffffff 00cf9300 DPL=0 DS   [-WA]
FS =0010 00000000 ffffffff 00cf9300 DPL=0 DS   [-WA]
GS =0010 00000000 ffffffff 00cf9300 DPL=0 DS   [-WA]
LDT=0000 00000000 0000ffff 00008200 DPL=0 LDT
TR =0028 00113020 00000067 00008900 DPL=0 TSS32-avl
GDT=     001130a0 0000002f
IDT=     00113100 000007ff
CR0=80000011 CR2=00000000 CR3=0011f000 CR4=00000000
DR0=00000000 DR1=00000000 DR2=00000000 DR3=00000000 
DR6=ffff0ff0 DR7=00000400
CCS=00000081 CCD=fffff886 CCO=EFLAGS
EFER=0000000000000000
Servicing hardware INT=0x40
   116: v=40 e=0000 i=0 cpl=0 IP=0008:00101d81 pc=00101d81 SP=0010:00118f44 env->regs[R_EAX]=00000000
EAX=00000000 EBX=00000001 ECX=00000780 EDX=000003d5
ESI=00000000 EDI=00000000 EBP=00000000 ESP=00118f44
EIP=00101d81 EFL=00000212 [----A--] CPL=0 II=0 A20=1 SMM=0 HLT=0
ES =0010 00000000 ffffffff 00cf9300 DPL=0 DS   [-WA]
CS =0008 00000000 ffffffff 00cf9a00 DPL=0 CS32 [-R-]
SS =0010 00000000 ffffffff 00cf9300 DPL=0 DS   [-WA]
DS =0010 00000000 ffffffff 00cf9300 DPL=0 DS   [-WA]
FS =0010 00000000 ffffffff 00cf9300 DPL=0 DS   [-WA]
GS =0010 00000000 ffffffff 00cf9300 DPL=0 DS   [-WA]
LDT=0000 00000000 0000ffff 00008200 DPL=0 LDT
TR =0000 00000000 0000ffff 00008b00 DPL=0 TSS32-busy
GDT=     001130a0 0000002f
IDT=     00113100 000007ff
CR0=e0000011 CR2=00000000 CR3=0011f000 CR4=00000000
DR0=00000000 DR1=00000000 DR2=00000000 DR3=00000000 
DR6=ffff0ff0 DR7=00000400
CCS=00000010 CCD=00118f38 CCO=EFLAGS
EFER=0000000000000000
Servicing hardware INT=0x20
   117: v=20 e=0000 i=0 cpl=0 IP=0008:00106236 pc=00106236 SP=0010:0012f19c env->regs[R_EAX]=38f5c28f
EAX=38f5c28f EBX=00000000 ECX=0012d110 EDX=0011f000
ESI=00000000 EDI=00000000 EBP=00000000 ESP=0012f19c
EIP=00106236 EFL=00000206 [-----P-] CPL=0 II=0 A20=1 SMM=0 HLT=0
ES =0010 00000000 ffffffff 00cf9300 DPL=0 DS   [-WA]
CS =0008 00000000 ffffffff 00cf9a00 DPL=0 CS32 [-R-]
SS =0010 00000000 ffffffff 00cf9300 DPL=0 DS   [-WA]
DS =0010 00000000 ffffffff 00cf9300 DPL=0 DS   [-WA]
FS =0010 00000000 ffffffff 00cf9300 DPL=0 DS   [-WA]
GS =0010 00000000 ffffffff 00cf9300 DPL=0 DS   [-WA]
LDT=0000 00000000 0000ffff 00008200 DPL=0 LDT
TR =0028 00113020 00000067 00008900 DPL=0 TSS32-avl
GDT=     001130a0 0000002f
IDT=     00113100 000007ff
CR0=80000011 CR2=00000000 CR3=0011f000 CR4=00000000
DR0=00000000 DR1=00000000 DR2=00000000 DR3=00000000 
DR6=ffff0ff0 DR7=00000400
CCS=00000004 CCD=37ae147b CCO=EFLAGS
EFER=0000000000000000
Servicing hardware INT=0x40
   118: v=40 e=0000 i=0 cpl=0 IP=0008:00101d81 pc=00101d81 SP=0010:00118f44 env->regs[R_EAX]=00000000
EAX=00000000 EBX=00000001 ECX=00000780 EDX=000003d5
ESI=00000000 EDI=00000000 EBP=00000000 ESP=00118f44
EIP=00101d81 EFL=00000212 [----A--] CPL=0 II=0 A20=1 SMM=0 HLT=0
ES =0010 00000000 ffffffff 00cf9300 DPL=0 DS   [-WA]
CS =0008 00000000 ffffffff 00cf9a00 DPL=0 CS32 [-R-]
SS =0010 00000000 ffffffff 00cf9300 DPL=0 DS   [-WA]
DS =0010 00000000 ffffffff 00cf9300 DPL=0 DS   [-WA]
FS =0010 00000000 ffffffff 00cf9300 DPL=0 DS   [-WA]
GS =0010 00000000 ffffffff 00cf9300 DPL=0 DS   [-WA]
LDT=0000 00000000 0000ffff 00008200 DPL=0 LDT
TR =0000 00000000 0000ffff 00008b00 DPL=0 TSS32-busy
GDT=     001130a0 0000002f
IDT=     00113100 000007ff
CR0=e0000011 CR2=00000000 CR3=0011f000 CR4=00000000
DR0=00000000 DR1=00000000 DR2=00000000 DR3=00000000 
DR6=ffff0ff0 DR7=00000400
CCS=00000010 CCD=00118f38 CCO=EFLAGS
EFER=0000000000000000
Servicing hardware INT=0x40
   119: v=40 e=0000 i=0 cpl=0 IP=0008:00104831 pc=00104831 SP=0010:00131280 env->regs[R_EAX]=0000009f
EAX=0000009f EBX=00000003 ECX=00000000 EDX=00000032
ESI=00000000 EDI=00000000 EBP=00000000 ESP=00131280
EIP=00104831 EFL=00000293 [--S-A-C] CPL=0 II=0 A20=1 SMM=0 HLT=0
ES =0010 00000000 ffffffff 00cf9300 DPL=0 DS   [-WA]
CS =0008 00000000 ffffffff 00cf9a00 DPL=0 CS32 [-R-]
SS =0010 00000000 ffffffff 00cf9300 DPL=0 DS   [-WA]
DS =0010 00000000 ffffffff 00cf9300 DPL=0 DS   [-WA]
FS =0010 00000000 ffffffff 00cf9300 DPL=0 DS   [-WA]
GS =0010 00000000 ffffffff 00cf9300 DPL=0 DS   [-WA]
LDT=0000 00000000 0000ffff 00008200 DPL=0 LDT
TR =0028 00113020 00000067 00008900 DPL=0 TSS32-avl
GDT=     001130a0 0000002f
IDT=     00113100 000007ff
CR0=80000011 CR2=00000000 CR3=0011f000 CR4=00000000
DR0=00000000 DR1=00000000 DR2=00000000 DR3=00000000 
DR6=ffff0ff0 DR7=00000400
CCS=00000091 CCD=ffffffce CCO=EFLAGS
EFER=0000000000000000
Servicing hardware INT=0x20
   120: v=20 e=0000 i=0 cpl=0 IP=0008:00104831 pc=00104831 SP=0010:00131280 env->regs[R_EAX]=0000009f
EAX=0000009f EBX=00000003 ECX=00000000 EDX=00000032
ESI=00000000 EDI=00000000 EBP=00000000 ESP=00131280
EIP=00104831 EFL=00000293 [--S-A-C] CPL=0 II=0 A20=1 SMM=0 HLT=0
ES =0010 00000000 ffffffff 00cf9300 DPL=0 DS   [-WA]
CS =0008 00000000 ffffffff 00cf9a00 DPL=0 CS32 [-R-]
SS =0010 00000000 ffffffff 00cf9300 DPL=0 DS   [-WA]
DS =0010 00000000 ffffffff 00cf9300 DPL=0 DS   [-WA]
FS =0010 00000000 ffffffff 00cf9300 DPL=0 DS   [-WA]
GS =0010 00000000 ffffffff 00cf9300 DPL=0 DS   [-WA]
LDT=0000 00000000 0000ffff 00008200 DPL=0 LDT
TR =0028 00113020 00000067 00008900 DPL=0 TSS32-avl
GDT=     001130a0 0000002f
IDT=     00113100 000007ff
CR0=80000011 CR2=00000000 CR3=0011f000 CR4=00000000
DR0=00000000 DR1=00000000 DR2=00000000 DR3=00000000 
DR6=ffff0ff0 DR7=00000400
CCS=00000091 CCD=ffffffce CCO=EFLAGS
EFER=0000000000000000
Servicing hardware INT=0x40
   121: v=40 e=0000 i=0 cpl=0 IP=0008:00101d81 pc=00101d81 SP=0010:00118f44 env->regs[R_EAX]=00000000
EAX=00000000 EBX=00000001 ECX=00000780 EDX=000003d5
ESI=00000000 EDI=00000000 EBP=00000000 ESP=00118f44
EIP=00101d81 EFL=00000212 [----A--] CPL=0 II=0 A20=1 SMM=0 HLT=0
ES =0010 00000000 ffffffff 00cf9300 DPL=0 DS   [-WA]
CS =0008 00000000 ffffffff 00cf9a00 DPL=0 CS32 [-R-]
SS =0010 00000000 ffffffff 00cf9300 DPL=0 DS   [-WA]
DS =0010 00000000 ffffffff 00cf9300 DPL=0 DS   [-WA]
FS =0010 00000000 ffffffff 00cf9300 DPL=0 DS   [-WA]
GS =0010 00000000 ffffffff 00cf9300 DPL=0 DS   [-WA]
LDT=0000 00000000 0000ffff 00008200 DPL=0 LDT
TR =0000 00000000 0000ffff 00008b00 DPL=0 TSS32-busy
GDT=     001130a0 0000002f
IDT=     00113100 000007ff
CR0=e0000011 CR2=00000000 CR3=0011f000 CR4=00000000
DR0=00000000 DR1=00000000 DR2=00000000 DR3=00000000 
DR6=ffff0ff0 DR7=00000400
CCS=00000010 CCD=00118f38 CCO=EFLAGS
EFER=0000000000000000
Servicing hardware INT=0x40
   122: v=40 e=0000 i=0 cpl=0 IP=0008:00104831 pc=00104831 SP=0010:00133368 env->regs[R_EAX]=000000b4
EAX=000000b4 EBX=00000003 ECX=00000000 EDX=00000046
ESI=00000000 EDI=00000000 EBP=00000000 ESP=00133368
EIP=00104831 EFL=00000283 [--S---C] CPL=0 II=0 A20=1 SMM=0 HLT=0
ES =0010 00000000 ffffffff 00cf9300 DPL=0 DS   [-WA]
CS =0008 00000000 ffffffff 00cf9a00 DPL=0 CS32 [-R-]
SS =0010 00000000 ffffffff 00cf9300 DPL=0 DS   [-WA]
DS =0010 00000000 ffffffff 00cf9300 DPL=0 DS   [-WA]
FS =0010 00000000 ffffffff 00cf9300 DPL=0 DS   [-WA]
GS =0010 00000000 ffffffff 00cf9300 DPL=0 DS   [-WA]
LDT=0000 00000000 0000ffff 00008200 DPL=0 LDT
TR =0028 00113020 00000067 00008900 DPL=0 TSS32-avl
GDT=     001130a0 0000002f
IDT=     00113100 000007ff
CR0=80000011 CR2=00000000 CR3=0011f000 CR4=00000000
DR0=00000000 DR1=00000000 DR2=00000000 DR3=00000000 
DR6=ffff0ff0 DR7=00000400
CCS=00000081 CCD=ffffffba CCO=EFLAGS
EFER=0000000000000000
Servicing hardware INT=0x20
   123: v=20 e=0000 i=0 cpl=0 IP=0008:00104831 pc=00104831 SP=0010:00133368 env->regs[R_EAX]=000000b4
EAX=000000b4 EBX=00000003 ECX=00000000 EDX=00000046
ESI=00000000 EDI=00000000 EBP=00000000 ESP=00133368
EIP=00104831 EFL=00000283 [--S---C] CPL=0 II=0 A20=1 SMM=0 HLT=0
ES =0010 00000000 ffffffff 00cf9300 DPL=0 DS   [-WA]
CS =0008 00000000 ffffffff 00cf9a00 DPL=0 CS32 [-R-]
SS =0010 00000000 ffffffff 00cf9300 DPL=0 DS   [-WA]
DS =0010 00000000 ffffffff 00cf9300 DPL=0 DS   [-WA]
FS =0010 00000000 ffffffff 00cf9300 DPL=0 DS   [-WA]
GS =0010 00000000 ffffffff 00cf9300 DPL=0 DS   [-WA]
LDT=0000 00000000 0000ffff 00008200 DPL=0 LDT
TR =0028 00113020 00000067 00008900 DPL=0 TSS32-avl
GDT=     001130a0 0000002f
IDT=     00113100 000007ff
CR0=80000011 CR2=00000000 CR3=0011f000 CR4=00000000
DR0=00000000 DR1=00000000 DR2=00000000 DR3=00000000 
DR6=ffff0ff0 DR7=00000400
CCS=00000081 CCD=ffffffba CCO=EFLAGS
EFER=0000000000000000
Servicing hardware INT=0x40
   124: v=40 e=0000 i=0 cpl=0 IP=0008:0010402d pc=0010402d SP=0010:0013543c env->regs[R_EAX]=000b81de
EAX=000b81de EBX=00000c20 ECX=000b81e0 EDX=00000c20
ESI=00000000 EDI=00000000 EBP=00000000 ESP=0013543c
EIP=0010402d EFL=00000206 [-----P-] CPL=0 II=0 A20=1 SMM=0 HLT=0
ES =0010 00000000 ffffffff 00cf9300 DPL=0 DS   [-WA]
CS =0008 00000000 ffffffff 00cf9a00 DPL=0 CS32 [-R-]
SS =0010 00000000 ffffffff 00cf9300 DPL=0 DS   [-WA]
DS =0010 00000000 ffffffff 00cf9300 DPL=0 DS   [-WA]
FS =0010 00000000 ffffffff 00cf9300 DPL=0 DS   [-WA]
GS =0010 00000000 ffffffff 00cf9300 DPL=0 DS   [-WA]
LDT=0000 00000000 0000ffff 00008200 DPL=0 LDT
TR =0028 00113020 00000067 00008900 DPL=0 TSS32-avl
GDT=     001130a0 0000002f
IDT=     00113100 000007ff
CR0=80000011 CR2=00000000 CR3=0011f000 CR4=00000000
DR0=00000000 DR1=00000000 DR2=00000000 DR3=00000000 
DR6=ffff0ff0 DR7=00000400
CCS=00000004 CCD=000b81de CCO=EFLAGS
EFER=0000000000000000
Servicing hardware INT=0x40
   125: v=40 e=0000 i=0 cpl=0 IP=0008:00101d81 pc=00101d81 SP=0010:00118f44 env->regs[R_EAX]=00000000
EAX=00000000 EBX=00000001 ECX=00000780 EDX=000003d5
ESI=00000000 EDI=00000000 EBP=00000000 ESP=00118f44
EIP=00101d81 EFL=00000212 [----A--] CPL=0 II=0 A20=1 SMM=0 HLT=0
ES =0010 00000000 ffffffff 00cf9300 DPL=0 DS   [-WA]
CS =0008 00000000 ffffffff 00cf9a00 DPL=0 CS32 [-R-]
SS =0010 00000000 ffffffff 00cf9300 DPL=0 DS   [-WA]
DS =0010 00000000 ffffffff 00cf9300 DPL=0 DS   [-WA]
FS =0010 00000000 ffffffff 00cf9300 DPL=0 DS   [-WA]
GS =0010 00000000 ffffffff 00cf9300 DPL=0 DS   [-WA]
LDT=0000 00000000 0000ffff 00008200 DPL=0 LDT
TR =0000 00000000 0000ffff 00008b00 DPL=0 TSS32-busy
GDT=     001130a0 0000002f
IDT=     00113100 000007ff
CR0=e0000011 CR2=00000000 CR3=0011f000 CR4=00000000
DR0=00000000 DR1=00000000 DR2=00000000 DR3=00000000 
DR6=ffff0ff0 DR7=00000400
CCS=00000010 CCD=00118f38 CCO=EFLAGS
EFER=0000000000000000
Servicing hardware INT=0x20
   126: v=20 e=0000 i=0 cpl=0 IP=0008:00104b51 pc=00104b51 SP=0010:00135450 env->regs[R_EAX]=00000000
EAX=00000000 EBX=00000000 ECX=00123280 EDX=00000000
ESI=00000000 EDI=00000000 EBP=00000000 ESP=00135450
EIP=00104b51 EFL=00000246 [---Z-P-] CPL=0 II=0 A20=1 SMM=0 HLT=0
ES =0010 00000000 ffffffff 00cf9300 DPL=0 DS   [-WA]
CS =0008 00000000 ffffffff 00cf9a00 DPL=0 CS32 [-R-]
SS =0010 00000000 ffffffff 00cf9300 DPL=0 DS   [-WA]
DS =0010 00000000 ffffffff 00cf9300 DPL=0 DS   [-WA]
FS =0010 00000000 ffffffff 00cf9300 DPL=0 DS   [-WA]
GS =0010 00000000 ffffffff 00cf9300 DPL=0 DS   [-WA]
LDT=0000 00000000 0000ffff 00008200 DPL=0 LDT
TR =0028 00113020 00000067 00008900 DPL=0 TSS32-avl
GDT=     001130a0 0000002f
IDT=     00113100 000007ff
CR0=80000011 CR2=00000000 CR3=0011f000 CR4=00000000
DR0=00000000 DR1=00000000 DR2=00000000 DR3=00000000 
DR6=ffff0ff0 DR7=00000400
CCS=00000044 CCD=00000000 CCO=EFLAGS
EFER=0000000000000000
   127: v=80 e=0000 i=1 cpl=3 IP=001b:01000018 pc=01000018 SP=0023:01403fdc env->regs[R_EAX]=00000001
EAX=00000001 EBX=00000001 ECX=01000503 EDX=00000017
ESI=00000000 EDI=00000000 EBP=00000000 ESP=01403fdc
EIP=01000018 EFL=00000212 [----A--] CPL=3 II=0 A20=1 SMM=0 HLT=0
ES =0023 00000000 ffffffff 00cff300 DPL=3 DS   [-WA]
CS =001b 00000000 ffffffff 00cffa00 DPL=3 CS32 [-R-]
SS =0023 00000000 ffffffff 00cff300 DPL=3 DS   [-WA]
DS =0023 00000000 ffffffff 00cff300 DPL=3 DS   [-WA]
FS =0023 00000000 ffffffff 00cff300 DPL=3 DS   [-WA]
GS =0023 00000000 ffffffff 00cff300 DPL=3 DS   [-WA]
LDT=0000 00000000 0000ffff 00008200 DPL=0 LDT
TR =0028 00113020 00000067 00008900 DPL=0 TSS32-avl
GDT=     001130a0 0000002f
IDT=     00113100 000007ff
CR0=80000011 CR2=00000000 CR3=00002000 CR4=00000000
DR0=00000000 DR1=00000000 DR2=00000000 DR3=00000000 
DR6=ffff0ff0 DR7=00000400
CCS=00000014 CCD=01403fdc CCO=SUBL
EFER=0000000000000000
   128: v=80 e=0000 i=1 cpl=3 IP=001b:01000025 pc=01000025 SP=0023:01403fdc env->regs[R_EAX]=00000003
EAX=00000003 EBX=00000000 ECX=00000000 EDX=00000000
ESI=00000000 EDI=00000000 EBP=00000000 ESP=01403fdc
EIP=01000025 EFL=00000246 [---Z-P-] CPL=3 II=0 A20=1 SMM=0 HLT=0
ES =0023 00000000 ffffffff 00cff300 DPL=3 DS   [-WA]
CS =001b 00000000 ffffffff 00cffa00 DPL=3 CS32 [-R-]
SS =0023 00000000 ffffffff 00cff300 DPL=3 DS   [-WA]
DS =0023 00000000 ffffffff 00cff300 DPL=3 DS   [-WA]
FS =0023 00000000 ffffffff 00cff300 DPL=3 DS   [-WA]
GS =0023 00000000 ffffffff 00cff300 DPL=3 DS   [-WA]
LDT=0000 00000000 0000ffff 00008200 DPL=0 LDT
TR =0028 00113020 00000067 00008900 DPL=0 TSS32-avl
GDT=     001130a0 0000002f
IDT=     00113100 000007ff
CR0=80000011 CR2=00000000 CR3=00002000 CR4=00000000
DR0=00000000 DR1=00000000 DR2=00000000 DR3=00000000 
DR6=ffff0ff0 DR7=00000400
CCS=00000044 CCD=00137548 CCO=EFLAGS
EFER=0000000000000000
   129: v=80 e=0000 i=1 cpl=3 IP=001b:01000054 pc=01000054 SP=0023:01403fdc env->regs[R_EAX]=00000001
EAX=00000001 EBX=00000001 ECX=01403fe4 EDX=00000001
ESI=01403fe4 EDI=00000001 EBP=01403fe3 ESP=01403fdc
EIP=01000054 EFL=00000246 [---Z-P-] CPL=3 II=0 A20=1 SMM=0 HLT=0
ES =0023 00000000 ffffffff 00cff300 DPL=3 DS   [-WA]
CS =001b 00000000 ffffffff 00cffa00 DPL=3 CS32 [-R-]
SS =0023 00000000 ffffffff 00cff300 DPL=3 DS   [-WA]
DS =0023 00000000 ffffffff 00cff300 DPL=3 DS   [-WA]
FS =0023 00000000 ffffffff 00cff300 DPL=3 DS   [-WA]
GS =0023 00000000 ffffffff 00cff300 DPL=3 DS   [-WA]
LDT=0000 00000000 0000ffff 00008200 DPL=0 LDT
TR =0028 00113020 00000067 00008900 DPL=0 TSS32-avl
GDT=     001130a0 0000002f
IDT=     00113100 000007ff
CR0=80000011 CR2=00000000 CR3=00002000 CR4=00000000
DR0=00000000 DR1=00000000 DR2=00000000 DR3=00000000 
DR6=ffff0ff0 DR7=00000400
CCS=00000009 CCD=00000000 CCO=LOGICL
EFER=0000000000000000
   130: v=80 e=0000 i=1 cpl=3 IP=001b:01000087 pc=01000087 SP=0023:01403fdc env->regs[R_EAX]=00000001
EAX=00000001 EBX=00000001 ECX=010005a7 EDX=00000001
ESI=01403fe3 EDI=00000001 EBP=01403fe3 ESP=01403fdc
EIP=01000087 EFL=00000246 [---Z-P-] CPL=3 II=0 A20=1 SMM=0 HLT=0
ES =0023 00000000 ffffffff 00cff300 DPL=3 DS   [-WA]
CS =001b 00000000 ffffffff 00cffa00 DPL=3 CS32 [-R-]
SS =0023 00000000 ffffffff 00cff300 DPL=3 DS   [-WA]
DS =0023 00000000 ffffffff 00cff300 DPL=3 DS   [-WA]
FS =0023 00000000 ffffffff 00cff300 DPL=3 DS   [-WA]
GS =0023 00000000 ffffffff 00cff300 DPL=3 DS   [-WA]
LDT=0000 00000000 0000ffff 00008200 DPL=0 LDT
TR =0028 00113020 00000067 00008900 DPL=0 TSS32-avl
GDT=     001130a0 0000002f
IDT=     00113100 000007ff
CR0=80000011 CR2=00000000 CR3=00002000 CR4=00000000
DR0=00000000 DR1=00000000 DR2=00000000 DR3=00000000 
DR6=ffff0ff0 DR7=00000400
CCS=01403fe3 CCD=00000000 CCO=SUBL
EFER=0000000000000000
Servicing hardware INT=0x40
   131: v=40 e=0000 i=0 cpl=0 IP=0008:00101d81 pc=00101d81 SP=0010:00118f44 env->regs[R_EAX]=00000000
EAX=00000000 EBX=00000001 ECX=00000780 EDX=000003d5
ESI=00000000 EDI=00000000 EBP=00000000 ESP=00118f44
EIP=00101d81 EFL=00000212 [----A--] CPL=0 II=0 A20=1 SMM=0 HLT=0
ES =0010 00000000 ffffffff 00cf9300 DPL=0 DS   [-WA]
CS =0008 00000000 ffffffff 00cf9a00 DPL=0 CS32 [-R-]
SS =0010 00000000 ffffffff 00cf9300 DPL=0 DS   [-WA]
DS =0010 00000000 ffffffff 00cf9300 DPL=0 DS   [-WA]
FS =0010 00000000 ffffffff 00cf9300 DPL=0 DS   [-WA]
GS =0010 00000000 ffffffff 00cf9300 DPL=0 DS   [-WA]
LDT=0000 00000000 0000ffff 00008200 DPL=0 LDT
TR =0000 00000000 0000ffff 00008b00 DPL=0 TSS32-busy
GDT=     001130a0 0000002f
IDT=     00113100 000007ff
CR0=e0000011 CR2=00000000 CR3=0011f000 CR4=00000000
DR0=00000000 DR1=00000000 DR2=00000000 DR3=00000000 
DR6=ffff0ff0 DR7=00000400
CCS=00000010 CCD=00118f38 CCO=EFLAGS
EFER=0000000000000000
Servicing hardware INT=0x40
   132: v=40 e=0000 i=0 cpl=3 IP=001b:01000089 pc=01000089 SP=0023:01403fdc env->regs[R_EAX]=00000001
EAX=00000001 EBX=00000001 ECX=010005a7 EDX=00000001
ESI=01403fe3 EDI=00000001 EBP=01403fe3 ESP=01403fdc
EIP=01000089 EFL=00000246 [---Z-P-] CPL=3 II=0 A20=1 SMM=0 HLT=0
ES =0023 00000000 ffffffff 00cff300 DPL=3 DS   [-WA]
CS =001b 00000000 ffffffff 00cffa00 DPL=3 CS32 [-R-]
SS =0023 00000000 ffffffff 00cff300 DPL=3 DS   [-WA]
DS =0023 00000000 ffffffff 00cff300 DPL=3 DS   [-WA]
FS =0023 00000000 ffffffff 00cff300 DPL=3 DS   [-WA]
GS =0023 00000000 ffffffff 00cff300 DPL=3 DS   [-WA]
LDT=0000 00000000 0000ffff 00008200 DPL=0 LDT
TR =0028 00113020 00000067 00008900 DPL=0 TSS32-avl
GDT=     001130a0 0000002f
IDT=     00113100 000007ff
CR0=80000011 CR2=00000000 CR3=00002000 CR4=00000000
DR0=00000000 DR1=00000000 DR2=00000000 DR3=00000000 
DR6=ffff0ff0 DR7=00000400
CCS=00000044 CCD=00137548 CCO=EFLAGS
EFER=0000000000000000
   133: v=80 e=0000 i=1 cpl=3 IP=001b:0100009a pc=0100009a SP=0023:01403fdc env->regs[R_EAX]=0000000a
EAX=0000000a EBX=0100051b ECX=00000005 EDX=00000000
ESI=01403fe3 EDI=00000001 EBP=01403fe3 ESP=01403fdc
EIP=0100009a EFL=00010246 [---Z-P-] CPL=3 II=0 A20=1 SMM=0 HLT=0
ES =0023 00000000 ffffffff 00cff300 DPL=3 DS   [-WA]
CS =001b 00000000 ffffffff 00cffa00 DPL=3 CS32 [-R-]
SS =0023 00000000 ffffffff 00cff300 DPL=3 DS   [-WA]
DS =0023 00000000 ffffffff 00cff300 DPL=3 DS   [-WA]
FS =0023 00000000 ffffffff 00cff300 DPL=3 DS   [-WA]
GS =0023 00000000 ffffffff 00cff300 DPL=3 DS   [-WA]
LDT=0000 00000000 0000ffff 00008200 DPL=0 LDT
TR =0028 00113020 00000067 00008900 DPL=0 TSS32-avl
GDT=     001130a0 0000002f
IDT=     00113100 000007ff
CR0=80000011 CR2=00000000 CR3=00002000 CR4=00000000
DR0=00000000 DR1=00000000 DR2=00000000 DR3=00000000 
DR6=ffff0ff0 DR7=00000400
CCS=00000044 CCD=00137548 CCO=EFLAGS
EFER=0000000000000000
   134: v=80 e=0000 i=1 cpl=3 IP=001b:010000ae pc=010000ae SP=0023:01403fdc env->regs[R_EAX]=00000001
EAX=00000001 EBX=00000000 ECX=01000521 EDX=00000003
ESI=01403fe3 EDI=00000001 EBP=01403fe3 ESP=01403fdc
EIP=010000ae EFL=00000246 [---Z-P-] CPL=3 II=0 A20=1 SMM=0 HLT=0
ES =0023 00000000 ffffffff 00cff300 DPL=3 DS   [-WA]
CS =001b 00000000 ffffffff 00cffa00 DPL=3 CS32 [-R-]
SS =0023 00000000 ffffffff 00cff300 DPL=3 DS   [-WA]
DS =0023 00000000 ffffffff 00cff300 DPL=3 DS   [-WA]
FS =0023 00000000 ffffffff 00cff300 DPL=3 DS   [-WA]
GS =0023 00000000 ffffffff 00cff300 DPL=3 DS   [-WA]
LDT=0000 00000000 0000ffff 00008200 DPL=0 LDT
TR =0028 00113020 00000067 00008900 DPL=0 TSS32-avl
GDT=     001130a0 0000002f
IDT=     00113100 000007ff
CR0=80000011 CR2=00000000 CR3=00002000 CR4=00000000
DR0=00000000 DR1=00000000 DR2=00000000 DR3=00000000 
DR6=ffff0ff0 DR7=00000400
CCS=00000044 CCD=00000000 CCO=LOGICL
EFER=0000000000000000
   135: v=80 e=0000 i=1 cpl=3 IP=001b:010000b9 pc=010000b9 SP=0023:01403fdc env->regs[R_EAX]=0000000b
EAX=0000000b EBX=00000000 ECX=00000000 EDX=00000000
ESI=01403fe3 EDI=00000001 EBP=01403fe3 ESP=01403fdc
EIP=010000b9 EFL=00000246 [---Z-P-] CPL=3 II=0 A20=1 SMM=0 HLT=0
ES =0023 00000000 ffffffff 00cff300 DPL=3 DS   [-WA]
CS =001b 00000000 ffffffff 00cffa00 DPL=3 CS32 [-R-]
SS =0023 00000000 ffffffff 00cff300 DPL=3 DS   [-WA]
DS =0023 00000000 ffffffff 00cff300 DPL=3 DS   [-WA]
FS =0023 00000000 ffffffff 00cff300 DPL=3 DS   [-WA]
GS =0023 00000000 ffffffff 00cff300 DPL=3 DS   [-WA]
LDT=0000 00000000 0000ffff 00008200 DPL=0 LDT
TR =0028 00113020 00000067 00008900 DPL=0 TSS32-avl
GDT=     001130a0 0000002f
IDT=     00113100 000007ff
CR0=80000011 CR2=00000000 CR3=00002000 CR4=00000000
DR0=00000000 DR1=00000000 DR2=00000000 DR3=00000000 
DR6=ffff0ff0 DR7=00000400
CCS=00000044 CCD=00137548 CCO=EFLAGS
EFER=0000000000000000
   136: v=80 e=0000 i=1 cpl=3 IP=001b:010000cc pc=010000cc SP=0023:01403fdc env->regs[R_EAX]=00000001
EAX=00000001 EBX=00000001 ECX=01000525 EDX=0000000f
ESI=01403fe3 EDI=00000001 EBP=01403fe3 ESP=01403fdc
EIP=010000cc EFL=00000246 [---Z-P-] CPL=3 II=0 A20=1 SMM=0 HLT=0
ES =0023 00000000 ffffffff 00cff300 DPL=3 DS   [-WA]
CS =001b 00000000 ffffffff 00cffa00 DPL=3 CS32 [-R-]
SS =0023 00000000 ffffffff 00cff300 DPL=3 DS   [-WA]
DS =0023 00000000 ffffffff 00cff300 DPL=3 DS   [-WA]
FS =0023 00000000 ffffffff 00cff300 DPL=3 DS   [-WA]
GS =0023 00000000 ffffffff 00cff300 DPL=3 DS   [-WA]
LDT=0000 00000000 0000ffff 00008200 DPL=0 LDT
TR =0028 00113020 00000067 00008900 DPL=0 TSS32-avl
GDT=     001130a0 0000002f
IDT=     00113100 000007ff
CR0=80000011 CR2=00000000 CR3=00002000 CR4=00000000
DR0=00000000 DR1=00000000 DR2=00000000 DR3=00000000 
DR6=ffff0ff0 DR7=00000400
CCS=00000044 CCD=00137548 CCO=EFLAGS
EFER=0000000000000000
   137: v=80 e=0000 i=1 cpl=3 IP=001b:010000da pc=010000da SP=0023:01403fdc env->regs[R_EAX]=00000001
EAX=00000001 EBX=00000001 ECX=010005ac EDX=0000001f
ESI=01403fe3 EDI=00000001 EBP=01403fe3 ESP=01403fdc
EIP=010000da EFL=00000246 [---Z-P-] CPL=3 II=0 A20=1 SMM=0 HLT=0
ES =0023 00000000 ffffffff 00cff300 DPL=3 DS   [-WA]
CS =001b 00000000 ffffffff 00cffa00 DPL=3 CS32 [-R-]
SS =0023 00000000 ffffffff 00cff300 DPL=3 DS   [-WA]
DS =0023 00000000 ffffffff 00cff300 DPL=3 DS   [-WA]
FS =0023 00000000 ffffffff 00cff300 DPL=3 DS   [-WA]
GS =0023 00000000 ffffffff 00cff300 DPL=3 DS   [-WA]
LDT=0000 00000000 0000ffff 00008200 DPL=0 LDT
TR =0028 00113020 00000067 00008900 DPL=0 TSS32-avl
GDT=     001130a0 0000002f
IDT=     00113100 000007ff
CR0=80000011 CR2=00000000 CR3=00002000 CR4=00000000
DR0=00000000 DR1=00000000 DR2=00000000 DR3=00000000 
DR6=ffff0ff0 DR7=00000400
CCS=00000044 CCD=00137548 CCO=EFLAGS
EFER=0000000000000000
   138: v=80 e=0000 i=1 cpl=3 IP=001b:010000e7 pc=010000e7 SP=0023:01403fdc env->regs[R_EAX]=00000003
EAX=00000003 EBX=00000000 ECX=00000000 EDX=00000000
ESI=01403fe3 EDI=00000001 EBP=01403fe3 ESP=01403fdc
EIP=010000e7 EFL=00000246 [---Z-P-] CPL=3 II=0 A20=1 SMM=0 HLT=0
ES =0023 00000000 ffffffff 00cff300 DPL=3 DS   [-WA]
CS =001b 00000000 ffffffff 00cffa00 DPL=3 CS32 [-R-]
SS =0023 00000000 ffffffff 00cff300 DPL=3 DS   [-WA]
DS =0023 00000000 ffffffff 00cff300 DPL=3 DS   [-WA]
FS =0023 00000000 ffffffff 00cff300 DPL=3 DS   [-WA]
GS =0023 00000000 ffffffff 00cff300 DPL=3 DS   [-WA]
LDT=0000 00000000 0000ffff 00008200 DPL=0 LDT
TR =0028 00113020 00000067 00008900 DPL=0 TSS32-avl
GDT=     001130a0 0000002f
IDT=     00113100 000007ff
CR0=80000011 CR2=00000000 CR3=00002000 CR4=00000000
DR0=00000000 DR1=00000000 DR2=00000000 DR3=00000000 
DR6=ffff0ff0 DR7=00000400
CCS=00000044 CCD=00137548 CCO=EFLAGS
EFER=0000000000000000
   139: v=80 e=0000 i=1 cpl=3 IP=001b:0100011a pc=0100011a SP=0023:01403fdc env->regs[R_EAX]=00000001
EAX=00000001 EBX=00000001 ECX=01403fe4 EDX=00000001
ESI=00000001 EDI=01403fe4 EBP=01403fe3 ESP=01403fdc
EIP=0100011a EFL=00000246 [---Z-P-] CPL=3 II=0 A20=1 SMM=0 HLT=0
ES =0023 00000000 ffffffff 00cff300 DPL=3 DS   [-WA]
CS =001b 00000000 ffffffff 00cffa00 DPL=3 CS32 [-R-]
SS =0023 00000000 ffffffff 00cff300 DPL=3 DS   [-WA]
DS =0023 00000000 ffffffff 00cff300 DPL=3 DS   [-WA]
FS =0023 00000000 ffffffff 00cff300 DPL=3 DS   [-WA]
GS =0023 00000000 ffffffff 00cff300 DPL=3 DS   [-WA]
LDT=0000 00000000 0000ffff 00008200 DPL=0 LDT
TR =0028 00113020 00000067 00008900 DPL=0 TSS32-avl
GDT=     001130a0 0000002f
IDT=     00113100 000007ff
CR0=80000011 CR2=00000000 CR3=00002000 CR4=00000000
DR0=00000000 DR1=00000000 DR2=00000000 DR3=00000000 
DR6=ffff0ff0 DR7=00000400
CCS=00000009 CCD=00000000 CCO=LOGICL
EFER=0000000000000000
   140: v=80 e=0000 i=1 cpl=3 IP=001b:01000153 pc=01000153 SP=0023:01403fdc env->regs[R_EAX]=00000001
EAX=00000001 EBX=00000001 ECX=010005a7 EDX=00000001
ESI=00000001 EDI=01403fe3 EBP=01403fe3 ESP=01403fdc
EIP=01000153 EFL=00000246 [---Z-P-] CPL=3 II=0 A20=1 SMM=0 HLT=0
ES =0023 00000000 ffffffff 00cff300 DPL=3 DS   [-WA]
CS =001b 00000000 ffffffff 00cffa00 DPL=3 CS32 [-R-]
SS =0023 00000000 ffffffff 00cff300 DPL=3 DS   [-WA]
DS =0023 00000000 ffffffff 00cff300 DPL=3 DS   [-WA]
FS =0023 00000000 ffffffff 00cff300 DPL=3 DS   [-WA]
GS =0023 00000000 ffffffff 00cff300 DPL=3 DS   [-WA]
LDT=0000 00000000 0000ffff 00008200 DPL=0 LDT
TR =0028 00113020 00000067 00008900 DPL=0 TSS32-avl
GDT=     001130a0 0000002f
IDT=     00113100 000007ff
CR0=80000011 CR2=00000000 CR3=00002000 CR4=00000000
DR0=00000000 DR1=00000000 DR2=00000000 DR3=00000000 
DR6=ffff0ff0 DR7=00000400
CCS=01403fe3 CCD=00000000 CCO=SUBL
EFER=0000000000000000
   141: v=80 e=0000 i=1 cpl=3 IP=001b:01000169 pc=01000169 SP=0023:01403fdc env->regs[R_EAX]=0000000d
EAX=0000000d EBX=00000000 ECX=00000000 EDX=00000000
ESI=00000001 EDI=01403fe3 EBP=01403fe3 ESP=01403fdc
EIP=01000169 EFL=00000246 [---Z-P-] CPL=3 II=0 A20=1 SMM=0 HLT=0
ES =0023 00000000 ffffffff 00cff300 DPL=3 DS   [-WA]
CS =001b 00000000 ffffffff 00cffa00 DPL=3 CS32 [-R-]
SS =0023 00000000 ffffffff 00cff300 DPL=3 DS   [-WA]
DS =0023 00000000 ffffffff 00cff300 DPL=3 DS   [-WA]
FS =0023 00000000 ffffffff 00cff300 DPL=3 DS   [-WA]
GS =0023 00000000 ffffffff 00cff300 DPL=3 DS   [-WA]
LDT=0000 00000000 0000ffff 00008200 DPL=0 LDT
TR =0028 00113020 00000067 00008900 DPL=0 TSS32-avl
GDT=     001130a0 0000002f
IDT=     00113100 000007ff
CR0=80000011 CR2=00000000 CR3=00002000 CR4=00000000
DR0=00000000 DR1=00000000 DR2=00000000 DR3=00000000 
DR6=ffff0ff0 DR7=00000400
CCS=00000044 CCD=00137548 CCO=EFLAGS
EFER=0000000000000000
Servicing hardware INT=0x20
   142: v=20 e=0000 i=0 cpl=3 IP=001b:0100016b pc=0100016b SP=0023:01403fdc env->regs[R_EAX]=00114e20
EAX=00114e20 EBX=00000000 ECX=00000000 EDX=00000000
ESI=00000001 EDI=01403fe3 EBP=01403fe3 ESP=01403fdc
EIP=0100016b EFL=00000246 [---Z-P-] CPL=3 II=0 A20=1 SMM=0 HLT=0
ES =0023 00000000 ffffffff 00cff300 DPL=3 DS   [-WA]
CS =001b 00000000 ffffffff 00cffa00 DPL=3 CS32 [-R-]
SS =0023 00000000 ffffffff 00cff300 DPL=3 DS   [-WA]
DS =0023 00000000 ffffffff 00cff300 DPL=3 DS   [-WA]
FS =0023 00000000 ffffffff 00cff300 DPL=3 DS   [-WA]
GS =0023 00000000 ffffffff 00cff300 DPL=3 DS   [-WA]
LDT=0000 00000000 0000ffff 00008200 DPL=0 LDT
TR =0028 00113020 00000067 00008900 DPL=0 TSS32-avl
GDT=     001130a0 0000002f
IDT=     00113100 000007ff
CR0=80000011 CR2=00000000 CR3=00002000 CR4=00000000
DR0=00000000 DR1=00000000 DR2=00000000 DR3=00000000 
DR6=ffff0ff0 DR7=00000400
CCS=00000044 CCD=00137548 CCO=EFLAGS
EFER=0000000000000000
Servicing hardware INT=0x40
   143: v=40 e=0000 i=0 cpl=0 IP=0008:00100a11 pc=00100a11 SP=0010:00112eb8 env->regs[R_EAX]=0000000d
EAX=0000000d EBX=001333a0 ECX=00000000 EDX=000003f8
ESI=00000000 EDI=00000000 EBP=00000000 ESP=00112eb8
EIP=00100a11 EFL=00000216 [----AP-] CPL=0 II=0 A20=1 SMM=0 HLT=0
ES =0010 00000000 ffffffff 00cf9300 DPL=0 DS   [-WA]
CS =0008 00000000 ffffffff 00cf9a00 DPL=0 CS32 [-R-]
SS =0010 00000000 ffffffff 00cf9300 DPL=0 DS   [-WA]
DS =0010 00000000 ffffffff 00cf9300 DPL=0 DS   [-WA]
FS =0010 00000000 ffffffff 00cf9300 DPL=0 DS   [-WA]
GS =0010 00000000 ffffffff 00cf9300 DPL=0 DS   [-WA]
LDT=0000 00000000 0000ffff 00008200 DPL=0 LDT
TR =0028 00113020 00000067 00008900 DPL=0 TSS32-avl
GDT=     001130a0 0000002f
IDT=     00113100 000007ff
CR0=80000011 CR2=00000000 CR3=0011f000 CR4=00000000
DR0=00000000 DR1=00000000 DR2=00000000 DR3=00000000 
DR6=ffff0ff0 DR7=00000400
CCS=00000014 CCD=00112eb4 CCO=EFLAGS
EFER=0000000000000000
Servicing hardware INT=0x40
   144: v=40 e=0000 i=0 cpl=0 IP=0008:00101d81 pc=00101d81 SP=0010:00118f44 env->regs[R_EAX]=00000000
EAX=00000000 EBX=00000001 ECX=00000780 EDX=000003d5
ESI=00000000 EDI=00000000 EBP=00000000 ESP=00118f44
EIP=00101d81 EFL=00000212 [----A--] CPL=0 II=0 A20=1 SMM=0 HLT=0
ES =0010 00000000 ffffffff 00cf9300 DPL=0 DS   [-WA]
CS =0008 00000000 ffffffff 00cf9a00 DPL=0 CS32 [-R-]
SS =0010 00000000 ffffffff 00cf9300 DPL=0 DS   [-WA]
DS =0010 00000000 ffffffff 00cf9300 DPL=0 DS   [-WA]
FS =0010 00000000 ffffffff 00cf9300 DPL=0 DS   [-WA]
GS =0010 00000000 ffffffff 00cf9300 DPL=0 DS   [-WA]
LDT=0000 00000000 0000ffff 00008200 DPL=0 LDT
TR =0000 00000000 0000ffff 00008b00 DPL=0 TSS32-busy
GDT=     001130a0 0000002f
IDT=     00113100 000007ff
CR0=e0000011 CR2=00000000 CR3=0011f000 CR4=00000000
DR0=00000000 DR1=00000000 DR2=00000000 DR3=00000000 
DR6=ffff0ff0 DR7=00000400
CCS=00000010 CCD=00118f38 CCO=EFLAGS
EFER=0000000000000000
Servicing hardware INT=0x20
   145: v=20 e=0000 i=0 cpl=0 IP=0008:00100a11 pc=00100a11 SP=0010:00112eb8 env->regs[R_EAX]=0000000d
EAX=0000000d EBX=001333a0 ECX=00000000 EDX=000003f8
ESI=00000000 EDI=00000000 EBP=00000000 ESP=00112eb8
EIP=00100a11 EFL=00000216 [----AP-] CPL=0 II=0 A20=1 SMM=0 HLT=0
ES =0010 00000000 ffffffff 00cf9300 DPL=0 DS   [-WA]
CS =0008 00000000 ffffffff 00cf9a00 DPL=0 CS32 [-R-]
SS =0010 00000000 ffffffff 00cf9300 DPL=0 DS   [-WA]
DS =0010 00000000 ffffffff 00cf9300 DPL=0 DS   [-WA]
FS =0010 00000000 ffffffff 00cf9300 DPL=0 DS   [-WA]
GS =0010 00000000 ffffffff 00cf9300 DPL=0 DS   [-WA]
LDT=0000 00000000 0000ffff 00008200 DPL=0 LDT
TR =0028 00113020 00000067 00008900 DPL=0 TSS32-avl
GDT=     001130a0 0000002f
IDT=     00113100 000007ff
CR0=80000011 CR2=00000000 CR3=0011f000 CR4=00000000
DR0=00000000 DR1=00000000 DR2=00000000 DR3=00000000 
DR6=ffff0ff0 DR7=00000400
CCS=00000014 CCD=00112eac CCO=EFLAGS
EFER=0000000000000000
Servicing hardware INT=0x40
   146: v=40 e=0000 i=0 cpl=0 IP=0008:00101d81 pc=00101d81 SP=0010:00118f44 env->regs[R_EAX]=00000000
EAX=00000000 EBX=00000001 ECX=00000780 EDX=000003d5
ESI=00000000 EDI=00000000 EBP=00000000 ESP=00118f44
EIP=00101d81 EFL=00000212 [----A--] CPL=0 II=0 A20=1 SMM=0 HLT=0
ES =0010 00000000 ffffffff 00cf9300 DPL=0 DS   [-WA]
CS =0008 00000000 ffffffff 00cf9a00 DPL=0 CS32 [-R-]
SS =0010 00000000 ffffffff 00cf9300 DPL=0 DS   [-WA]
DS =0010 00000000 ffffffff 00cf9300 DPL=0 DS   [-WA]
FS =0010 00000000 ffffffff 00cf9300 DPL=0 DS   [-WA]
GS =0010 00000000 ffffffff 00cf9300 DPL=0 DS   [-WA]
LDT=0000 00000000 0000ffff 00008200 DPL=0 LDT
TR =0000 00000000 0000ffff 00008b00 DPL=0 TSS32-busy
GDT=     001130a0 0000002f
IDT=     00113100 000007ff
CR0=e0000011 CR2=00000000 CR3=0011f000 CR4=00000000
DR0=00000000 DR1=00000000 DR2=00000000 DR3=00000000 
DR6=ffff0ff0 DR7=00000400
CCS=00000010 CCD=00118f38 CCO=EFLAGS
EFER=0000000000000000
Servicing hardware INT=0x40
   147: v=40 e=0000 i=0 cpl=0 IP=0008:00106236 pc=00106236 SP=0010:0012f19c env->regs[R_EAX]=5147ae14
EAX=5147ae14 EBX=00000000 ECX=0012d110 EDX=0011f000
ESI=00000000 EDI=00000000 EBP=00000000 ESP=0012f19c
EIP=00106236 EFL=00000206 [-----P-] CPL=0 II=0 A20=1 SMM=0 HLT=0
ES =0010 00000000 ffffffff 00cf9300 DPL=0 DS   [-WA]
CS =0008 00000000 ffffffff 00cf9a00 DPL=0 CS32 [-R-]
SS =0010 00000000 ffffffff 00cf9300 DPL=0 DS   [-WA]
DS =0010 00000000 ffffffff 00cf9300 DPL=0 DS   [-WA]
FS =0010 00000000 ffffffff 00cf9300 DPL=0 DS   [-WA]
GS =0010 00000000 ffffffff 00cf9300 DPL=0 DS   [-WA]
LDT=0000 00000000 0000ffff 00008200 DPL=0 LDT
TR =0028 00113020 00000067 00008900 DPL=0 TSS32-avl
GDT=     001130a0 0000002f
IDT=     00113100 000007ff
CR0=80000011 CR2=00000000 CR3=0011f000 CR4=00000000
DR0=00000000 DR1=00000000 DR2=00000000 DR3=00000000 
DR6=ffff0ff0 DR7=00000400
CCS=00000004 CCD=50000000 CCO=EFLAGS
EFER=0000000000000000
Servicing hardware INT=0x20
   148: v=20 e=0000 i=0 cpl=0 IP=0008:00106236 pc=00106236 SP=0010:0012f19c env->regs[R_EAX]=69999999
EAX=69999999 EBX=00000000 ECX=0012d110 EDX=0011f000
ESI=00000000 EDI=00000000 EBP=00000000 ESP=0012f19c
EIP=00106236 EFL=00000202 [-------] CPL=0 II=0 A20=1 SMM=0 HLT=0
ES =0010 00000000 ffffffff 00cf9300 DPL=0 DS   [-WA]
CS =0008 00000000 ffffffff 00cf9a00 DPL=0 CS32 [-R-]
SS =0010 00000000 ffffffff 00cf9300 DPL=0 DS   [-WA]
DS =0010 00000000 ffffffff 00cf9300 DPL=0 DS   [-WA]
FS =0010 00000000 ffffffff 00cf9300 DPL=0 DS   [-WA]
GS =0010 00000000 ffffffff 00cf9300 DPL=0 DS   [-WA]
LDT=0000 00000000 0000ffff 00008200 DPL=0 LDT
TR =0028 00113020 00000067 00008900 DPL=0 TSS32-avl
GDT=     001130a0 0000002f
IDT=     00113100 000007ff
CR0=80000011 CR2=00000000 CR3=0011f000 CR4=00000000
DR0=00000000 DR1=00000000 DR2=00000000 DR3=00000000 
DR6=ffff0ff0 DR7=00000400
CCS=00000000 CCD=6851eb85 CCO=EFLAGS
EFER=0000000000000000
Servicing hardware INT=0x40
   149: v=40 e=0000 i=0 cpl=0 IP=0008:00104831 pc=00104831 SP=0010:00131280 env->regs[R_EAX]=0000009f
EAX=0000009f EBX=00000003 ECX=00000000 EDX=00000032
ESI=00000000 EDI=00000000 EBP=00000000 ESP=00131280
EIP=00104831 EFL=00000297 [--S-APC] CPL=0 II=0 A20=1 SMM=0 HLT=0
ES =0010 00000000 ffffffff 00cf9300 DPL=0 DS   [-WA]
CS =0008 00000000 ffffffff 00cf9a00 DPL=0 CS32 [-R-]
SS =0010 00000000 ffffffff 00cf9300 DPL=0 DS   [-WA]
DS =0010 00000000 ffffffff 00cf9300 DPL=0 DS   [-WA]
FS =0010 00000000 ffffffff 00cf9300 DPL=0 DS   [-WA]
GS =0010 00000000 ffffffff 00cf9300 DPL=0 DS   [-WA]
LDT=0000 00000000 0000ffff 00008200 DPL=0 LDT
TR =0028 00113020 00000067 00008900 DPL=0 TSS32-avl
GDT=     001130a0 0000002f
IDT=     00113100 000007ff
CR0=80000011 CR2=00000000 CR3=0011f000 CR4=00000000
DR0=00000000 DR1=00000000 DR2=00000000 DR3=00000000 
DR6=ffff0ff0 DR7=00000400
CCS=00000095 CCD=ffffffd4 CCO=EFLAGS
EFER=0000000000000000
Servicing hardware INT=0x40
   150: v=40 e=0000 i=0 cpl=0 IP=0008:00101d81 pc=00101d81 SP=0010:00118f44 env->regs[R_EAX]=00000000
EAX=00000000 EBX=00000001 ECX=00000780 EDX=000003d5
ESI=00000000 EDI=00000000 EBP=00000000 ESP=00118f44
EIP=00101d81 EFL=00000212 [----A--] CPL=0 II=0 A20=1 SMM=0 HLT=0
ES =0010 00000000 ffffffff 00cf9300 DPL=0 DS   [-WA]
CS =0008 00000000 ffffffff 00cf9a00 DPL=0 CS32 [-R-]
SS =0010 00000000 ffffffff 00cf9300 DPL=0 DS   [-WA]
DS =0010 00000000 ffffffff 00cf9300 DPL=0 DS   [-WA]
FS =0010 00000000 ffffffff 00cf9300 DPL=0 DS   [-WA]
GS =0010 00000000 ffffffff 00cf9300 DPL=0 DS   [-WA]
LDT=0000 00000000 0000ffff 00008200 DPL=0 LDT
TR =0000 00000000 0000ffff 00008b00 DPL=0 TSS32-busy
GDT=     001130a0 0000002f
IDT=     00113100 000007ff
CR0=e0000011 CR2=00000000 CR3=0011f000 CR4=00000000
DR0=00000000 DR1=00000000 DR2=00000000 DR3=00000000 
DR6=ffff0ff0 DR7=00000400
CCS=00000010 CCD=00118f38 CCO=EFLAGS
EFER=0000000000000000
Servicing hardware INT=0x20
   151: v=20 e=0000 i=0 cpl=0 IP=0008:00104831 pc=00104831 SP=0010:00131280 env->regs[R_EAX]=0000009f
EAX=0000009f EBX=00000003 ECX=00000000 EDX=00000032
ESI=00000000 EDI=00000000 EBP=00000000 ESP=00131280
EIP=00104831 EFL=00000297 [--S-APC] CPL=0 II=0 A20=1 SMM=0 HLT=0
ES =0010 00000000 ffffffff 00cf9300 DPL=0 DS   [-WA]
CS =0008 00000000 ffffffff 00cf9a00 DPL=0 CS32 [-R-]
SS =0010 00000000 ffffffff 00cf9300 DPL=0 DS   [-WA]
DS =0010 00000000 ffffffff 00cf9300 DPL=0 DS   [-WA]
FS =0010 00000000 ffffffff 00cf9300 DPL=0 DS   [-WA]
GS =0010 00000000 ffffffff 00cf9300 DPL=0 DS   [-WA]
LDT=0000 00000000 0000ffff 00008200 DPL=0 LDT
TR =0028 00113020 00000067 00008900 DPL=0 TSS32-avl
GDT=     001130a0 0000002f
IDT=     00113100 000007ff
CR0=80000011 CR2=00000000 CR3=0011f000 CR4=00000000
DR0=00000000 DR1=00000000 DR2=00000000 DR3=00000000 
DR6=ffff0ff0 DR7=00000400
CCS=00000095 CCD=ffffffd4 CCO=EFLAGS
EFER=0000000000000000
Servicing hardware INT=0x40
   152: v=40 e=0000 i=0 cpl=0 IP=0008:00104831 pc=00104831 SP=0010:00133368 env->regs[R_EAX]=000000b4
EAX=000000b4 EBX=00000003 ECX=00000000 EDX=00000046
ESI=00000000 EDI=00000000 EBP=00000000 ESP=00133368
EIP=00104831 EFL=00000287 [--S--PC] CPL=0 II=0 A20=1 SMM=0 HLT=0
ES =0010 00000000 ffffffff 00cf9300 DPL=0 DS   [-WA]
CS =0008 00000000 ffffffff 00cf9a00 DPL=0 CS32 [-R-]
SS =0010 00000000 ffffffff 00cf9300 DPL=0 DS   [-WA]
DS =0010 00000000 ffffffff 00cf9300 DPL=0 DS   [-WA]
FS =0010 00000000 ffffffff 00cf9300 DPL=0 DS   [-WA]
GS =0010 00000000 ffffffff 00cf9300 DPL=0 DS   [-WA]
LDT=0000 00000000 0000ffff 00008200 DPL=0 LDT
TR =0028 00113020 00000067 00008900 DPL=0 TSS32-avl
GDT=     001130a0 0000002f
IDT=     00113100 000007ff
CR0=80000011 CR2=00000000 CR3=0011f000 CR4=00000000
DR0=00000000 DR1=00000000 DR2=00000000 DR3=00000000 
DR6=ffff0ff0 DR7=00000400
CCS=00000085 CCD=ffffffc0 CCO=EFLAGS
EFER=0000000000000000
Servicing hardware INT=0x40
   153: v=40 e=0000 i=0 cpl=0 IP=0008:00101d81 pc=00101d81 SP=0010:00118f44 env->regs[R_EAX]=00000000
EAX=00000000 EBX=00000001 ECX=00000780 EDX=000003d5
ESI=00000000 EDI=00000000 EBP=00000000 ESP=00118f44
EIP=00101d81 EFL=00000212 [----A--] CPL=0 II=0 A20=1 SMM=0 HLT=0
ES =0010 00000000 ffffffff 00cf9300 DPL=0 DS   [-WA]
CS =0008 00000000 ffffffff 00cf9a00 DPL=0 CS32 [-R-]
SS =0010 00000000 ffffffff 00cf9300 DPL=0 DS   [-WA]
DS =0010 00000000 ffffffff 00cf9300 DPL=0 DS   [-WA]
FS =0010 00000000 ffffffff 00cf9300 DPL=0 DS   [-WA]
GS =0010 00000000 ffffffff 00cf9300 DPL=0 DS   [-WA]
LDT=0000 00000000 0000ffff 00008200 DPL=0 LDT
TR =0000 00000000 0000ffff 00008b00 DPL=0 TSS32-busy
GDT=     001130a0 0000002f
IDT=     00113100 000007ff
CR0=e0000011 CR2=00000000 CR3=0011f000 CR4=00000000
DR0=00000000 DR1=00000000 DR2=00000000 DR3=00000000 
DR6=ffff0ff0 DR7=00000400
CCS=00000010 CCD=00118f38 CCO=EFLAGS
EFER=0000000000000000
Servicing hardware INT=0x20
   154: v=20 e=0000 i=0 cpl=0 IP=0008:00104831 pc=00104831 SP=0010:00133368 env->regs[R_EAX]=000000b4
EAX=000000b4 EBX=00000003 ECX=00000000 EDX=00000046
ESI=00000000 EDI=00000000 EBP=00000000 ESP=00133368
EIP=00104831 EFL=00000287 [--S--PC] CPL=0 II=0 A20=1 SMM=0 HLT=0
ES =0010 00000000 ffffffff 00cf9300 DPL=0 DS   [-WA]
CS =0008 00000000 ffffffff 00cf9a00 DPL=0 CS32 [-R-]
SS =0010 00000000 ffffffff 00cf9300 DPL=0 DS   [-WA]
DS =0010 00000000 ffffffff 00cf9300 DPL=0 DS   [-WA]
FS =0010 00000000 ffffffff 00cf9300 DPL=0 DS   [-WA]
GS =0010 00000000 ffffffff 00cf9300 DPL=0 DS   [-WA]
LDT=0000 00000000 0000ffff 00008200 DPL=0 LDT
TR =0028 00113020 00000067 00008900 DPL=0 TSS32-avl
GDT=     001130a0 0000002f
IDT=     00113100 000007ff
CR0=80000011 CR2=00000000 CR3=0011f000 CR4=00000000
DR0=00000000 DR1=00000000 DR2=00000000 DR3=00000000 
DR6=ffff0ff0 DR7=00000400
CCS=00000085 CCD=ffffffc0 CCO=EFLAGS
EFER=0000000000000000
Servicing hardware INT=0x40
   155: v=40 e=0000 i=0 cpl=0 IP=0008:00101d81 pc=00101d81 SP=0010:00118f44 env->regs[R_EAX]=00000000
EAX=00000000 EBX=00000001 ECX=00000780 EDX=000003d5
ESI=00000000 EDI=00000000 EBP=00000000 ESP=00118f44
EIP=00101d81 EFL=00000212 [----A--] CPL=0 II=0 A20=1 SMM=0 HLT=0
ES =0010 00000000 ffffffff 00cf9300 DPL=0 DS   [-WA]
CS =0008 00000000 ffffffff 00cf9a00 DPL=0 CS32 [-R-]
SS =0010 00000000 ffffffff 00cf9300 DPL=0 DS   [-WA]
DS =0010 00000000 ffffffff 00cf9300 DPL=0 DS   [-WA]
FS =0010 00000000 ffffffff 00cf9300 DPL=0 DS   [-WA]
GS =0010 00000000 ffffffff 00cf9300 DPL=0 DS   [-WA]
LDT=0000 00000000 0000ffff 00008200 DPL=0 LDT
TR =0000 00000000 0000ffff 00008b00 DPL=0 TSS32-busy
GDT=     001130a0 0000002f
IDT=     00113100 000007ff
CR0=e0000011 CR2=00000000 CR3=0011f000 CR4=00000000
DR0=00000000 DR1=00000000 DR2=00000000 DR3=00000000 
DR6=ffff0ff0 DR7=00000400
CCS=00000010 CCD=00118f38 CCO=EFLAGS
EFER=0000000000000000
Servicing hardware INT=0x40
   156: v=40 e=0000 i=0 cpl=0 IP=0008:00104b51 pc=00104b51 SP=0010:00135450 env->regs[R_EAX]=00000000
EAX=00000000 EBX=00000000 ECX=00123280 EDX=00000000
ESI=00000000 EDI=00000000 EBP=00000000 ESP=00135450
EIP=00104b51 EFL=00000246 [---Z-P-] CPL=0 II=0 A20=1 SMM=0 HLT=0
ES =0010 00000000 ffffffff 00cf9300 DPL=0 DS   [-WA]
CS =0008 00000000 ffffffff 00cf9a00 DPL=0 CS32 [-R-]
SS =0010 00000000 ffffffff 00cf9300 DPL=0 DS   [-WA]
DS =0010 00000000 ffffffff 00cf9300 DPL=0 DS   [-WA]
FS =0010 00000000 ffffffff 00cf9300 DPL=0 DS   [-WA]
GS =0010 00000000 ffffffff 00cf9300 DPL=0 DS   [-WA]
LDT=0000 00000000 0000ffff 00008200 DPL=0 LDT
TR =0028 00113020 00000067 00008900 DPL=0 TSS32-avl
GDT=     001130a0 0000002f
IDT=     00113100 000007ff
CR0=80000011 CR2=00000000 CR3=0011f000 CR4=00000000
DR0=00000000 DR1=00000000 DR2=00000000 DR3=00000000 
DR6=ffff0ff0 DR7=00000400
CCS=00000044 CCD=00000000 CCO=EFLAGS
EFER=0000000000000000
Servicing hardware INT=0x20
   157: v=20 e=0000 i=0 cpl=0 IP=0008:00104b51 pc=00104b51 SP=0010:00135450 env->regs[R_EAX]=00000000
EAX=00000000 EBX=00000000 ECX=00123280 EDX=00000000
ESI=00000000 EDI=00000000 EBP=00000000 ESP=00135450
EIP=00104b51 EFL=00000246 [---Z-P-] CPL=0 II=0 A20=1 SMM=0 HLT=0
ES =0010 00000000 ffffffff 00cf9300 DPL=0 DS   [-WA]
CS =0008 00000000 ffffffff 00cf9a00 DPL=0 CS32 [-R-]
SS =0010 00000000 ffffffff 00cf9300 DPL=0 DS   [-WA]
DS =0010 00000000 ffffffff 00cf9300 DPL=0 DS   [-WA]
FS =0010 00000000 ffffffff 00cf9300 DPL=0 DS   [-WA]
GS =0010 00000000 ffffffff 00cf9300 DPL=0 DS   [-WA]
LDT=0000 00000000 0000ffff 00008200 DPL=0 LDT
TR =0028 00113020 00000067 00008900 DPL=0 TSS32-avl
GDT=     001130a0 0000002f
IDT=     00113100 000007ff
CR0=80000011 CR2=00000000 CR3=0011f000 CR4=00000000
DR0=00000000 DR1=00000000 DR2=00000000 DR3=00000000 
DR6=ffff0ff0 DR7=00000400
CCS=00000044 CCD=00000000 CCO=EFLAGS
EFER=0000000000000000
   158: v=80 e=0000 i=1 cpl=3 IP=001b:01000174 pc=01000174 SP=0023:01403fdc env->regs[R_EAX]=0000000e
EAX=0000000e EBX=00000001 ECX=00000001 EDX=00000000
ESI=00000001 EDI=01403fe3 EBP=01403fe3 ESP=01403fdc
EIP=01000174 EFL=00010246 [---Z-P-] CPL=3 II=0 A20=1 SMM=0 HLT=0
ES =0023 00000000 ffffffff 00cff300 DPL=3 DS   [-WA]
CS =001b 00000000 ffffffff 00cffa00 DPL=3 CS32 [-R-]
SS =0023 00000000 ffffffff 00cff300 DPL=3 DS   [-WA]
DS =0023 00000000 ffffffff 00cff300 DPL=3 DS   [-WA]
FS =0023 00000000 ffffffff 00cff300 DPL=3 DS   [-WA]
GS =0023 00000000 ffffffff 00cff300 DPL=3 DS   [-WA]
LDT=0000 00000000 0000ffff 00008200 DPL=0 LDT
TR =0028 00113020 00000067 00008900 DPL=0 TSS32-avl
GDT=     001130a0 0000002f
IDT=     00113100 000007ff
CR0=80000011 CR2=00000000 CR3=00002000 CR4=00000000
DR0=00000000 DR1=00000000 DR2=00000000 DR3=00000000 
DR6=ffff0ff0 DR7=00000400
CCS=00000044 CCD=00137548 CCO=EFLAGS
EFER=0000000000000000
   159: v=80 e=0000 i=1 cpl=3 IP=001b:0100017f pc=0100017f SP=0023:01403fdc env->regs[R_EAX]=0000000c
EAX=0000000c EBX=00000000 ECX=00000000 EDX=00000000
ESI=00000001 EDI=01403fe3 EBP=01403fe3 ESP=01403fdc
EIP=0100017f EFL=00010246 [---Z-P-] CPL=3 II=0 A20=1 SMM=0 HLT=0
ES =0023 00000000 ffffffff 00cff300 DPL=3 DS   [-WA]
CS =001b 00000000 ffffffff 00cffa00 DPL=3 CS32 [-R-]
SS =0023 00000000 ffffffff 00cff300 DPL=3 DS   [-WA]
DS =0023 00000000 ffffffff 00cff300 DPL=3 DS   [-WA]
FS =0023 00000000 ffffffff 00cff300 DPL=3 DS   [-WA]
GS =0023 00000000 ffffffff 00cff300 DPL=3 DS   [-WA]
LDT=0000 00000000 0000ffff 00008200 DPL=0 LDT
TR =0028 00113020 00000067 00008900 DPL=0 TSS32-avl
GDT=     001130a0 0000002f
IDT=     00113100 000007ff
CR0=80000011 CR2=00000000 CR3=00002000 CR4=00000000
DR0=00000000 DR1=00000000 DR2=00000000 DR3=00000000 
DR6=ffff0ff0 DR7=00000400
CCS=00000044 CCD=00137548 CCO=EFLAGS
EFER=0000000000000000
Servicing hardware INT=0x40
   160: v=40 e=0000 i=0 cpl=0 IP=0008:00101d81 pc=00101d81 SP=0010:00118f44 env->regs[R_EAX]=00000000
EAX=00000000 EBX=00000001 ECX=00000780 EDX=000003d5
ESI=00000000 EDI=00000000 EBP=00000000 ESP=00118f44
EIP=00101d81 EFL=00000212 [----A--] CPL=0 II=0 A20=1 SMM=0 HLT=0
ES =0010 00000000 ffffffff 00cf9300 DPL=0 DS   [-WA]
CS =0008 00000000 ffffffff 00cf9a00 DPL=0 CS32 [-R-]
SS =0010 00000000 ffffffff 00cf9300 DPL=0 DS   [-WA]
DS =0010 00000000 ffffffff 00cf9300 DPL=0 DS   [-WA]
FS =0010 00000000 ffffffff 00cf9300 DPL=0 DS   [-WA]
GS =0010 00000000 ffffffff 00cf9300 DPL=0 DS   [-WA]
LDT=0000 00000000 0000ffff 00008200 DPL=0 LDT
TR =0000 00000000 0000ffff 00008b00 DPL=0 TSS32-busy
GDT=     001130a0 0000002f
IDT=     00113100 000007ff
CR0=e0000011 CR2=00000000 CR3=0011f000 CR4=00000000
DR0=00000000 DR1=00000000 DR2=00000000 DR3=00000000 
DR6=ffff0ff0 DR7=00000400
CCS=00000010 CCD=00118f38 CCO=EFLAGS
EFER=0000000000000000
Servicing hardware INT=0x40
   161: v=40 e=0000 i=0 cpl=0 IP=0008:00101d81 pc=00101d81 SP=0010:00118f44 env->regs[R_EAX]=00000000
EAX=00000000 EBX=00000001 ECX=00000780 EDX=000003d5
ESI=00000000 EDI=00000000 EBP=00000000 ESP=00118f44
EIP=00101d81 EFL=00000212 [----A--] CPL=0 II=0 A20=1 SMM=0 HLT=0
ES =0010 00000000 ffffffff 00cf9300 DPL=0 DS   [-WA]
CS =0008 00000000 ffffffff 00cf9a00 DPL=0 CS32 [-R-]
SS =0010 00000000 ffffffff 00cf9300 DPL=0 DS   [-WA]
DS =0010 00000000 ffffffff 00cf9300 DPL=0 DS   [-WA]
FS =0010 00000000 ffffffff 00cf9300 DPL=0 DS   [-WA]
GS =0010 00000000 ffffffff 00cf9300 DPL=0 DS   [-WA]
LDT=0000 00000000 0000ffff 00008200 DPL=0 LDT
TR =0000 00000000 0000ffff 00008b00 DPL=0 TSS32-busy
GDT=     001130a0 0000002f
IDT=     00113100 000007ff
CR0=e0000011 CR2=00000000 CR3=0011f000 CR4=00000000
DR0=00000000 DR1=00000000 DR2=00000000 DR3=00000000 
DR6=ffff0ff0 DR7=00000400
CCS=00000010 CCD=00118f38 CCO=EFLAGS
EFER=0000000000000000
Servicing hardware INT=0x40
   162: v=40 e=0000 i=0 cpl=0 IP=0008:00101d81 pc=00101d81 SP=0010:00118f44 env->regs[R_EAX]=00000000
EAX=00000000 EBX=00000001 ECX=00000780 EDX=000003d5
ESI=00000000 EDI=00000000 EBP=00000000 ESP=00118f44
EIP=00101d81 EFL=00000212 [----A--] CPL=0 II=0 A20=1 SMM=0 HLT=0
ES =0010 00000000 ffffffff 00cf9300 DPL=0 DS   [-WA]
CS =0008 00000000 ffffffff 00cf9a00 DPL=0 CS32 [-R-]
SS =0010 00000000 ffffffff 00cf9300 DPL=0 DS   [-WA]
DS =0010 00000000 ffffffff 00cf9300 DPL=0 DS   [-WA]
FS =0010 00000000 ffffffff 00cf9300 DPL=0 DS   [-WA]
GS =0010 00000000 ffffffff 00cf9300 DPL=0 DS   [-WA]
LDT=0000 00000000 0000ffff 00008200 DPL=0 LDT
TR =0000 00000000 0000ffff 00008b00 DPL=0 TSS32-busy
GDT=     001130a0 0000002f
IDT=     00113100 000007ff
CR0=e0000011 CR2=00000000 CR3=0011f000 CR4=00000000
DR0=00000000 DR1=00000000 DR2=00000000 DR3=00000000 
DR6=ffff0ff0 DR7=00000400
CCS=00000010 CCD=00118f38 CCO=EFLAGS
EFER=0000000000000000
Servicing hardware INT=0x40
   163: v=40 e=0000 i=0 cpl=0 IP=0008:00101d81 pc=00101d81 SP=0010:00118f44 env->regs[R_EAX]=00000000
EAX=00000000 EBX=00000001 ECX=00000780 EDX=000003d5
ESI=00000000 EDI=00000000 EBP=00000000 ESP=00118f44
EIP=00101d81 EFL=00000212 [----A--] CPL=0 II=0 A20=1 SMM=0 HLT=0
ES =0010 00000000 ffffffff 00cf9300 DPL=0 DS   [-WA]
CS =0008 00000000 ffffffff 00cf9a00 DPL=0 CS32 [-R-]
SS =0010 00000000 ffffffff 00cf9300 DPL=0 DS   [-WA]
DS =0010 00000000 ffffffff 00cf9300 DPL=0 DS   [-WA]
FS =0010 00000000 ffffffff 00cf9300 DPL=0 DS   [-WA]
GS =0010 00000000 ffffffff 00cf9300 DPL=0 DS   [-WA]
LDT=0000 00000000 0000ffff 00008200 DPL=0 LDT
TR =0000 00000000 0000ffff 00008b00 DPL=0 TSS32-busy
GDT=     001130a0 0000002f
IDT=     00113100 000007ff
CR0=e0000011 CR2=00000000 CR3=0011f000 CR4=00000000
DR0=00000000 DR1=00000000 DR2=00000000 DR3=00000000 
DR6=ffff0ff0 DR7=00000400
CCS=00000010 CCD=00118f38 CCO=EFLAGS
EFER=0000000000000000
Servicing hardware INT=0x20
   164: v=20 e=0000 i=0 cpl=3 IP=001b:01000181 pc=01000181 SP=0023:01403fdc env->regs[R_EAX]=00000007
EAX=00000007 EBX=00000000 ECX=00000000 EDX=00000000
ESI=00000001 EDI=01403fe3 EBP=01403fe3 ESP=01403fdc
EIP=01000181 EFL=00010246 [---Z-P-] CPL=3 II=0 A20=1 SMM=0 HLT=0
ES =0023 00000000 ffffffff 00cff300 DPL=3 DS   [-WA]
CS =001b 00000000 ffffffff 00cffa00 DPL=3 CS32 [-R-]
SS =0023 00000000 ffffffff 00cff300 DPL=3 DS   [-WA]
DS =0023 00000000 ffffffff 00cff300 DPL=3 DS   [-WA]
FS =0023 00000000 ffffffff 00cff300 DPL=3 DS   [-WA]
GS =0023 00000000 ffffffff 00cff300 DPL=3 DS   [-WA]
LDT=0000 00000000 0000ffff 00008200 DPL=0 LDT
TR =0028 00113020 00000067 00008900 DPL=0 TSS32-avl
GDT=     001130a0 0000002f
IDT=     00113100 000007ff
CR0=80000011 CR2=00000000 CR3=00002000 CR4=00000000
DR0=00000000 DR1=00000000 DR2=00000000 DR3=00000000 
DR6=ffff0ff0 DR7=00000400
CCS=00000044 CCD=00137548 CCO=EFLAGS
EFER=0000000000000000
Servicing hardware INT=0x40
   165: v=40 e=0000 i=0 cpl=0 IP=0008:0010849d pc=0010849d SP=0010:00139644 env->regs[R_EAX]=001063d0
EAX=001063d0 EBX=00000000 ECX=00137598 EDX=0011f000
ESI=00000000 EDI=00000000 EBP=00000000 ESP=00139644
EIP=0010849d EFL=00000212 [----A--] CPL=0 II=0 A20=1 SMM=0 HLT=0
ES =0010 00000000 ffffffff 00cf9300 DPL=0 DS   [-WA]
CS =0008 00000000 ffffffff 00cf9a00 DPL=0 CS32 [-R-]
SS =0010 00000000 ffffffff 00cf9300 DPL=0 DS   [-WA]
DS =0010 00000000 ffffffff 00cf9300 DPL=0 DS   [-WA]
FS =0010 00000000 ffffffff 00cf9300 DPL=0 DS   [-WA]
GS =0010 00000000 ffffffff 00cf9300 DPL=0 DS   [-WA]
LDT=0000 00000000 0000ffff 00008200 DPL=0 LDT
TR =0028 00113020 00000067 00008900 DPL=0 TSS32-avl
GDT=     001130a0 0000002f
IDT=     00113100 000007ff
CR0=80000011 CR2=00000000 CR3=0000b000 CR4=00000000
DR0=00000000 DR1=00000000 DR2=00000000 DR3=00000000 
DR6=ffff0ff0 DR7=00000400
CCS=00000028 CCD=001354b0 CCO=ADDL
EFER=0000000000000000
check_exception old: 0xffffffff new 0xe
   166: v=0e e=0002 i=0 cpl=0 IP=0008:0010647f pc=0010647f SP=0010:f000f841 CR2=f000f83d
EAX=00000023 EBX=00000000 ECX=f000ff53 EDX=f000ff53
ESI=00000001 EDI=01403fe3 EBP=01403fe3 ESP=f000f841
EIP=0010647f EFL=00000212 [----A--] CPL=0 II=0 A20=1 SMM=0 HLT=0
ES =0023 00000000 ffffffff 00cff300 DPL=3 DS   [-WA]
CS =0008 00000000 ffffffff 00cf9a00 DPL=0 CS32 [-R-]
SS =0010 00000000 ffffffff 00cf9300 DPL=0 DS   [-WA]
DS =0023 00000000 ffffffff 00cff300 DPL=3 DS   [-WA]
FS =0023 00000000 ffffffff 00cff300 DPL=3 DS   [-WA]
GS =0023 00000000 ffffffff 00cff300 DPL=3 DS   [-WA]
LDT=0000 00000000 0000ffff 00008200 DPL=0 LDT
TR =0028 00113020 00000067 00008900 DPL=0 TSS32-avl
GDT=     001130a0 0000002f
IDT=     00113100 000007ff
CR0=80000011 CR2=f000f83d CR3=0000b000 CR4=00000000
DR0=00000000 DR1=00000000 DR2=00000000 DR3=00000000 
DR6=ffff0ff0 DR7=00000400
CCS=00000008 CCD=00139620 CCO=ADDL
EFER=0000000000000000
check_exception old: 0xe new 0xe
   167: v=08 e=0000 i=0 cpl=0 IP=0008:0010647f pc=0010647f SP=0010:f000f841 env->regs[R_EAX]=00000023
EAX=00000023 EBX=00000000 ECX=f000ff53 EDX=f000ff53
ESI=00000001 EDI=01403fe3 EBP=01403fe3 ESP=f000f841
EIP=0010647f EFL=00000212 [----A--] CPL=0 II=0 A20=1 SMM=0 HLT=0
ES =0023 00000000 ffffffff 00cff300 DPL=3 DS   [-WA]
CS =0008 00000000 ffffffff 00cf9a00 DPL=0 CS32 [-R-]
SS =0010 00000000 ffffffff 00cf9300 DPL=0 DS   [-WA]
DS =0023 00000000 ffffffff 00cff300 DPL=3 DS   [-WA]
FS =0023 00000000 ffffffff 00cff300 DPL=3 DS   [-WA]
GS =0023 00000000 ffffffff 00cff300 DPL=3 DS   [-WA]
LDT=0000 00000000 0000ffff 00008200 DPL=0 LDT
TR =0028 00113020 00000067 00008900 DPL=0 TSS32-avl
GDT=     001130a0 0000002f
IDT=     00113100 000007ff
CR0=80000011 CR2=f000f83d CR3=0000b000 CR4=00000000
DR0=00000000 DR1=00000000 DR2=00000000 DR3=00000000 
DR6=ffff0ff0 DR7=00000400
CCS=00000008 CCD=00139620 CCO=ADDL
EFER=0000000000000000
check_exception old: 0x8 new 0xe
SMM: enter
EAX=00000000 EBX=00000000 ECX=02000000 EDX=02000628
ESI=0000000b EDI=02000000 EBP=06fed140 ESP=00006d54
EIP=000f055d EFL=00000046 [---Z-P-] CPL=0 II=0 A20=1 SMM=0 HLT=0
ES =0010 00000000 ffffffff 00cf9300 DPL=0 DS   [-WA]
CS =0008 00000000 ffffffff 00cf9b00 DPL=0 CS32 [-RA]
SS =0010 00000000 ffffffff 00cf9300 DPL=0 DS   [-WA]
DS =0010 00000000 ffffffff 00cf9300 DPL=0 DS   [-WA]
FS =0010 00000000 ffffffff 00cf9300 DPL=0 DS   [-WA]
GS =0010 00000000 ffffffff 00cf9300 DPL=0 DS   [-WA]
LDT=0000 00000000 0000ffff 00008200 DPL=0 LDT
TR =0000 00000000 0000ffff 00008b00 DPL=0 TSS32-busy
GDT=     000f7420 00000037
IDT=     000f745e 00000000
CR0=00000011 CR2=00000000 CR3=00000000 CR4=00000000
DR0=00000000 DR1=00000000 DR2=00000000 DR3=00000000 
DR6=ffff0ff0 DR7=00000400
CCS=00000044 CCD=ffffffff CCO=EFLAGS
EFER=0000000000000000
SMM: after RSM
EAX=00000000 EBX=00000000 ECX=02000000 EDX=02000628
ESI=0000000b EDI=02000000 EBP=06fed140 ESP=00006d54
EIP=000f055d EFL=00000046 [---Z-P-] CPL=0 II=0 A20=1 SMM=0 HLT=0
ES =0010 00000000 ffffffff 00c09300 DPL=0 DS   [-WA]
CS =0008 00000000 ffffffff 00c09b00 DPL=0 CS32 [-RA]
SS =0010 00000000 ffffffff 00c09300 DPL=0 DS   [-WA]
DS =0010 00000000 ffffffff 00c09300 DPL=0 DS   [-WA]
FS =0010 00000000 ffffffff 00c09300 DPL=0 DS   [-WA]
GS =0010 00000000 ffffffff 00c09300 DPL=0 DS   [-WA]
LDT=0000 00000000 0000ffff 00008200 DPL=0 LDT
TR =0000 00000000 0000ffff 00008b00 DPL=0 TSS32-busy
GDT=     000f7420 00000037
IDT=     000f745e 00000000
CR0=00000011 CR2=00000000 CR3=00000000 CR4=00000000
DR0=00000000 DR1=00000000 DR2=00000000 DR3=00000000 
DR6=ffff0ff0 DR7=00000400
CCS=00000044 CCD=00000000 CCO=EFLAGS
EFER=0000000000000000
SMM: enter
EAX=000000b5 EBX=000f86ac ECX=00001234 EDX=00006cff
ESI=00006cc8 EDI=06fff761 EBP=00006c88 ESP=00006c88
EIP=000086a9 EFL=00000006 [-----P-] CPL=0 II=0 A20=1 SMM=0 HLT=0
ES =de80 000de800 ffffffff 008f9300
CS =f000 000f0000 ffffffff 008f9b00
SS =0000 00000000 ffffffff 008f9300
DS =0000 00000000 ffffffff 008f9300
FS =0000 00000000 ffffffff 008f9300
GS =0000 00000000 ffffffff 008f9300
LDT=0000 00000000 0000ffff 00008200
TR =0000 00000000 0000ffff 00008b00
GDT=     00000000 00000000
IDT=     00000000 000003ff
CR0=00000010 CR2=00000000 CR3=00000000 CR4=00000000
DR0=00000000 DR1=00000000 DR2=00000000 DR3=00000000 
DR6=ffff0ff0 DR7=00000400
CCS=00000000 CCD=00006c88 CCO=ADDL
EFER=0000000000000000
SMM: after RSM
EAX=000000b5 EBX=000f86ac ECX=00001234 EDX=00006cff
ESI=00006cc8 EDI=06fff761 EBP=00006c88 ESP=00006c88
EIP=000f86ac EFL=00000046 [---Z-P-] CPL=0 II=0 A20=1 SMM=0 HLT=0
ES =0010 00000000 ffffffff 00c09300 DPL=0 DS   [-WA]
CS =0008 00000000 ffffffff 00c09b00 DPL=0 CS32 [-RA]
SS =0010 00000000 ffffffff 00c09300 DPL=0 DS   [-WA]
DS =0010 00000000 ffffffff 00c09300 DPL=0 DS   [-WA]
FS =0010 00000000 ffffffff 00c09300 DPL=0 DS   [-WA]
GS =0010 00000000 ffffffff 00c09300 DPL=0 DS   [-WA]
LDT=0000 00000000 0000ffff 00008200 DPL=0 LDT
TR =0000 00000000 0000ffff 00008b00 DPL=0 TSS32-busy
GDT=     000f7420 00000037
IDT=     000f745e 00000000
CR0=00000011 CR2=00000000 CR3=00000000 CR4=00000000
DR0=00000000 DR1=00000000 DR2=00000000 DR3=00000000 
DR6=ffff0ff0 DR7=00000400
CCS=00000044 CCD=00000000 CCO=EFLAGS
EFER=0000000000000000
SMM: enter
EAX=000000b5 EBX=000086c6 ECX=00005678 EDX=06fffe68
ESI=000ed6e0 EDI=06fff761 EBP=00006c88 ESP=00006c88
EIP=000f86c3 EFL=00000016 [----AP-] CPL=0 II=0 A20=1 SMM=0 HLT=0
ES =0010 00000000 ffffffff 00c09300 DPL=0 DS   [-WA]
CS =0008 00000000 ffffffff 00c09b00 DPL=0 CS32 [-RA]
SS =0010 00000000 ffffffff 00c09300 DPL=0 DS   [-WA]
DS =0010 00000000 ffffffff 00c09300 DPL=0 DS   [-WA]
FS =0010 00000000 ffffffff 00c09300 DPL=0 DS   [-WA]
GS =0010 00000000 ffffffff 00c09300 DPL=0 DS   [-WA]
LDT=0000 00000000 0000ffff 00008200 DPL=0 LDT
TR =0000 00000000 0000ffff 00008b00 DPL=0 TSS32-busy
GDT=     000f7420 00000037
IDT=     000f745e 00000000
CR0=00000011 CR2=00000000 CR3=00000000 CR4=00000000
DR0=00000000 DR1=00000000 DR2=00000000 DR3=00000000 
DR6=ffff0ff0 DR7=00000400
CCS=00000008 CCD=00006c74 CCO=ADDL
EFER=0000000000000000
SMM: after RSM
EAX=000000b5 EBX=000086c6 ECX=00005678 EDX=06fffe68
ESI=000ed6e0 EDI=06fff761 EBP=00006c88 ESP=00006c88
EIP=000086c6 EFL=00000006 [-----P-] CPL=0 II=0 A20=1 SMM=0 HLT=0
ES =de80 000de800 ffffffff 00809300
CS =f000 000f0000 ffffffff 00809b00
SS =0000 00000000 ffffffff 00809300
DS =0000 00000000 ffffffff 00809300
FS =0000 00000000 ffffffff 00809300
GS =0000 00000000 ffffffff 00809300
LDT=0000 00000000 0000ffff 00008200
TR =0000 00000000 0000ffff 00008b00
GDT=     00000000 00000000
IDT=     00000000 000003ff
CR0=00000010 CR2=00000000 CR3=00000000 CR4=00000000
DR0=00000000 DR1=00000000 DR2=00000000 DR3=00000000 
DR6=ffff0ff0 DR7=00000400
CCS=00000004 CCD=00000001 CCO=EFLAGS
EFER=0000000000000000
SMM: enter
EAX=000000b5 EBX=000f86ac ECX=00001234 EDX=000069ff
ESI=000069ae EDI=06fff761 EBP=0000696e ESP=0000696e
EIP=000086a9 EFL=00000002 [-------] CPL=0 II=0 A20=1 SMM=0 HLT=0
ES =de80 000de800 ffffffff 008f9300
CS =f000 000f0000 ffffffff 008f9b00
SS =0000 00000000 ffffffff 008f9300
DS =0000 00000000 ffffffff 008f9300
FS =0000 00000000 ffffffff 008f9300
GS =c900 000c9000 ffffffff 008f9300
LDT=0000 00000000 0000ffff 00008200
TR =0000 00000000 0000ffff 00008b00
GDT=     00000000 00000000
IDT=     00000000 000003ff
CR0=00000010 CR2=00000000 CR3=00000000 CR4=00000000
DR0=00000000 DR1=00000000 DR2=00000000 DR3=00000000 
DR6=ffff0ff0 DR7=00000400
CCS=00000000 CCD=0000696e CCO=ADDL
EFER=0000000000000000
SMM: after RSM
EAX=000000b5 EBX=000f86ac ECX=00001234 EDX=000069ff
ESI=000069ae EDI=06fff761 EBP=0000696e ESP=0000696e
EIP=000f86ac EFL=00000046 [---Z-P-] CPL=0 II=0 A20=1 SMM=0 HLT=0
ES =0010 00000000 ffffffff 00c09300 DPL=0 DS   [-WA]
CS =0008 00000000 ffffffff 00c09b00 DPL=0 CS32 [-RA]
SS =0010 00000000 ffffffff 00c09300 DPL=0 DS   [-WA]
DS =0010 00000000 ffffffff 00c09300 DPL=0 DS   [-WA]
FS =0010 00000000 ffffffff 00c09300 DPL=0 DS   [-WA]
GS =0010 00000000 ffffffff 00c09300 DPL=0 DS   [-WA]
LDT=0000 00000000 0000ffff 00008200 DPL=0 LDT
TR =0000 00000000 0000ffff 00008b00 DPL=0 TSS32-busy
GDT=     000f7420 00000037
IDT=     000f745e 00000000
CR0=00000011 CR2=00000000 CR3=00000000 CR4=00000000
DR0=00000000 DR1=00000000 DR2=00000000 DR3=00000000 
DR6=ffff0ff0 DR7=00000400
CCS=00000044 CCD=00000000 CCO=EFLAGS
EFER=0000000000000000
SMM: enter
EAX=000000b5 EBX=000086c6 ECX=00005678 EDX=00000005
ESI=00000000 EDI=06fff761 EBP=0000696e ESP=0000696e
EIP=000f86c3 EFL=00000006 [-----P-] CPL=0 II=0 A20=1 SMM=0 HLT=0
ES =0010 00000000 ffffffff 00c09300 DPL=0 DS   [-WA]
CS =0008 00000000 ffffffff 00c09b00 DPL=0 CS32 [-RA]
SS =0010 00000000 ffffffff 00c09300 DPL=0 DS   [-WA]
DS =0010 00000000 ffffffff 00c09300 DPL=0 DS   [-WA]
FS =0010 00000000 ffffffff 00c09300 DPL=0 DS   [-WA]
GS =0010 00000000 ffffffff 00c09300 DPL=0 DS   [-WA]
LDT=0000 00000000 0000ffff 00008200 DPL=0 LDT
TR =0000 00000000 0000ffff 00008b00 DPL=0 TSS32-busy
GDT=     000f7420 00000037
IDT=     000f745e 00000000
CR0=00000011 CR2=00000000 CR3=00000000 CR4=00000000
DR0=00000000 DR1=00000000 DR2=00000000 DR3=00000000 
DR6=ffff0ff0 DR7=00000400
CCS=00000008 CCD=0000695a CCO=ADDL
EFER=0000000000000000
SMM: after RSM
EAX=000000b5 EBX=000086c6 ECX=00005678 EDX=00000005
ESI=00000000 EDI=06fff761 EBP=0000696e ESP=0000696e
EIP=000086c6 EFL=00000002 [-------] CPL=0 II=0 A20=1 SMM=0 HLT=0
ES =de80 000de800 ffffffff 00809300
CS =f000 000f0000 ffffffff 00809b00
SS =0000 00000000 ffffffff 00809300
DS =0000 00000000 ffffffff 00809300
FS =0000 00000000 ffffffff 00809300
GS =c900 000c9000 ffffffff 00809300
LDT=0000 00000000 0000ffff 00008200
TR =0000 00000000 0000ffff 00008b00
GDT=     00000000 00000000
IDT=     00000000 000003ff
CR0=00000010 CR2=00000000 CR3=00000000 CR4=00000000
DR0=00000000 DR1=00000000 DR2=00000000 DR3=00000000 
DR6=ffff0ff0 DR7=00000400
CCS=00000000 CCD=00000001 CCO=EFLAGS
EFER=0000000000000000
SMM: enter
EAX=000000b5 EBX=000f86ac ECX=00001234 EDX=000069ff
ESI=000069a8 EDI=06fff761 EBP=00006968 ESP=00006968
EIP=000086a9 EFL=00000002 [-------] CPL=0 II=0 A20=1 SMM=0 HLT=0
ES =de80 000de800 ffffffff 00809300
CS =f000 000f0000 ffffffff 00809b00
SS =0000 00000000 ffffffff 00809300
DS =0000 00000000 ffffffff 00809300
FS =0000 00000000 ffffffff 00809300
GS =c900 000c9000 ffffffff 00809300
LDT=0000 00000000 0000ffff 00008200
TR =0000 00000000 0000ffff 00008b00
GDT=     00000000 00000000
IDT=     00000000 000003ff
CR0=00000010 CR2=00000000 CR3=00000000 CR4=00000000
DR0=00000000 DR1=00000000 DR2=00000000 DR3=00000000 
DR6=ffff0ff0 DR7=00000400
CCS=00000000 CCD=00006968 CCO=ADDL
EFER=0000000000000000
SMM: after RSM
EAX=000000b5 EBX=000f86ac ECX=00001234 EDX=000069ff
ESI=000069a8 EDI=06fff761 EBP=00006968 ESP=00006968
EIP=000f86ac EFL=00000046 [---Z-P-] CPL=0 II=0 A20=1 SMM=0 HLT=0
ES =0010 00000000 ffffffff 00c09300 DPL=0 DS   [-WA]
CS =0008 00000000 ffffffff 00c09b00 DPL=0 CS32 [-RA]
SS =0010 00000000 ffffffff 00c09300 DPL=0 DS   [-WA]
DS =0010 00000000 ffffffff 00c09300 DPL=0 DS   [-WA]
FS =0010 00000000 ffffffff 00c09300 DPL=0 DS   [-WA]
GS =0010 00000000 ffffffff 00c09300 DPL=0 DS   [-WA]
LDT=0000 00000000 0000ffff 00008200 DPL=0 LDT
TR =0000 00000000 0000ffff 00008b00 DPL=0 TSS32-busy
GDT=     000f7420 00000037
IDT=     000f745e 00000000
CR0=00000011 CR2=00000000 CR3=00000000 CR4=00000000
DR0=00000000 DR1=00000000 DR2=00000000 DR3=00000000 
DR6=ffff0ff0 DR7=00000400
CCS=00000044 CCD=00000000 CCO=EFLAGS
EFER=0000000000000000
SMM: enter
EAX=000000b5 EBX=000086c6 ECX=00005678 EDX=00000003
ESI=06fd40e0 EDI=06fff761 EBP=00006968 ESP=00006968
EIP=000f86c3 EFL=00000012 [----A--] CPL=0 II=0 A20=1 SMM=0 HLT=0
ES =0010 00000000 ffffffff 00c09300 DPL=0 DS   [-WA]
CS =0008 00000000 ffffffff 00c09b00 DPL=0 CS32 [-RA]
SS =0010 00000000 ffffffff 00c09300 DPL=0 DS   [-WA]
DS =0010 00000000 ffffffff 00c09300 DPL=0 DS   [-WA]
FS =0010 00000000 ffffffff 00c09300 DPL=0 DS   [-WA]
GS =0010 00000000 ffffffff 00c09300 DPL=0 DS   [-WA]
LDT=0000 00000000 0000ffff 00008200 DPL=0 LDT
TR =0000 00000000 0000ffff 00008b00 DPL=0 TSS32-busy
GDT=     000f7420 00000037
IDT=     000f745e 00000000
CR0=00000011 CR2=00000000 CR3=00000000 CR4=00000000
DR0=00000000 DR1=00000000 DR2=00000000 DR3=00000000 
DR6=ffff0ff0 DR7=00000400
CCS=00000008 CCD=00006954 CCO=ADDL
EFER=0000000000000000
SMM: after RSM
EAX=000000b5 EBX=000086c6 ECX=00005678 EDX=00000003
ESI=06fd40e0 EDI=06fff761 EBP=00006968 ESP=00006968
EIP=000086c6 EFL=00000002 [-------] CPL=0 II=0 A20=1 SMM=0 HLT=0
ES =de80 000de800 ffffffff 00809300
CS =f000 000f0000 ffffffff 00809b00
SS =0000 00000000 ffffffff 00809300
DS =0000 00000000 ffffffff 00809300
FS =0000 00000000 ffffffff 00809300
GS =c900 000c9000 ffffffff 00809300
LDT=0000 00000000 0000ffff 00008200
TR =0000 00000000 0000ffff 00008b00
GDT=     00000000 00000000
IDT=     00000000 000003ff
CR0=00000010 CR2=00000000 CR3=00000000 CR4=00000000
DR0=00000000 DR1=00000000 DR2=00000000 DR3=00000000 
DR6=ffff0ff0 DR7=00000400
CCS=00000000 CCD=00000001 CCO=EFLAGS
EFER=0000000000000000
SMM: enter
EAX=000000b5 EBX=000f86ac ECX=00001234 EDX=000069ff
ESI=000069ae EDI=06fff761 EBP=0000696e ESP=0000696e
EIP=000086a9 EFL=00000002 [-------] CPL=0 II=0 A20=1 SMM=0 HLT=0
ES =de80 000de800 ffffffff 00809300
CS =f000 000f0000 ffffffff 00809b00
SS =0000 00000000 ffffffff 00809300
DS =0000 00000000 ffffffff 00809300
FS =0000 00000000 ffffffff 00809300
GS =c900 000c9000 ffffffff 00809300
LDT=0000 00000000 0000ffff 00008200
TR =0000 00000000 0000ffff 00008b00
GDT=     00000000 00000000
IDT=     00000000 000003ff
CR0=00000010 CR2=00000000 CR3=00000000 CR4=00000000
DR0=00000000 DR1=00000000 DR2=00000000 DR3=00000000 
DR6=ffff0ff0 DR7=00000400
CCS=00000000 CCD=0000696e CCO=ADDL
EFER=0000000000000000
SMM: after RSM
EAX=000000b5 EBX=000f86ac ECX=00001234 EDX=000069ff
ESI=000069ae EDI=06fff761 EBP=0000696e ESP=0000696e
EIP=000f86ac EFL=00000046 [---Z-P-] CPL=0 II=0 A20=1 SMM=0 HLT=0
ES =0010 00000000 ffffffff 00c09300 DPL=0 DS   [-WA]
CS =0008 00000000 ffffffff 00c09b00 DPL=0 CS32 [-RA]
SS =0010 00000000 ffffffff 00c09300 DPL=0 DS   [-WA]
DS =0010 00000000 ffffffff 00c09300 DPL=0 DS   [-WA]
FS =0010 00000000 ffffffff 00c09300 DPL=0 DS   [-WA]
GS =0010 00000000 ffffffff 00c09300 DPL=0 DS   [-WA]
LDT=0000 00000000 0000ffff 00008200 DPL=0 LDT
TR =0000 00000000 0000ffff 00008b00 DPL=0 TSS32-busy
GDT=     000f7420 00000037
IDT=     000f745e 00000000
CR0=00000011 CR2=00000000 CR3=00000000 CR4=00000000
DR0=00000000 DR1=00000000 DR2=00000000 DR3=00000000 
DR6=ffff0ff0 DR7=00000400
CCS=00000044 CCD=00000000 CCO=EFLAGS
EFER=0000000000000000
SMM: enter
EAX=000000b5 EBX=000086c6 ECX=00005678 EDX=00000005
ESI=00000000 EDI=06fff761 EBP=0000696e ESP=0000696e
EIP=000f86c3 EFL=00000006 [-----P-] CPL=0 II=0 A20=1 SMM=0 HLT=0
ES =0010 00000000 ffffffff 00c09300 DPL=0 DS   [-WA]
CS =0008 00000000 ffffffff 00c09b00 DPL=0 CS32 [-RA]
SS =0010 00000000 ffffffff 00c09300 DPL=0 DS   [-WA]
DS =0010 00000000 ffffffff 00c09300 DPL=0 DS   [-WA]
FS =0010 00000000 ffffffff 00c09300 DPL=0 DS   [-WA]
GS =0010 00000000 ffffffff 00c09300 DPL=0 DS   [-WA]
LDT=0000 00000000 0000ffff 00008200 DPL=0 LDT
TR =0000 00000000 0000ffff 00008b00 DPL=0 TSS32-busy
GDT=     000f7420 00000037
IDT=     000f745e 00000000
CR0=00000011 CR2=00000000 CR3=00000000 CR4=00000000
DR0=00000000 DR1=00000000 DR2=00000000 DR3=00000000 
DR6=ffff0ff0 DR7=00000400
CCS=00000008 CCD=0000695a CCO=ADDL
EFER=0000000000000000
SMM: after RSM
EAX=000000b5 EBX=000086c6 ECX=00005678 EDX=00000005
ESI=00000000 EDI=06fff761 EBP=0000696e ESP=0000696e
EIP=000086c6 EFL=00000002 [-------] CPL=0 II=0 A20=1 SMM=0 HLT=0
ES =de80 000de800 ffffffff 00809300
CS =f000 000f0000 ffffffff 00809b00
SS =0000 00000000 ffffffff 00809300
DS =0000 00000000 ffffffff 00809300
FS =0000 00000000 ffffffff 00809300
GS =c900 000c9000 ffffffff 00809300
LDT=0000 00000000 0000ffff 00008200
TR =0000 00000000 0000ffff 00008b00
GDT=     00000000 00000000
IDT=     00000000 000003ff
CR0=00000010 CR2=00000000 CR3=00000000 CR4=00000000
DR0=00000000 DR1=00000000 DR2=00000000 DR3=00000000 
DR6=ffff0ff0 DR7=00000400
CCS=00000000 CCD=00000001 CCO=EFLAGS
EFER=0000000000000000
SMM: enter
EAX=000000b5 EBX=000f86ac ECX=00001234 EDX=000069ff
ESI=000069a8 EDI=06fff761 EBP=00006968 ESP=00006968
EIP=000086a9 EFL=00000002 [-------] CPL=0 II=0 A20=1 SMM=0 HLT=0
ES =de80 000de800 ffffffff 00809300
CS =f000 000f0000 ffffffff 00809b00
SS =0000 00000000 ffffffff 00809300
DS =0000 00000000 ffffffff 00809300
FS =0000 00000000 ffffffff 00809300
GS =c900 000c9000 ffffffff 00809300
LDT=0000 00000000 0000ffff 00008200
TR =0000 00000000 0000ffff 00008b00
GDT=     00000000 00000000
IDT=     00000000 000003ff
CR0=00000010 CR2=00000000 CR3=00000000 CR4=00000000
DR0=00000000 DR1=00000000 DR2=00000000 DR3=00000000 
DR6=ffff0ff0 DR7=00000400
CCS=00000000 CCD=00006968 CCO=ADDL
EFER=0000000000000000
SMM: after RSM
EAX=000000b5 EBX=000f86ac ECX=00001234 EDX=000069ff
ESI=000069a8 EDI=06fff761 EBP=00006968 ESP=00006968
EIP=000f86ac EFL=00000046 [---Z-P-] CPL=0 II=0 A20=1 SMM=0 HLT=0
ES =0010 00000000 ffffffff 00c09300 DPL=0 DS   [-WA]
CS =0008 00000000 ffffffff 00c09b00 DPL=0 CS32 [-RA]
SS =0010 00000000 ffffffff 00c09300 DPL=0 DS   [-WA]
DS =0010 00000000 ffffffff 00c09300 DPL=0 DS   [-WA]
FS =0010 00000000 ffffffff 00c09300 DPL=0 DS   [-WA]
GS =0010 00000000 ffffffff 00c09300 DPL=0 DS   [-WA]
LDT=0000 00000000 0000ffff 00008200 DPL=0 LDT
TR =0000 00000000 0000ffff 00008b00 DPL=0 TSS32-busy
GDT=     000f7420 00000037
IDT=     000f745e 00000000
CR0=00000011 CR2=00000000 CR3=00000000 CR4=00000000
DR0=00000000 DR1=00000000 DR2=00000000 DR3=00000000 
DR6=ffff0ff0 DR7=00000400
CCS=00000044 CCD=00000000 CCO=EFLAGS
EFER=0000000000000000
SMM: enter
EAX=000000b5 EBX=000086c6 ECX=00005678 EDX=00000003
ESI=06f340e0 EDI=06fff761 EBP=00006968 ESP=00006968
EIP=000f86c3 EFL=00000012 [----A--] CPL=0 II=0 A20=1 SMM=0 HLT=0
ES =0010 00000000 ffffffff 00c09300 DPL=0 DS   [-WA]
CS =0008 00000000 ffffffff 00c09b00 DPL=0 CS32 [-RA]
SS =0010 00000000 ffffffff 00c09300 DPL=0 DS   [-WA]
DS =0010 00000000 ffffffff 00c09300 DPL=0 DS   [-WA]
FS =0010 00000000 ffffffff 00c09300 DPL=0 DS   [-WA]
GS =0010 00000000 ffffffff 00c09300 DPL=0 DS   [-WA]
LDT=0000 00000000 0000ffff 00008200 DPL=0 LDT
TR =0000 00000000 0000ffff 00008b00 DPL=0 TSS32-busy
GDT=     000f7420 00000037
IDT=     000f745e 00000000
CR0=00000011 CR2=00000000 CR3=00000000 CR4=00000000
DR0=00000000 DR1=00000000 DR2=00000000 DR3=00000000 
DR6=ffff0ff0 DR7=00000400
CCS=00000008 CCD=00006954 CCO=ADDL
EFER=0000000000000000
SMM: after RSM
EAX=000000b5 EBX=000086c6 ECX=00005678 EDX=00000003
ESI=06f340e0 EDI=06fff761 EBP=00006968 ESP=00006968
EIP=000086c6 EFL=00000002 [-------] CPL=0 II=0 A20=1 SMM=0 HLT=0
ES =de80 000de800 ffffffff 00809300
CS =f000 000f0000 ffffffff 00809b00
SS =0000 00000000 ffffffff 00809300
DS =0000 00000000 ffffffff 00809300
FS =0000 00000000 ffffffff 00809300
GS =c900 000c9000 ffffffff 00809300
LDT=0000 00000000 0000ffff 00008200
TR =0000 00000000 0000ffff 00008b00
GDT=     00000000 00000000
IDT=     00000000 000003ff
CR0=00000010 CR2=00000000 CR3=00000000 CR4=00000000
DR0=00000000 DR1=00000000 DR2=00000000 DR3=00000000 
DR6=ffff0ff0 DR7=00000400
CCS=00000000 CCD=00000001 CCO=EFLAGS
EFER=0000000000000000
SMM: enter
EAX=000000b5 EBX=000f86ac ECX=00001234 EDX=000069ff
ESI=000069ae EDI=06fff761 EBP=0000696e ESP=0000696e
EIP=000086a9 EFL=00000002 [-------] CPL=0 II=0 A20=1 SMM=0 HLT=0
ES =de80 000de800 ffffffff 008f9300
CS =f000 000f0000 ffffffff 008f9b00
SS =0000 00000000 ffffffff 008f9300
DS =0000 00000000 ffffffff 008f9300
FS =0000 00000000 ffffffff 008f9300
GS =ca00 000ca000 ffffffff 008f9300
LDT=0000 00000000 0000ffff 00008200
TR =0000 00000000 0000ffff 00008b00
GDT=     00000000 00000000
IDT=     00000000 000003ff
CR0=00000010 CR2=00000000 CR3=00000000 CR4=00000000
DR0=00000000 DR1=00000000 DR2=00000000 DR3=00000000 
DR6=ffff0ff0 DR7=00000400
CCS=00000000 CCD=0000696e CCO=ADDL
EFER=0000000000000000
SMM: after RSM
EAX=000000b5 EBX=000f86ac ECX=00001234 EDX=000069ff
ESI=000069ae EDI=06fff761 EBP=0000696e ESP=0000696e
EIP=000f86ac EFL=00000046 [---Z-P-] CPL=0 II=0 A20=1 SMM=0 HLT=0
ES =0010 00000000 ffffffff 00c09300 DPL=0 DS   [-WA]
CS =0008 00000000 ffffffff 00c09b00 DPL=0 CS32 [-RA]
SS =0010 00000000 ffffffff 00c09300 DPL=0 DS   [-WA]
DS =0010 00000000 ffffffff 00c09300 DPL=0 DS   [-WA]
FS =0010 00000000 ffffffff 00c09300 DPL=0 DS   [-WA]
GS =0010 00000000 ffffffff 00c09300 DPL=0 DS   [-WA]
LDT=0000 00000000 0000ffff 00008200 DPL=0 LDT
TR =0000 00000000 0000ffff 00008b00 DPL=0 TSS32-busy
GDT=     000f7420 00000037
IDT=     000f745e 00000000
CR0=00000011 CR2=00000000 CR3=00000000 CR4=00000000
DR0=00000000 DR1=00000000 DR2=00000000 DR3=00000000 
DR6=ffff0ff0 DR7=00000400
CCS=00000044 CCD=00000000 CCO=EFLAGS
EFER=0000000000000000
SMM: enter
EAX=000000b5 EBX=000086c6 ECX=00005678 EDX=00000003
ESI=06fd40e0 EDI=06fff761 EBP=0000696e ESP=0000696e
EIP=000f86c3 EFL=00000006 [-----P-] CPL=0 II=0 A20=1 SMM=0 HLT=0
ES =0010 00000000 ffffffff 00c09300 DPL=0 DS   [-WA]
CS =0008 00000000 ffffffff 00c09b00 DPL=0 CS32 [-RA]
SS =0010 00000000 ffffffff 00c09300 DPL=0 DS   [-WA]
DS =0010 00000000 ffffffff 00c09300 DPL=0 DS   [-WA]
FS =0010 00000000 ffffffff 00c09300 DPL=0 DS   [-WA]
GS =0010 00000000 ffffffff 00c09300 DPL=0 DS   [-WA]
LDT=0000 00000000 0000ffff 00008200 DPL=0 LDT
TR =0000 00000000 0000ffff 00008b00 DPL=0 TSS32-busy
GDT=     000f7420 00000037
IDT=     000f745e 00000000
CR0=00000011 CR2=00000000 CR3=00000000 CR4=00000000
DR0=00000000 DR1=00000000 DR2=00000000 DR3=00000000 
DR6=ffff0ff0 DR7=00000400
CCS=00000008 CCD=0000695a CCO=ADDL
EFER=0000000000000000
SMM: after RSM
EAX=000000b5 EBX=000086c6 ECX=00005678 EDX=00000003
ESI=06fd40e0 EDI=06fff761 EBP=0000696e ESP=0000696e
EIP=000086c6 EFL=00000002 [-------] CPL=0 II=0 A20=1 SMM=0 HLT=0
ES =de80 000de800 ffffffff 00809300
CS =f000 000f0000 ffffffff 00809b00
SS =0000 00000000 ffffffff 00809300
DS =0000 00000000 ffffffff 00809300
FS =0000 00000000 ffffffff 00809300
GS =ca00 000ca000 ffffffff 00809300
LDT=0000 00000000 0000ffff 00008200
TR =0000 00000000 0000ffff 00008b00
GDT=     00000000 00000000
IDT=     00000000 000003ff
CR0=00000010 CR2=00000000 CR3=00000000 CR4=00000000
DR0=00000000 DR1=00000000 DR2=00000000 DR3=00000000 
DR6=ffff0ff0 DR7=00000400
CCS=00000000 CCD=00000001 CCO=EFLAGS
EFER=0000000000000000
SMM: enter
EAX=000000b5 EBX=000f86ac ECX=00001234 EDX=000069ff
ESI=000069ae EDI=06fff761 EBP=0000696e ESP=0000696e
EIP=000086a9 EFL=00000002 [-------] CPL=0 II=0 A20=1 SMM=0 HLT=0
ES =de80 000de800 ffffffff 00809300
CS =f000 000f0000 ffffffff 00809b00
SS =0000 00000000 ffffffff 00809300
DS =0000 00000000 ffffffff 00809300
FS =0000 00000000 ffffffff 00809300
GS =ca00 000ca000 ffffffff 00809300
LDT=0000 00000000 0000ffff 00008200
TR =0000 00000000 0000ffff 00008b00
GDT=     00000000 00000000
IDT=     00000000 000003ff
CR0=00000010 CR2=00000000 CR3=00000000 CR4=00000000
DR0=00000000 DR1=00000000 DR2=00000000 DR3=00000000 
DR6=ffff0ff0 DR7=00000400
CCS=00000000 CCD=0000696e CCO=ADDL
EFER=0000000000000000
SMM: after RSM
EAX=000000b5 EBX=000f86ac ECX=00001234 EDX=000069ff
ESI=000069ae EDI=06fff761 EBP=0000696e ESP=0000696e
EIP=000f86ac EFL=00000046 [---Z-P-] CPL=0 II=0 A20=1 SMM=0 HLT=0
ES =0010 00000000 ffffffff 00c09300 DPL=0 DS   [-WA]
CS =0008 00000000 ffffffff 00c09b00 DPL=0 CS32 [-RA]
SS =0010 00000000 ffffffff 00c09300 DPL=0 DS   [-WA]
DS =0010 00000000 ffffffff 00c09300 DPL=0 DS   [-WA]
FS =0010 00000000 ffffffff 00c09300 DPL=0 DS   [-WA]
GS =0010 00000000 ffffffff 00c09300 DPL=0 DS   [-WA]
LDT=0000 00000000 0000ffff 00008200 DPL=0 LDT
TR =0000 00000000 0000ffff 00008b00 DPL=0 TSS32-busy
GDT=     000f7420 00000037
IDT=     000f745e 00000000
CR0=00000011 CR2=00000000 CR3=00000000 CR4=00000000
DR0=00000000 DR1=00000000 DR2=00000000 DR3=00000000 
DR6=ffff0ff0 DR7=00000400
CCS=00000044 CCD=00000000 CCO=EFLAGS
EFER=0000000000000000
SMM: enter
EAX=000000b5 EBX=000086c6 ECX=00005678 EDX=00000003
ESI=06f340e0 EDI=06fff761 EBP=0000696e ESP=0000696e
EIP=000f86c3 EFL=00000006 [-----P-] CPL=0 II=0 A20=1 SMM=0 HLT=0
ES =0010 00000000 ffffffff 00c09300 DPL=0 DS   [-WA]
CS =0008 00000000 ffffffff 00c09b00 DPL=0 CS32 [-RA]
SS =0010 00000000 ffffffff 00c09300 DPL=0 DS   [-WA]
DS =0010 00000000 ffffffff 00c09300 DPL=0 DS   [-WA]
FS =0010 00000000 ffffffff 00c09300 DPL=0 DS   [-WA]
GS =0010 00000000 ffffffff 00c09300 DPL=0 DS   [-WA]
LDT=0000 00000000 0000ffff 00008200 DPL=0 LDT
TR =0000 00000000 0000ffff 00008b00 DPL=0 TSS32-busy
GDT=     000f7420 00000037
IDT=     000f745e 00000000
CR0=00000011 CR2=00000000 CR3=00000000 CR4=00000000
DR0=00000000 DR1=00000000 DR2=00000000 DR3=00000000 
DR6=ffff0ff0 DR7=00000400
CCS=00000008 CCD=0000695a CCO=ADDL
EFER=0000000000000000
SMM: after RSM
EAX=000000b5 EBX=000086c6 ECX=00005678 EDX=00000003
ESI=06f340e0 EDI=06fff761 EBP=0000696e ESP=0000696e
EIP=000086c6 EFL=00000002 [-------] CPL=0 II=0 A20=1 SMM=0 HLT=0
ES =de80 000de800 ffffffff 00809300
CS =f000 000f0000 ffffffff 00809b00
SS =0000 00000000 ffffffff 00809300
DS =0000 00000000 ffffffff 00809300
FS =0000 00000000 ffffffff 00809300
GS =ca00 000ca000 ffffffff 00809300
LDT=0000 00000000 0000ffff 00008200
TR =0000 00000000 0000ffff 00008b00
GDT=     00000000 00000000
IDT=     00000000 000003ff
CR0=00000010 CR2=00000000 CR3=00000000 CR4=00000000
DR0=00000000 DR1=00000000 DR2=00000000 DR3=00000000 
DR6=ffff0ff0 DR7=00000400
CCS=00000000 CCD=00000001 CCO=EFLAGS
EFER=0000000000000000
Servicing hardware INT=0x0e
Servicing hardware INT=0x0e
Servicing hardware INT=0x08
Servicing hardware INT=0x0e
Servicing hardware INT=0x0e
Servicing hardware INT=0x08
Servicing hardware INT=0x0e
Servicing hardware INT=0x08
Servicing hardware INT=0x08
Servicing hardware INT=0x08
Servicing hardware INT=0x08
Servicing hardware INT=0x08
   168: v=03 e=0000 i=1 cpl=0 IP=0008:001005cd pc=001005cd SP=0010:00112eb8 env->regs[R_EAX]=0000000d
EAX=0000000d EBX=00010000 ECX=00000000 EDX=000003f8
ESI=2badb002 EDI=00000000 EBP=00000000 ESP=00112eb8
EIP=001005cd EFL=00000216 [----AP-] CPL=0 II=0 A20=1 SMM=0 HLT=0
ES =0010 00000000 ffffffff 00cf9300 DPL=0 DS   [-WA]
CS =0008 00000000 ffffffff 00cf9a00 DPL=0 CS32 [-R-]
SS =0010 00000000 ffffffff 00cf9300 DPL=0 DS   [-WA]
DS =0010 00000000 ffffffff 00cf9300 DPL=0 DS   [-WA]
FS =0010 00000000 ffffffff 00cf9300 DPL=0 DS   [-WA]
GS =0010 00000000 ffffffff 00cf9300 DPL=0 DS   [-WA]
LDT=0000 00000000 0000ffff 00008200 DPL=0 LDT
TR =0028 00113020 00000067 00008900 DPL=0 TSS32-avl
GDT=     001130a0 0000002f
IDT=     00113100 000007ff
CR0=80000011 CR2=00000000 CR3=0011f000 CR4=00000000
DR0=00000000 DR1=00000000 DR2=00000000 DR3=00000000 
DR6=ffff0ff0 DR7=00000400
CCS=0000000c CCD=00112eb4 CCO=ADDL
EFER=0000000000000000
Servicing hardware INT=0x20
   169: v=20 e=0000 i=0 cpl=0 IP=0008:00100f1c pc=00100f1c SP=0010:00112e80 env->regs[R_EAX]=000000fe
EAX=000000fe EBX=000100fe ECX=00000000 EDX=00000021
ESI=2badb002 EDI=00000000 EBP=00000000 ESP=00112e80
EIP=00100f1c EFL=00000282 [--S----] CPL=0 II=0 A20=1 SMM=0 HLT=0
ES =0010 00000000 ffffffff 00cf9300 DPL=0 DS   [-WA]
CS =0008 00000000 ffffffff 00cf9a00 DPL=0 CS32 [-R-]
SS =0010 00000000 ffffffff 00cf9300 DPL=0 DS   [-WA]
DS =0010 00000000 ffffffff 00cf9300 DPL=0 DS   [-WA]
FS =0010 00000000 ffffffff 00cf9300 DPL=0 DS   [-WA]
GS =0010 00000000 ffffffff 00cf9300 DPL=0 DS   [-WA]
LDT=0000 00000000 0000ffff 00008200 DPL=0 LDT
TR =0028 00113020 00000067 00008900 DPL=0 TSS32-avl
GDT=     001130a0 0000002f
IDT=     00113100 000007ff
CR0=80000011 CR2=00000000 CR3=0011f000 CR4=00000000
DR0=00000000 DR1=00000000 DR2=00000000 DR3=00000000 
DR6=ffff0ff0 DR7=00000400
CCS=000000a1 CCD=000000fe CCO=LOGICB
EFER=0000000000000000
Servicing hardware INT=0x20
   170: v=20 e=0000 i=0 cpl=0 IP=0008:00104831 pc=00104831 SP=0010:00112eb4 env->regs[R_EAX]=00000064
EAX=00000064 EBX=00010000 ECX=00000000 EDX=00000064
ESI=00000000 EDI=00000000 EBP=00000000 ESP=00112eb4
EIP=00104831 EFL=00000297 [--S-APC] CPL=0 II=0 A20=1 SMM=0 HLT=0
ES =0010 00000000 ffffffff 00cf9300 DPL=0 DS   [-WA]
CS =0008 00000000 ffffffff 00cf9a00 DPL=0 CS32 [-R-]
SS =0010 00000000 ffffffff 00cf9300 DPL=0 DS   [-WA]
DS =0010 00000000 ffffffff 00cf9300 DPL=0 DS   [-WA]
FS =0010 00000000 ffffffff 00cf9300 DPL=0 DS   [-WA]
GS =0010 00000000 ffffffff 00cf9300 DPL=0 DS   [-WA]
LDT=0000 00000000 0000ffff 00008200 DPL=0 LDT
TR =0028 00113020 00000067 00008900 DPL=0 TSS32-avl
GDT=     001130a0 0000002f
IDT=     00113100 000007ff
CR0=80000011 CR2=00000000 CR3=0011f000 CR4=00000000
DR0=00000000 DR1=00000000 DR2=00000000 DR3=00000000 
DR6=ffff0ff0 DR7=00000400
CCS=00000095 CCD=ffffff9c CCO=EFLAGS
EFER=0000000000000000
Servicing hardware INT=0x20
   171: v=20 e=0000 i=0 cpl=0 IP=0008:00104831 pc=00104831 SP=0010:00112eb4 env->regs[R_EAX]=00000064
EAX=00000064 EBX=00010000 ECX=00000000 EDX=00000064
ESI=00000000 EDI=00000000 EBP=00000000 ESP=00112eb4
EIP=00104831 EFL=00000293 [--S-A-C] CPL=0 II=0 A20=1 SMM=0 HLT=0
ES =0010 00000000 ffffffff 00cf9300 DPL=0 DS   [-WA]
CS =0008 00000000 ffffffff 00cf9a00 DPL=0 CS32 [-R-]
SS =0010 00000000 ffffffff 00cf9300 DPL=0 DS   [-WA]
DS =0010 00000000 ffffffff 00cf9300 DPL=0 DS   [-WA]
FS =0010 00000000 ffffffff 00cf9300 DPL=0 DS   [-WA]
GS =0010 00000000 ffffffff 00cf9300 DPL=0 DS   [-WA]
LDT=0000 00000000 0000ffff 00008200 DPL=0 LDT
TR =0028 00113020 00000067 00008900 DPL=0 TSS32-avl
GDT=     001130a0 0000002f
IDT=     00113100 000007ff
CR0=80000011 CR2=00000000 CR3=0011f000 CR4=00000000
DR0=00000000 DR1=00000000 DR2=00000000 DR3=00000000 
DR6=ffff0ff0 DR7=00000400
CCS=00000091 CCD=ffffff9d CCO=EFLAGS
EFER=0000000000000000
Servicing hardware INT=0x20
   172: v=20 e=0000 i=0 cpl=0 IP=0008:00104831 pc=00104831 SP=0010:00112eb4 env->regs[R_EAX]=00000064
EAX=00000064 EBX=00010000 ECX=00000000 EDX=00000064
ESI=00000000 EDI=00000000 EBP=00000000 ESP=00112eb4
EIP=00104831 EFL=00000293 [--S-A-C] CPL=0 II=0 A20=1 SMM=0 HLT=0
ES =0010 00000000 ffffffff 00cf9300 DPL=0 DS   [-WA]
CS =0008 00000000 ffffffff 00cf9a00 DPL=0 CS32 [-R-]
SS =0010 00000000 ffffffff 00cf9300 DPL=0 DS   [-WA]
DS =0010 00000000 ffffffff 00cf9300 DPL=0 DS   [-WA]
FS =0010 00000000 ffffffff 00cf9300 DPL=0 DS   [-WA]
GS =0010 00000000 ffffffff 00cf9300 DPL=0 DS   [-WA]
LDT=0000 00000000 0000ffff 00008200 DPL=0 LDT
TR =0028 00113020 00000067 00008900 DPL=0 TSS32-avl
GDT=     001130a0 0000002f
IDT=     00113100 000007ff
CR0=80000011 CR2=00000000 CR3=0011f000 CR4=00000000
DR0=00000000 DR1=00000000 DR2=00000000 DR3=00000000 
DR6=ffff0ff0 DR7=00000400
CCS=00000091 CCD=ffffff9e CCO=EFLAGS
EFER=0000000000000000
Servicing hardware INT=0x20
   173: v=20 e=0000 i=0 cpl=0 IP=0008:00104831 pc=00104831 SP=0010:00112eb4 env->regs[R_EAX]=00000064
EAX=00000064 EBX=00010000 ECX=00000000 EDX=00000064
ESI=00000000 EDI=00000000 EBP=00000000 ESP=00112eb4
EIP=00104831 EFL=00000297 [--S-APC] CPL=0 II=0 A20=1 SMM=0 HLT=0
ES =0010 00000000 ffffffff 00cf9300 DPL=0 DS   [-WA]
CS =0008 00000000 ffffffff 00cf9a00 DPL=0 CS32 [-R-]
SS =0010 00000000 ffffffff 00cf9300 DPL=0 DS   [-WA]
DS =0010 00000000 ffffffff 00cf9300 DPL=0 DS   [-WA]
FS =0010 00000000 ffffffff 00cf9300 DPL=0 DS   [-WA]
GS =0010 00000000 ffffffff 00cf9300 DPL=0 DS   [-WA]
LDT=0000 00000000 0000ffff 00008200 DPL=0 LDT
TR =0028 00113020 00000067 00008900 DPL=0 TSS32-avl
GDT=     001130a0 0000002f
IDT=     00113100 000007ff
CR0=80000011 CR2=00000000 CR3=0011f000 CR4=00000000
DR0=00000000 DR1=00000000 DR2=00000000 DR3=00000000 
DR6=ffff0ff0 DR7=00000400
CCS=00000095 CCD=ffffff9f CCO=EFLAGS
EFER=0000000000000000
Servicing hardware INT=0x20
   174: v=20 e=0000 i=0 cpl=0 IP=0008:00104831 pc=00104831 SP=0010:00112eb4 env->regs[R_EAX]=00000064
EAX=00000064 EBX=00010000 ECX=00000000 EDX=00000064
ESI=00000000 EDI=00000000 EBP=00000000 ESP=00112eb4
EIP=00104831 EFL=00000287 [--S--PC] CPL=0 II=0 A20=1 SMM=0 HLT=0
ES =0010 00000000 ffffffff 00cf9300 DPL=0 DS   [-WA]
CS =0008 00000000 ffffffff 00cf9a00 DPL=0 CS32 [-R-]
SS =0010 00000000 ffffffff 00cf9300 DPL=0 DS   [-WA]
DS =0010 00000000 ffffffff 00cf9300 DPL=0 DS   [-WA]
FS =0010 00000000 ffffffff 00cf9300 DPL=0 DS   [-WA]
GS =0010 00000000 ffffffff 00cf9300 DPL=0 DS   [-WA]
LDT=0000 00000000 0000ffff 00008200 DPL=0 LDT
TR =0028 00113020 00000067 00008900 DPL=0 TSS32-avl
GDT=     001130a0 0000002f
IDT=     00113100 000007ff
CR0=80000011 CR2=00000000 CR3=0011f000 CR4=00000000
DR0=00000000 DR1=00000000 DR2=00000000 DR3=00000000 
DR6=ffff0ff0 DR7=00000400
CCS=00000085 CCD=ffffffa0 CCO=EFLAGS
EFER=0000000000000000
Servicing hardware INT=0x20
   175: v=20 e=0000 i=0 cpl=0 IP=0008:00104831 pc=00104831 SP=0010:00112eb4 env->regs[R_EAX]=00000064
EAX=00000064 EBX=00010000 ECX=00000000 EDX=00000064
ESI=00000000 EDI=00000000 EBP=00000000 ESP=00112eb4
EIP=00104831 EFL=00000283 [--S---C] CPL=0 II=0 A20=1 SMM=0 HLT=0
ES =0010 00000000 ffffffff 00cf9300 DPL=0 DS   [-WA]
CS =0008 00000000 ffffffff 00cf9a00 DPL=0 CS32 [-R-]
SS =0010 00000000 ffffffff 00cf9300 DPL=0 DS   [-WA]
DS =0010 00000000 ffffffff 00cf9300 DPL=0 DS   [-WA]
FS =0010 00000000 ffffffff 00cf9300 DPL=0 DS   [-WA]
GS =0010 00000000 ffffffff 00cf9300 DPL=0 DS   [-WA]
LDT=0000 00000000 0000ffff 00008200 DPL=0 LDT
TR =0028 00113020 00000067 00008900 DPL=0 TSS32-avl
GDT=     001130a0 0000002f
IDT=     00113100 000007ff
CR0=80000011 CR2=00000000 CR3=0011f000 CR4=00000000
DR0=00000000 DR1=00000000 DR2=00000000 DR3=00000000 
DR6=ffff0ff0 DR7=00000400
CCS=00000081 CCD=ffffffa1 CCO=EFLAGS
EFER=0000000000000000
Servicing hardware INT=0x20
   176: v=20 e=0000 i=0 cpl=0 IP=0008:00104831 pc=00104831 SP=0010:00112eb4 env->regs[R_EAX]=00000064
EAX=00000064 EBX=00010000 ECX=00000000 EDX=00000064
ESI=00000000 EDI=00000000 EBP=00000000 ESP=00112eb4
EIP=00104831 EFL=00000283 [--S---C] CPL=0 II=0 A20=1 SMM=0 HLT=0
ES =0010 00000000 ffffffff 00cf9300 DPL=0 DS   [-WA]
CS =0008 00000000 ffffffff 00cf9a00 DPL=0 CS32 [-R-]
SS =0010 00000000 ffffffff 00cf9300 DPL=0 DS   [-WA]
DS =0010 00000000 ffffffff 00cf9300 DPL=0 DS   [-WA]
FS =0010 00000000 ffffffff 00cf9300 DPL=0 DS   [-WA]
GS =0010 00000000 ffffffff 00cf9300 DPL=0 DS   [-WA]
LDT=0000 00000000 0000ffff 00008200 DPL=0 LDT
TR =0028 00113020 00000067 00008900 DPL=0 TSS32-avl
GDT=     001130a0 0000002f
IDT=     00113100 000007ff
CR0=80000011 CR2=00000000 CR3=0011f000 CR4=00000000
DR0=00000000 DR1=00000000 DR2=00000000 DR3=00000000 
DR6=ffff0ff0 DR7=00000400
CCS=00000081 CCD=ffffffa2 CCO=EFLAGS
EFER=0000000000000000
Servicing hardware INT=0x20
   177: v=20 e=0000 i=0 cpl=0 IP=0008:00104831 pc=00104831 SP=0010:00112eb4 env->regs[R_EAX]=00000064
EAX=00000064 EBX=00010000 ECX=00000000 EDX=00000064
ESI=00000000 EDI=00000000 EBP=00000000 ESP=00112eb4
EIP=00104831 EFL=00000287 [--S--PC] CPL=0 II=0 A20=1 SMM=0 HLT=0
ES =0010 00000000 ffffffff 00cf9300 DPL=0 DS   [-WA]
CS =0008 00000000 ffffffff 00cf9a00 DPL=0 CS32 [-R-]
SS =0010 00000000 ffffffff 00cf9300 DPL=0 DS   [-WA]
DS =0010 00000000 ffffffff 00cf9300 DPL=0 DS   [-WA]
FS =0010 00000000 ffffffff 00cf9300 DPL=0 DS   [-WA]
GS =0010 00000000 ffffffff 00cf9300 DPL=0 DS   [-WA]
LDT=0000 00000000 0000ffff 00008200 DPL=0 LDT
TR =0028 00113020 00000067 00008900 DPL=0 TSS32-avl
GDT=     001130a0 0000002f
IDT=     00113100 000007ff
CR0=80000011 CR2=00000000 CR3=0011f000 CR4=00000000
DR0=00000000 DR1=00000000 DR2=00000000 DR3=00000000 
DR6=ffff0ff0 DR7=00000400
CCS=00000085 CCD=ffffffa3 CCO=EFLAGS
EFER=0000000000000000
Servicing hardware INT=0x20
   178: v=20 e=0000 i=0 cpl=0 IP=0008:00104831 pc=00104831 SP=0010:00112eb4 env->regs[R_EAX]=00000064
EAX=00000064 EBX=00010000 ECX=00000000 EDX=00000064
ESI=00000000 EDI=00000000 EBP=00000000 ESP=00112eb4
EIP=00104831 EFL=00000283 [--S---C] CPL=0 II=0 A20=1 SMM=0 HLT=0
ES =0010 00000000 ffffffff 00cf9300 DPL=0 DS   [-WA]
CS =0008 00000000 ffffffff 00cf9a00 DPL=0 CS32 [-R-]
SS =0010 00000000 ffffffff 00cf9300 DPL=0 DS   [-WA]
DS =0010 00000000 ffffffff 00cf9300 DPL=0 DS   [-WA]
FS =0010 00000000 ffffffff 00cf9300 DPL=0 DS   [-WA]
GS =0010 00000000 ffffffff 00cf9300 DPL=0 DS   [-WA]
LDT=0000 00000000 0000ffff 00008200 DPL=0 LDT
TR =0028 00113020 00000067 00008900 DPL=0 TSS32-avl
GDT=     001130a0 0000002f
IDT=     00113100 000007ff
CR0=80000011 CR2=00000000 CR3=0011f000 CR4=00000000
DR0=00000000 DR1=00000000 DR2=00000000 DR3=00000000 
DR6=ffff0ff0 DR7=00000400
CCS=00000081 CCD=ffffffa4 CCO=EFLAGS
EFER=0000000000000000
Servicing hardware INT=0x20
   179: v=20 e=0000 i=0 cpl=0 IP=0008:00104831 pc=00104831 SP=0010:00112eb4 env->regs[R_EAX]=00000064
EAX=00000064 EBX=00010000 ECX=00000000 EDX=00000064
ESI=00000000 EDI=00000000 EBP=00000000 ESP=00112eb4
EIP=00104831 EFL=00000287 [--S--PC] CPL=0 II=0 A20=1 SMM=0 HLT=0
ES =0010 00000000 ffffffff 00cf9300 DPL=0 DS   [-WA]
CS =0008 00000000 ffffffff 00cf9a00 DPL=0 CS32 [-R-]
SS =0010 00000000 ffffffff 00cf9300 DPL=0 DS   [-WA]
DS =0010 00000000 ffffffff 00cf9300 DPL=0 DS   [-WA]
FS =0010 00000000 ffffffff 00cf9300 DPL=0 DS   [-WA]
GS =0010 00000000 ffffffff 00cf9300 DPL=0 DS   [-WA]
LDT=0000 00000000 0000ffff 00008200 DPL=0 LDT
TR =0028 00113020 00000067 00008900 DPL=0 TSS32-avl
GDT=     001130a0 0000002f
IDT=     00113100 000007ff
CR0=80000011 CR2=00000000 CR3=0011f000 CR4=00000000
DR0=00000000 DR1=00000000 DR2=00000000 DR3=00000000 
DR6=ffff0ff0 DR7=00000400
CCS=00000085 CCD=ffffffa5 CCO=EFLAGS
EFER=0000000000000000
Servicing hardware INT=0x20
   180: v=20 e=0000 i=0 cpl=0 IP=0008:00104831 pc=00104831 SP=0010:00112eb4 env->regs[R_EAX]=00000064
EAX=00000064 EBX=00010000 ECX=00000000 EDX=00000064
ESI=00000000 EDI=00000000 EBP=00000000 ESP=00112eb4
EIP=00104831 EFL=00000287 [--S--PC] CPL=0 II=0 A20=1 SMM=0 HLT=0
ES =0010 00000000 ffffffff 00cf9300 DPL=0 DS   [-WA]
CS =0008 00000000 ffffffff 00cf9a00 DPL=0 CS32 [-R-]
SS =0010 00000000 ffffffff 00cf9300 DPL=0 DS   [-WA]
DS =0010 00000000 ffffffff 00cf9300 DPL=0 DS   [-WA]
FS =0010 00000000 ffffffff 00cf9300 DPL=0 DS   [-WA]
GS =0010 00000000 ffffffff 00cf9300 DPL=0 DS   [-WA]
LDT=0000 00000000 0000ffff 00008200 DPL=0 LDT
TR =0028 00113020 00000067 00008900 DPL=0 TSS32-avl
GDT=     001130a0 0000002f
IDT=     00113100 000007ff
CR0=80000011 CR2=00000000 CR3=0011f000 CR4=00000000
DR0=00000000 DR1=00000000 DR2=00000000 DR3=00000000 
DR6=ffff0ff0 DR7=00000400
CCS=00000085 CCD=ffffffa6 CCO=EFLAGS
EFER=0000000000000000
Servicing hardware INT=0x20
   181: v=20 e=0000 i=0 cpl=0 IP=0008:00104831 pc=00104831 SP=0010:00112eb4 env->regs[R_EAX]=00000064
EAX=00000064 EBX=00010000 ECX=00000000 EDX=00000064
ESI=00000000 EDI=00000000 EBP=00000000 ESP=00112eb4
EIP=00104831 EFL=00000283 [--S---C] CPL=0 II=0 A20=1 SMM=0 HLT=0
ES =0010 00000000 ffffffff 00cf9300 DPL=0 DS   [-WA]
CS =0008 00000000 ffffffff 00cf9a00 DPL=0 CS32 [-R-]
SS =0010 00000000 ffffffff 00cf9300 DPL=0 DS   [-WA]
DS =0010 00000000 ffffffff 00cf9300 DPL=0 DS   [-WA]
FS =0010 00000000 ffffffff 00cf9300 DPL=0 DS   [-WA]
GS =0010 00000000 ffffffff 00cf9300 DPL=0 DS   [-WA]
LDT=0000 00000000 0000ffff 00008200 DPL=0 LDT
TR =0028 00113020 00000067 00008900 DPL=0 TSS32-avl
GDT=     001130a0 0000002f
IDT=     00113100 000007ff
CR0=80000011 CR2=00000000 CR3=0011f000 CR4=00000000
DR0=00000000 DR1=00000000 DR2=00000000 DR3=00000000 
DR6=ffff0ff0 DR7=00000400
CCS=00000081 CCD=ffffffa7 CCO=EFLAGS
EFER=0000000000000000
Servicing hardware INT=0x20
   182: v=20 e=0000 i=0 cpl=0 IP=0008:00104831 pc=00104831 SP=0010:00112eb4 env->regs[R_EAX]=00000064
EAX=00000064 EBX=00010000 ECX=00000000 EDX=00000064
ESI=00000000 EDI=00000000 EBP=00000000 ESP=00112eb4
EIP=00104831 EFL=00000283 [--S---C] CPL=0 II=0 A20=1 SMM=0 HLT=0
ES =0010 00000000 ffffffff 00cf9300 DPL=0 DS   [-WA]
CS =0008 00000000 ffffffff 00cf9a00 DPL=0 CS32 [-R-]
SS =0010 00000000 ffffffff 00cf9300 DPL=0 DS   [-WA]
DS =0010 00000000 ffffffff 00cf9300 DPL=0 DS   [-WA]
FS =0010 00000000 ffffffff 00cf9300 DPL=0 DS   [-WA]
GS =0010 00000000 ffffffff 00cf9300 DPL=0 DS   [-WA]
LDT=0000 00000000 0000ffff 00008200 DPL=0 LDT
TR =0028 00113020 00000067 00008900 DPL=0 TSS32-avl
GDT=     001130a0 0000002f
IDT=     00113100 000007ff
CR0=80000011 CR2=00000000 CR3=0011f000 CR4=00000000
DR0=00000000 DR1=00000000 DR2=00000000 DR3=00000000 
DR6=ffff0ff0 DR7=00000400
CCS=00000081 CCD=ffffffa8 CCO=EFLAGS
EFER=0000000000000000
Servicing hardware INT=0x20
   183: v=20 e=0000 i=0 cpl=0 IP=0008:00104831 pc=00104831 SP=0010:00112eb4 env->regs[R_EAX]=00000064
EAX=00000064 EBX=00010000 ECX=00000000 EDX=00000064
ESI=00000000 EDI=00000000 EBP=00000000 ESP=00112eb4
EIP=00104831 EFL=00000287 [--S--PC] CPL=0 II=0 A20=1 SMM=0 HLT=0
ES =0010 00000000 ffffffff 00cf9300 DPL=0 DS   [-WA]
CS =0008 00000000 ffffffff 00cf9a00 DPL=0 CS32 [-R-]
SS =0010 00000000 ffffffff 00cf9300 DPL=0 DS   [-WA]
DS =0010 00000000 ffffffff 00cf9300 DPL=0 DS   [-WA]
FS =0010 00000000 ffffffff 00cf9300 DPL=0 DS   [-WA]
GS =0010 00000000 ffffffff 00cf9300 DPL=0 DS   [-WA]
LDT=0000 00000000 0000ffff 00008200 DPL=0 LDT
TR =0028 00113020 00000067 00008900 DPL=0 TSS32-avl
GDT=     001130a0 0000002f
IDT=     00113100 000007ff
CR0=80000011 CR2=00000000 CR3=0011f000 CR4=00000000
DR0=00000000 DR1=00000000 DR2=00000000 DR3=00000000 
DR6=ffff0ff0 DR7=00000400
CCS=00000085 CCD=ffffffa9 CCO=EFLAGS
EFER=0000000000000000
Servicing hardware INT=0x20
   184: v=20 e=0000 i=0 cpl=0 IP=0008:00104831 pc=00104831 SP=0010:00112eb4 env->regs[R_EAX]=00000064
EAX=00000064 EBX=00010000 ECX=00000000 EDX=00000064
ESI=00000000 EDI=00000000 EBP=00000000 ESP=00112eb4
EIP=00104831 EFL=00000287 [--S--PC] CPL=0 II=0 A20=1 SMM=0 HLT=0
ES =0010 00000000 ffffffff 00cf9300 DPL=0 DS   [-WA]
CS =0008 00000000 ffffffff 00cf9a00 DPL=0 CS32 [-R-]
SS =0010 00000000 ffffffff 00cf9300 DPL=0 DS   [-WA]
DS =0010 00000000 ffffffff 00cf9300 DPL=0 DS   [-WA]
FS =0010 00000000 ffffffff 00cf9300 DPL=0 DS   [-WA]
GS =0010 00000000 ffffffff 00cf9300 DPL=0 DS   [-WA]
LDT=0000 00000000 0000ffff 00008200 DPL=0 LDT
TR =0028 00113020 00000067 00008900 DPL=0 TSS32-avl
GDT=     001130a0 0000002f
IDT=     00113100 000007ff
CR0=80000011 CR2=00000000 CR3=0011f000 CR4=00000000
DR0=00000000 DR1=00000000 DR2=00000000 DR3=00000000 
DR6=ffff0ff0 DR7=00000400
CCS=00000085 CCD=ffffffaa CCO=EFLAGS
EFER=0000000000000000
Servicing hardware INT=0x20
   185: v=20 e=0000 i=0 cpl=0 IP=0008:00104831 pc=00104831 SP=0010:00112eb4 env->regs[R_EAX]=00000064
EAX=00000064 EBX=00010000 ECX=00000000 EDX=00000064
ESI=00000000 EDI=00000000 EBP=00000000 ESP=00112eb4
EIP=00104831 EFL=00000283 [--S---C] CPL=0 II=0 A20=1 SMM=0 HLT=0
ES =0010 00000000 ffffffff 00cf9300 DPL=0 DS   [-WA]
CS =0008 00000000 ffffffff 00cf9a00 DPL=0 CS32 [-R-]
SS =0010 00000000 ffffffff 00cf9300 DPL=0 DS   [-WA]
DS =0010 00000000 ffffffff 00cf9300 DPL=0 DS   [-WA]
FS =0010 00000000 ffffffff 00cf9300 DPL=0 DS   [-WA]
GS =0010 00000000 ffffffff 00cf9300 DPL=0 DS   [-WA]
LDT=0000 00000000 0000ffff 00008200 DPL=0 LDT
TR =0028 00113020 00000067 00008900 DPL=0 TSS32-avl
GDT=     001130a0 0000002f
IDT=     00113100 000007ff
CR0=80000011 CR2=00000000 CR3=0011f000 CR4=00000000
DR0=00000000 DR1=00000000 DR2=00000000 DR3=00000000 
DR6=ffff0ff0 DR7=00000400
CCS=00000081 CCD=ffffffab CCO=EFLAGS
EFER=0000000000000000
Servicing hardware INT=0x20
   186: v=20 e=0000 i=0 cpl=0 IP=0008:00104831 pc=00104831 SP=0010:00112eb4 env->regs[R_EAX]=00000064
EAX=00000064 EBX=00010000 ECX=00000000 EDX=00000064
ESI=00000000 EDI=00000000 EBP=00000000 ESP=00112eb4
EIP=00104831 EFL=00000297 [--S-APC] CPL=0 II=0 A20=1 SMM=0 HLT=0
ES =0010 00000000 ffffffff 00cf9300 DPL=0 DS   [-WA]
CS =0008 00000000 ffffffff 00cf9a00 DPL=0 CS32 [-R-]
SS =0010 00000000 ffffffff 00cf9300 DPL=0 DS   [-WA]
DS =0010 00000000 ffffffff 00cf9300 DPL=0 DS   [-WA]
FS =0010 00000000 ffffffff 00cf9300 DPL=0 DS   [-WA]
GS =0010 00000000 ffffffff 00cf9300 DPL=0 DS   [-WA]
LDT=0000 00000000 0000ffff 00008200 DPL=0 LDT
TR =0028 00113020 00000067 00008900 DPL=0 TSS32-avl
GDT=     001130a0 0000002f
IDT=     00113100 000007ff
CR0=80000011 CR2=00000000 CR3=0011f000 CR4=00000000
DR0=00000000 DR1=00000000 DR2=00000000 DR3=00000000 
DR6=ffff0ff0 DR7=00000400
CCS=00000095 CCD=ffffffac CCO=EFLAGS
EFER=0000000000000000
Servicing hardware INT=0x20
   187: v=20 e=0000 i=0 cpl=0 IP=0008:00104831 pc=00104831 SP=0010:00112eb4 env->regs[R_EAX]=00000064
EAX=00000064 EBX=00010000 ECX=00000000 EDX=00000064
ESI=00000000 EDI=00000000 EBP=00000000 ESP=00112eb4
EIP=00104831 EFL=00000293 [--S-A-C] CPL=0 II=0 A20=1 SMM=0 HLT=0
ES =0010 00000000 ffffffff 00cf9300 DPL=0 DS   [-WA]
CS =0008 00000000 ffffffff 00cf9a00 DPL=0 CS32 [-R-]
SS =0010 00000000 ffffffff 00cf9300 DPL=0 DS   [-WA]
DS =0010 00000000 ffffffff 00cf9300 DPL=0 DS   [-WA]
FS =0010 00000000 ffffffff 00cf9300 DPL=0 DS   [-WA]
GS =0010 00000000 ffffffff 00cf9300 DPL=0 DS   [-WA]
LDT=0000 00000000 0000ffff 00008200 DPL=0 LDT
TR =0028 00113020 00000067 00008900 DPL=0 TSS32-avl
GDT=     001130a0 0000002f
IDT=     00113100 000007ff
CR0=80000011 CR2=00000000 CR3=0011f000 CR4=00000000
DR0=00000000 DR1=00000000 DR2=00000000 DR3=00000000 
DR6=ffff0ff0 DR7=00000400
CCS=00000091 CCD=ffffffad CCO=EFLAGS
EFER=0000000000000000
Servicing hardware INT=0x20
   188: v=20 e=0000 i=0 cpl=0 IP=0008:00104831 pc=00104831 SP=0010:00112eb4 env->regs[R_EAX]=00000064
EAX=00000064 EBX=00010000 ECX=00000000 EDX=00000064
ESI=00000000 EDI=00000000 EBP=00000000 ESP=00112eb4
EIP=00104831 EFL=00000293 [--S-A-C] CPL=0 II=0 A20=1 SMM=0 HLT=0
ES =0010 00000000 ffffffff 00cf9300 DPL=0 DS   [-WA]
CS =0008 00000000 ffffffff 00cf9a00 DPL=0 CS32 [-R-]
SS =0010 00000000 ffffffff 00cf9300 DPL=0 DS   [-WA]
DS =0010 00000000 ffffffff 00cf9300 DPL=0 DS   [-WA]
FS =0010 00000000 ffffffff 00cf9300 DPL=0 DS   [-WA]
GS =0010 00000000 ffffffff 00cf9300 DPL=0 DS   [-WA]
LDT=0000 00000000 0000ffff 00008200 DPL=0 LDT
TR =0028 00113020 00000067 00008900 DPL=0 TSS32-avl
GDT=     001130a0 0000002f
IDT=     00113100 000007ff
CR0=80000011 CR2=00000000 CR3=0011f000 CR4=00000000
DR0=00000000 DR1=00000000 DR2=00000000 DR3=00000000 
DR6=ffff0ff0 DR7=00000400
CCS=00000091 CCD=ffffffae CCO=EFLAGS
EFER=0000000000000000
Servicing hardware INT=0x20
   189: v=20 e=0000 i=0 cpl=0 IP=0008:00104831 pc=00104831 SP=0010:00112eb4 env->regs[R_EAX]=00000064
EAX=00000064 EBX=00010000 ECX=00000000 EDX=00000064
ESI=00000000 EDI=00000000 EBP=00000000 ESP=00112eb4
EIP=00104831 EFL=00000297 [--S-APC] CPL=0 II=0 A20=1 SMM=0 HLT=0
ES =0010 00000000 ffffffff 00cf9300 DPL=0 DS   [-WA]
CS =0008 00000000 ffffffff 00cf9a00 DPL=0 CS32 [-R-]
SS =0010 00000000 ffffffff 00cf9300 DPL=0 DS   [-WA]
DS =0010 00000000 ffffffff 00cf9300 DPL=0 DS   [-WA]
FS =0010 00000000 ffffffff 00cf9300 DPL=0 DS   [-WA]
GS =0010 00000000 ffffffff 00cf9300 DPL=0 DS   [-WA]
LDT=0000 00000000 0000ffff 00008200 DPL=0 LDT
TR =0028 00113020 00000067 00008900 DPL=0 TSS32-avl
GDT=     001130a0 0000002f
IDT=     00113100 000007ff
CR0=80000011 CR2=00000000 CR3=0011f000 CR4=00000000
DR0=00000000 DR1=00000000 DR2=00000000 DR3=00000000 
DR6=ffff0ff0 DR7=00000400
CCS=00000095 CCD=ffffffaf CCO=EFLAGS
EFER=0000000000000000
Servicing hardware INT=0x20
   190: v=20 e=0000 i=0 cpl=0 IP=0008:00104831 pc=00104831 SP=0010:00112eb4 env->regs[R_EAX]=00000064
EAX=00000064 EBX=00010000 ECX=00000000 EDX=00000064
ESI=00000000 EDI=00000000 EBP=00000000 ESP=00112eb4
EIP=00104831 EFL=00000283 [--S---C] CPL=0 II=0 A20=1 SMM=0 HLT=0
ES =0010 00000000 ffffffff 00cf9300 DPL=0 DS   [-WA]
CS =0008 00000000 ffffffff 00cf9a00 DPL=0 CS32 [-R-]
SS =0010 00000000 ffffffff 00cf9300 DPL=0 DS   [-WA]
DS =0010 00000000 ffffffff 00cf9300 DPL=0 DS   [-WA]
FS =0010 00000000 ffffffff 00cf9300 DPL=0 DS   [-WA]
GS =0010 00000000 ffffffff 00cf9300 DPL=0 DS   [-WA]
LDT=0000 00000000 0000ffff 00008200 DPL=0 LDT
TR =0028 00113020 00000067 00008900 DPL=0 TSS32-avl
GDT=     001130a0 0000002f
IDT=     00113100 000007ff
CR0=80000011 CR2=00000000 CR3=0011f000 CR4=00000000
DR0=00000000 DR1=00000000 DR2=00000000 DR3=00000000 
DR6=ffff0ff0 DR7=00000400
CCS=00000081 CCD=ffffffb0 CCO=EFLAGS
EFER=0000000000000000
Servicing hardware INT=0x20
   191: v=20 e=0000 i=0 cpl=0 IP=0008:00104831 pc=00104831 SP=0010:00112eb4 env->regs[R_EAX]=00000064
EAX=00000064 EBX=00010000 ECX=00000000 EDX=00000064
ESI=00000000 EDI=00000000 EBP=00000000 ESP=00112eb4
EIP=00104831 EFL=00000287 [--S--PC] CPL=0 II=0 A20=1 SMM=0 HLT=0
ES =0010 00000000 ffffffff 00cf9300 DPL=0 DS   [-WA]
CS =0008 00000000 ffffffff 00cf9a00 DPL=0 CS32 [-R-]
SS =0010 00000000 ffffffff 00cf9300 DPL=0 DS   [-WA]
DS =0010 00000000 ffffffff 00cf9300 DPL=0 DS   [-WA]
FS =0010 00000000 ffffffff 00cf9300 DPL=0 DS   [-WA]
GS =0010 00000000 ffffffff 00cf9300 DPL=0 DS   [-WA]
LDT=0000 00000000 0000ffff 00008200 DPL=0 LDT
TR =0028 00113020 00000067 00008900 DPL=0 TSS32-avl
GDT=     001130a0 0000002f
IDT=     00113100 000007ff
CR0=80000011 CR2=00000000 CR3=0011f000 CR4=00000000
DR0=00000000 DR1=00000000 DR2=00000000 DR3=00000000 
DR6=ffff0ff0 DR7=00000400
CCS=00000085 CCD=ffffffb1 CCO=EFLAGS
EFER=0000000000000000
Servicing hardware INT=0x20
   192: v=20 e=0000 i=0 cpl=0 IP=0008:00104831 pc=00104831 SP=0010:00112eb4 env->regs[R_EAX]=00000064
EAX=00000064 EBX=00010000 ECX=00000000 EDX=00000064
ESI=00000000 EDI=00000000 EBP=00000000 ESP=00112eb4
EIP=00104831 EFL=00000287 [--S--PC] CPL=0 II=0 A20=1 SMM=0 HLT=0
ES =0010 00000000 ffffffff 00cf9300 DPL=0 DS   [-WA]
CS =0008 00000000 ffffffff 00cf9a00 DPL=0 CS32 [-R-]
SS =0010 00000000 ffffffff 00cf9300 DPL=0 DS   [-WA]
DS =0010 00000000 ffffffff 00cf9300 DPL=0 DS   [-WA]
FS =0010 00000000 ffffffff 00cf9300 DPL=0 DS   [-WA]
GS =0010 00000000 ffffffff 00cf9300 DPL=0 DS   [-WA]
LDT=0000 00000000 0000ffff 00008200 DPL=0 LDT
TR =0028 00113020 00000067 00008900 DPL=0 TSS32-avl
GDT=     001130a0 0000002f
IDT=     00113100 000007ff
CR0=80000011 CR2=00000000 CR3=0011f000 CR4=00000000
DR0=00000000 DR1=00000000 DR2=00000000 DR3=00000000 
DR6=ffff0ff0 DR7=00000400
CCS=00000085 CCD=ffffffb2 CCO=EFLAGS
EFER=0000000000000000
Servicing hardware INT=0x20
   193: v=20 e=0000 i=0 cpl=0 IP=0008:00104831 pc=00104831 SP=0010:00112eb4 env->regs[R_EAX]=00000064
EAX=00000064 EBX=00010000 ECX=00000000 EDX=00000064
ESI=00000000 EDI=00000000 EBP=00000000 ESP=00112eb4
EIP=00104831 EFL=00000283 [--S---C] CPL=0 II=0 A20=1 SMM=0 HLT=0
ES =0010 00000000 ffffffff 00cf9300 DPL=0 DS   [-WA]
CS =0008 00000000 ffffffff 00cf9a00 DPL=0 CS32 [-R-]
SS =0010 00000000 ffffffff 00cf9300 DPL=0 DS   [-WA]
DS =0010 00000000 ffffffff 00cf9300 DPL=0 DS   [-WA]
FS =0010 00000000 ffffffff 00cf9300 DPL=0 DS   [-WA]
GS =0010 00000000 ffffffff 00cf9300 DPL=0 DS   [-WA]
LDT=0000 00000000 0000ffff 00008200 DPL=0 LDT
TR =0028 00113020 00000067 00008900 DPL=0 TSS32-avl
GDT=     001130a0 0000002f
IDT=     00113100 000007ff
CR0=80000011 CR2=00000000 CR3=0011f000 CR4=00000000
DR0=00000000 DR1=00000000 DR2=00000000 DR3=00000000 
DR6=ffff0ff0 DR7=00000400
CCS=00000081 CCD=ffffffb3 CCO=EFLAGS
EFER=0000000000000000
Servicing hardware INT=0x20
   194: v=20 e=0000 i=0 cpl=0 IP=0008:00104831 pc=00104831 SP=0010:00112eb4 env->regs[R_EAX]=00000064
EAX=00000064 EBX=00010000 ECX=00000000 EDX=00000064
ESI=00000000 EDI=00000000 EBP=00000000 ESP=00112eb4
EIP=00104831 EFL=00000287 [--S--PC] CPL=0 II=0 A20=1 SMM=0 HLT=0
ES =0010 00000000 ffffffff 00cf9300 DPL=0 DS   [-WA]
CS =0008 00000000 ffffffff 00cf9a00 DPL=0 CS32 [-R-]
SS =0010 00000000 ffffffff 00cf9300 DPL=0 DS   [-WA]
DS =0010 00000000 ffffffff 00cf9300 DPL=0 DS   [-WA]
FS =0010 00000000 ffffffff 00cf9300 DPL=0 DS   [-WA]
GS =0010 00000000 ffffffff 00cf9300 DPL=0 DS   [-WA]
LDT=0000 00000000 0000ffff 00008200 DPL=0 LDT
TR =0028 00113020 00000067 00008900 DPL=0 TSS32-avl
GDT=     001130a0 0000002f
IDT=     00113100 000007ff
CR0=80000011 CR2=00000000 CR3=0011f000 CR4=00000000
DR0=00000000 DR1=00000000 DR2=00000000 DR3=00000000 
DR6=ffff0ff0 DR7=00000400
CCS=00000085 CCD=ffffffb4 CCO=EFLAGS
EFER=0000000000000000
Servicing hardware INT=0x20
   195: v=20 e=0000 i=0 cpl=0 IP=0008:00104831 pc=00104831 SP=0010:00112eb4 env->regs[R_EAX]=00000064
EAX=00000064 EBX=00010000 ECX=00000000 EDX=00000064
ESI=00000000 EDI=00000000 EBP=00000000 ESP=00112eb4
EIP=00104831 EFL=00000283 [--S---C] CPL=0 II=0 A20=1 SMM=0 HLT=0
ES =0010 00000000 ffffffff 00cf9300 DPL=0 DS   [-WA]
CS =0008 00000000 ffffffff 00cf9a00 DPL=0 CS32 [-R-]
SS =0010 00000000 ffffffff 00cf9300 DPL=0 DS   [-WA]
DS =0010 00000000 ffffffff 00cf9300 DPL=0 DS   [-WA]
FS =0010 00000000 ffffffff 00cf9300 DPL=0 DS   [-WA]
GS =0010 00000000 ffffffff 00cf9300 DPL=0 DS   [-WA]
LDT=0000 00000000 0000ffff 00008200 DPL=0 LDT
TR =0028 00113020 00000067 00008900 DPL=0 TSS32-avl
GDT=     001130a0 0000002f
IDT=     00113100 000007ff
CR0=80000011 CR2=00000000 CR3=0011f000 CR4=00000000
DR0=00000000 DR1=00000000 DR2=00000000 DR3=00000000 
DR6=ffff0ff0 DR7=00000400
CCS=00000081 CCD=ffffffb5 CCO=EFLAGS
EFER=0000000000000000
Servicing hardware INT=0x20
   196: v=20 e=0000 i=0 cpl=0 IP=0008:00104831 pc=00104831 SP=0010:00112eb4 env->regs[R_EAX]=00000064
EAX=00000064 EBX=00010000 ECX=00000000 EDX=00000064
ESI=00000000 EDI=00000000 EBP=00000000 ESP=00112eb4
EIP=00104831 EFL=00000283 [--S---C] CPL=0 II=0 A20=1 SMM=0 HLT=0
ES =0010 00000000 ffffffff 00cf9300 DPL=0 DS   [-WA]
CS =0008 00000000 ffffffff 00cf9a00 DPL=0 CS32 [-R-]
SS =0010 00000000 ffffffff 00cf9300 DPL=0 DS   [-WA]
DS =0010 00000000 ffffffff 00cf9300 DPL=0 DS   [-WA]
FS =0010 00000000 ffffffff 00cf9300 DPL=0 DS   [-WA]
GS =0010 00000000 ffffffff 00cf9300 DPL=0 DS   [-WA]
LDT=0000 00000000 0000ffff 00008200 DPL=0 LDT
TR =0028 00113020 00000067 00008900 DPL=0 TSS32-avl
GDT=     001130a0 0000002f
IDT=     00113100 000007ff
CR0=80000011 CR2=00000000 CR3=0011f000 CR4=00000000
DR0=00000000 DR1=00000000 DR2=00000000 DR3=00000000 
DR6=ffff0ff0 DR7=00000400
CCS=00000081 CCD=ffffffb6 CCO=EFLAGS
EFER=0000000000000000
Servicing hardware INT=0x20
   197: v=20 e=0000 i=0 cpl=0 IP=0008:00104831 pc=00104831 SP=0010:00112eb4 env->regs[R_EAX]=00000064
EAX=00000064 EBX=00010000 ECX=00000000 EDX=00000064
ESI=00000000 EDI=00000000 EBP=00000000 ESP=00112eb4
EIP=00104831 EFL=00000287 [--S--PC] CPL=0 II=0 A20=1 SMM=0 HLT=0
ES =0010 00000000 ffffffff 00cf9300 DPL=0 DS   [-WA]
CS =0008 00000000 ffffffff 00cf9a00 DPL=0 CS32 [-R-]
SS =0010 00000000 ffffffff 00cf9300 DPL=0 DS   [-WA]
DS =0010 00000000 ffffffff 00cf9300 DPL=0 DS   [-WA]
FS =0010 00000000 ffffffff 00cf9300 DPL=0 DS   [-WA]
GS =0010 00000000 ffffffff 00cf9300 DPL=0 DS   [-WA]
LDT=0000 00000000 0000ffff 00008200 DPL=0 LDT
TR =0028 00113020 00000067 00008900 DPL=0 TSS32-avl
GDT=     001130a0 0000002f
IDT=     00113100 000007ff
CR0=80000011 CR2=00000000 CR3=0011f000 CR4=00000000
DR0=00000000 DR1=00000000 DR2=00000000 DR3=00000000 
DR6=ffff0ff0 DR7=00000400
CCS=00000085 CCD=ffffffb7 CCO=EFLAGS
EFER=0000000000000000
Servicing hardware INT=0x20
   198: v=20 e=0000 i=0 cpl=0 IP=0008:00104831 pc=00104831 SP=0010:00112eb4 env->regs[R_EAX]=00000064
EAX=00000064 EBX=00010000 ECX=00000000 EDX=00000064
ESI=00000000 EDI=00000000 EBP=00000000 ESP=00112eb4
EIP=00104831 EFL=00000287 [--S--PC] CPL=0 II=0 A20=1 SMM=0 HLT=0
ES =0010 00000000 ffffffff 00cf9300 DPL=0 DS   [-WA]
CS =0008 00000000 ffffffff 00cf9a00 DPL=0 CS32 [-R-]
SS =0010 00000000 ffffffff 00cf9300 DPL=0 DS   [-WA]
DS =0010 00000000 ffffffff 00cf9300 DPL=0 DS   [-WA]
FS =0010 00000000 ffffffff 00cf9300 DPL=0 DS   [-WA]
GS =0010 00000000 ffffffff 00cf9300 DPL=0 DS   [-WA]
LDT=0000 00000000 0000ffff 00008200 DPL=0 LDT
TR =0028 00113020 00000067 00008900 DPL=0 TSS32-avl
GDT=     001130a0 0000002f
IDT=     00113100 000007ff
CR0=80000011 CR2=00000000 CR3=0011f000 CR4=00000000
DR0=00000000 DR1=00000000 DR2=00000000 DR3=00000000 
DR6=ffff0ff0 DR7=00000400
CCS=00000085 CCD=ffffffb8 CCO=EFLAGS
EFER=0000000000000000
Servicing hardware INT=0x20
   199: v=20 e=0000 i=0 cpl=0 IP=0008:00104831 pc=00104831 SP=0010:00112eb4 env->regs[R_EAX]=00000064
EAX=00000064 EBX=00010000 ECX=00000000 EDX=00000064
ESI=00000000 EDI=00000000 EBP=00000000 ESP=00112eb4
EIP=00104831 EFL=00000283 [--S---C] CPL=0 II=0 A20=1 SMM=0 HLT=0
ES =0010 00000000 ffffffff 00cf9300 DPL=0 DS   [-WA]
CS =0008 00000000 ffffffff 00cf9a00 DPL=0 CS32 [-R-]
SS =0010 00000000 ffffffff 00cf9300 DPL=0 DS   [-WA]
DS =0010 00000000 ffffffff 00cf9300 DPL=0 DS   [-WA]
FS =0010 00000000 ffffffff 00cf9300 DPL=0 DS   [-WA]
GS =0010 00000000 ffffffff 00cf9300 DPL=0 DS   [-WA]
LDT=0000 00000000 0000ffff 00008200 DPL=0 LDT
TR =0028 00113020 00000067 00008900 DPL=0 TSS32-avl
GDT=     001130a0 0000002f
IDT=     00113100 000007ff
CR0=80000011 CR2=00000000 CR3=0011f000 CR4=00000000
DR0=00000000 DR1=00000000 DR2=00000000 DR3=00000000 
DR6=ffff0ff0 DR7=00000400
CCS=00000081 CCD=ffffffb9 CCO=EFLAGS
EFER=0000000000000000
Servicing hardware INT=0x20
   200: v=20 e=0000 i=0 cpl=0 IP=0008:00104831 pc=00104831 SP=0010:00112eb4 env->regs[R_EAX]=00000064
EAX=00000064 EBX=00010000 ECX=00000000 EDX=00000064
ESI=00000000 EDI=00000000 EBP=00000000 ESP=00112eb4
EIP=00104831 EFL=00000283 [--S---C] CPL=0 II=0 A20=1 SMM=0 HLT=0
ES =0010 00000000 ffffffff 00cf9300 DPL=0 DS   [-WA]
CS =0008 00000000 ffffffff 00cf9a00 DPL=0 CS32 [-R-]
SS =0010 00000000 ffffffff 00cf9300 DPL=0 DS   [-WA]
DS =0010 00000000 ffffffff 00cf9300 DPL=0 DS   [-WA]
FS =0010 00000000 ffffffff 00cf9300 DPL=0 DS   [-WA]
GS =0010 00000000 ffffffff 00cf9300 DPL=0 DS   [-WA]
LDT=0000 00000000 0000ffff 00008200 DPL=0 LDT
TR =0028 00113020 00000067 00008900 DPL=0 TSS32-avl
GDT=     001130a0 0000002f
IDT=     00113100 000007ff
CR0=80000011 CR2=00000000 CR3=0011f000 CR4=00000000
DR0=00000000 DR1=00000000 DR2=00000000 DR3=00000000 
DR6=ffff0ff0 DR7=00000400
CCS=00000081 CCD=ffffffba CCO=EFLAGS
EFER=0000000000000000
Servicing hardware INT=0x20
   201: v=20 e=0000 i=0 cpl=0 IP=0008:00104831 pc=00104831 SP=0010:00112eb4 env->regs[R_EAX]=00000064
EAX=00000064 EBX=00010000 ECX=00000000 EDX=00000064
ESI=00000000 EDI=00000000 EBP=00000000 ESP=00112eb4
EIP=00104831 EFL=00000287 [--S--PC] CPL=0 II=0 A20=1 SMM=0 HLT=0
ES =0010 00000000 ffffffff 00cf9300 DPL=0 DS   [-WA]
CS =0008 00000000 ffffffff 00cf9a00 DPL=0 CS32 [-R-]
SS =0010 00000000 ffffffff 00cf9300 DPL=0 DS   [-WA]
DS =0010 00000000 ffffffff 00cf9300 DPL=0 DS   [-WA]
FS =0010 00000000 ffffffff 00cf9300 DPL=0 DS   [-WA]
GS =0010 00000000 ffffffff 00cf9300 DPL=0 DS   [-WA]
LDT=0000 00000000 0000ffff 00008200 DPL=0 LDT
TR =0028 00113020 00000067 00008900 DPL=0 TSS32-avl
GDT=     001130a0 0000002f
IDT=     00113100 000007ff
CR0=80000011 CR2=00000000 CR3=0011f000 CR4=00000000
DR0=00000000 DR1=00000000 DR2=00000000 DR3=00000000 
DR6=ffff0ff0 DR7=00000400
CCS=00000085 CCD=ffffffbb CCO=EFLAGS
EFER=0000000000000000
Servicing hardware INT=0x20
   202: v=20 e=0000 i=0 cpl=0 IP=0008:00104831 pc=00104831 SP=0010:00112eb4 env->regs[R_EAX]=00000064
EAX=00000064 EBX=00010000 ECX=00000000 EDX=00000064
ESI=00000000 EDI=00000000 EBP=00000000 ESP=00112eb4
EIP=00104831 EFL=00000293 [--S-A-C] CPL=0 II=0 A20=1 SMM=0 HLT=0
ES =0010 00000000 ffffffff 00cf9300 DPL=0 DS   [-WA]
CS =0008 00000000 ffffffff 00cf9a00 DPL=0 CS32 [-R-]
SS =0010 00000000 ffffffff 00cf9300 DPL=0 DS   [-WA]
DS =0010 00000000 ffffffff 00cf9300 DPL=0 DS   [-WA]
FS =0010 00000000 ffffffff 00cf9300 DPL=0 DS   [-WA]
GS =0010 00000000 ffffffff 00cf9300 DPL=0 DS   [-WA]
LDT=0000 00000000 0000ffff 00008200 DPL=0 LDT
TR =0028 00113020 00000067 00008900 DPL=0 TSS32-avl
GDT=     001130a0 0000002f
IDT=     00113100 000007ff
CR0=80000011 CR2=00000000 CR3=0011f000 CR4=00000000
DR0=00000000 DR1=00000000 DR2=00000000 DR3=00000000 
DR6=ffff0ff0 DR7=00000400
CCS=00000091 CCD=ffffffbc CCO=EFLAGS
EFER=0000000000000000
Servicing hardware INT=0x20
   203: v=20 e=0000 i=0 cpl=0 IP=0008:00104831 pc=00104831 SP=0010:00112eb4 env->regs[R_EAX]=00000064
EAX=00000064 EBX=00010000 ECX=00000000 EDX=00000064
ESI=00000000 EDI=00000000 EBP=00000000 ESP=00112eb4
EIP=00104831 EFL=00000297 [--S-APC] CPL=0 II=0 A20=1 SMM=0 HLT=0
ES =0010 00000000 ffffffff 00cf9300 DPL=0 DS   [-WA]
CS =0008 00000000 ffffffff 00cf9a00 DPL=0 CS32 [-R-]
SS =0010 00000000 ffffffff 00cf9300 DPL=0 DS   [-WA]
DS =0010 00000000 ffffffff 00cf9300 DPL=0 DS   [-WA]
FS =0010 00000000 ffffffff 00cf9300 DPL=0 DS   [-WA]
GS =0010 00000000 ffffffff 00cf9300 DPL=0 DS   [-WA]
LDT=0000 00000000 0000ffff 00008200 DPL=0 LDT
TR =0028 00113020 00000067 00008900 DPL=0 TSS32-avl
GDT=     001130a0 0000002f
IDT=     00113100 000007ff
CR0=80000011 CR2=00000000 CR3=0011f000 CR4=00000000
DR0=00000000 DR1=00000000 DR2=00000000 DR3=00000000 
DR6=ffff0ff0 DR7=00000400
CCS=00000095 CCD=ffffffbd CCO=EFLAGS
EFER=0000000000000000
Servicing hardware INT=0x20
   204: v=20 e=0000 i=0 cpl=0 IP=0008:00104831 pc=00104831 SP=0010:00112eb4 env->regs[R_EAX]=00000064
EAX=00000064 EBX=00010000 ECX=00000000 EDX=00000064
ESI=00000000 EDI=00000000 EBP=00000000 ESP=00112eb4
EIP=00104831 EFL=00000297 [--S-APC] CPL=0 II=0 A20=1 SMM=0 HLT=0
ES =0010 00000000 ffffffff 00cf9300 DPL=0 DS   [-WA]
CS =0008 00000000 ffffffff 00cf9a00 DPL=0 CS32 [-R-]
SS =0010 00000000 ffffffff 00cf9300 DPL=0 DS   [-WA]
DS =0010 00000000 ffffffff 00cf9300 DPL=0 DS   [-WA]
FS =0010 00000000 ffffffff 00cf9300 DPL=0 DS   [-WA]
GS =0010 00000000 ffffffff 00cf9300 DPL=0 DS   [-WA]
LDT=0000 00000000 0000ffff 00008200 DPL=0 LDT
TR =0028 00113020 00000067 00008900 DPL=0 TSS32-avl
GDT=     001130a0 0000002f
IDT=     00113100 000007ff
CR0=80000011 CR2=00000000 CR3=0011f000 CR4=00000000
DR0=00000000 DR1=00000000 DR2=00000000 DR3=00000000 
DR6=ffff0ff0 DR7=00000400
CCS=00000095 CCD=ffffffbe CCO=EFLAGS
EFER=0000000000000000
Servicing hardware INT=0x20
   205: v=20 e=0000 i=0 cpl=0 IP=0008:00104831 pc=00104831 SP=0010:00112eb4 env->regs[R_EAX]=00000064
EAX=00000064 EBX=00010000 ECX=00000000 EDX=00000064
ESI=00000000 EDI=00000000 EBP=00000000 ESP=00112eb4
EIP=00104831 EFL=00000293 [--S-A-C] CPL=0 II=0 A20=1 SMM=0 HLT=0
ES =0010 00000000 ffffffff 00cf9300 DPL=0 DS   [-WA]
CS =0008 00000000 ffffffff 00cf9a00 DPL=0 CS32 [-R-]
SS =0010 00000000 ffffffff 00cf9300 DPL=0 DS   [-WA]
DS =0010 00000000 ffffffff 00cf9300 DPL=0 DS   [-WA]
FS =0010 00000000 ffffffff 00cf9300 DPL=0 DS   [-WA]
GS =0010 00000000 ffffffff 00cf9300 DPL=0 DS   [-WA]
LDT=0000 00000000 0000ffff 00008200 DPL=0 LDT
TR =0028 00113020 00000067 00008900 DPL=0 TSS32-avl
GDT=     001130a0 0000002f
IDT=     00113100 000007ff
CR0=80000011 CR2=00000000 CR3=0011f000 CR4=00000000
DR0=00000000 DR1=00000000 DR2=00000000 DR3=00000000 
DR6=ffff0ff0 DR7=00000400
CCS=00000091 CCD=ffffffbf CCO=EFLAGS
EFER=0000000000000000
Servicing hardware INT=0x20
   206: v=20 e=0000 i=0 cpl=0 IP=0008:00104831 pc=00104831 SP=0010:00112eb4 env->regs[R_EAX]=00000064
EAX=00000064 EBX=00010000 ECX=00000000 EDX=00000064
ESI=00000000 EDI=00000000 EBP=00000000 ESP=00112eb4
EIP=00104831 EFL=00000287 [--S--PC] CPL=0 II=0 A20=1 SMM=0 HLT=0
ES =0010 00000000 ffffffff 00cf9300 DPL=0 DS   [-WA]
CS =0008 00000000 ffffffff 00cf9a00 DPL=0 CS32 [-R-]
SS =0010 00000000 ffffffff 00cf9300 DPL=0 DS   [-WA]
DS =0010 00000000 ffffffff 00cf9300 DPL=0 DS   [-WA]
FS =0010 00000000 ffffffff 00cf9300 DPL=0 DS   [-WA]
GS =0010 00000000 ffffffff 00cf9300 DPL=0 DS   [-WA]
LDT=0000 00000000 0000ffff 00008200 DPL=0 LDT
TR =0028 00113020 00000067 00008900 DPL=0 TSS32-avl
GDT=     001130a0 0000002f
IDT=     00113100 000007ff
CR0=80000011 CR2=00000000 CR3=0011f000 CR4=00000000
DR0=00000000 DR1=00000000 DR2=00000000 DR3=00000000 
DR6=ffff0ff0 DR7=00000400
CCS=00000085 CCD=ffffffc0 CCO=EFLAGS
EFER=0000000000000000
Servicing hardware INT=0x20
   207: v=20 e=0000 i=0 cpl=0 IP=0008:00104831 pc=00104831 SP=0010:00112eb4 env->regs[R_EAX]=00000064
EAX=00000064 EBX=00010000 ECX=00000000 EDX=00000064
ESI=00000000 EDI=00000000 EBP=00000000 ESP=00112eb4
EIP=00104831 EFL=00000283 [--S---C] CPL=0 II=0 A20=1 SMM=0 HLT=0
ES =0010 00000000 ffffffff 00cf9300 DPL=0 DS   [-WA]
CS =0008 00000000 ffffffff 00cf9a00 DPL=0 CS32 [-R-]
SS =0010 00000000 ffffffff 00cf9300 DPL=0 DS   [-WA]
DS =0010 00000000 ffffffff 00cf9300 DPL=0 DS   [-WA]
FS =0010 00000000 ffffffff 00cf9300 DPL=0 DS   [-WA]
GS =0010 00000000 ffffffff 00cf9300 DPL=0 DS   [-WA]
LDT=0000 00000000 0000ffff 00008200 DPL=0 LDT
TR =0028 00113020 00000067 00008900 DPL=0 TSS32-avl
GDT=     001130a0 0000002f
IDT=     00113100 000007ff
CR0=80000011 CR2=00000000 CR3=0011f000 CR4=00000000
DR0=00000000 DR1=00000000 DR2=00000000 DR3=00000000 
DR6=ffff0ff0 DR7=00000400
CCS=00000081 CCD=ffffffc1 CCO=EFLAGS
EFER=0000000000000000
Servicing hardware INT=0x20
   208: v=20 e=0000 i=0 cpl=0 IP=0008:00104831 pc=00104831 SP=0010:00112eb4 env->regs[R_EAX]=00000064
EAX=00000064 EBX=00010000 ECX=00000000 EDX=00000064
ESI=00000000 EDI=00000000 EBP=00000000 ESP=00112eb4
EIP=00104831 EFL=00000283 [--S---C] CPL=0 II=0 A20=1 SMM=0 HLT=0
ES =0010 00000000 ffffffff 00cf9300 DPL=0 DS   [-WA]
CS =0008 00000000 ffffffff 00cf9a00 DPL=0 CS32 [-R-]
SS =0010 00000000 ffffffff 00cf9300 DPL=0 DS   [-WA]
DS =0010 00000000 ffffffff 00cf9300 DPL=0 DS   [-WA]
FS =0010 00000000 ffffffff 00cf9300 DPL=0 DS   [-WA]
GS =0010 00000000 ffffffff 00cf9300 DPL=0 DS   [-WA]
LDT=0000 00000000 0000ffff 00008200 DPL=0 LDT
TR =0028 00113020 00000067 00008900 DPL=0 TSS32-avl
GDT=     001130a0 0000002f
IDT=     00113100 000007ff
CR0=80000011 CR2=00000000 CR3=0011f000 CR4=00000000
DR0=00000000 DR1=00000000 DR2=00000000 DR3=00000000 
DR6=ffff0ff0 DR7=00000400
CCS=00000081 CCD=ffffffc2 CCO=EFLAGS
EFER=0000000000000000
Servicing hardware INT=0x20
   209: v=20 e=0000 i=0 cpl=0 IP=0008:00104831 pc=00104831 SP=0010:00112eb4 env->regs[R_EAX]=00000064
EAX=00000064 EBX=00010000 ECX=00000000 EDX=00000064
ESI=00000000 EDI=00000000 EBP=00000000 ESP=00112eb4
EIP=00104831 EFL=00000287 [--S--PC] CPL=0 II=0 A20=1 SMM=0 HLT=0
ES =0010 00000000 ffffffff 00cf9300 DPL=0 DS   [-WA]
CS =0008 00000000 ffffffff 00cf9a00 DPL=0 CS32 [-R-]
SS =0010 00000000 ffffffff 00cf9300 DPL=0 DS   [-WA]
DS =0010 00000000 ffffffff 00cf9300 DPL=0 DS   [-WA]
FS =0010 00000000 ffffffff 00cf9300 DPL=0 DS   [-WA]
GS =0010 00000000 ffffffff 00cf9300 DPL=0 DS   [-WA]
LDT=0000 00000000 0000ffff 00008200 DPL=0 LDT
TR =0028 00113020 00000067 00008900 DPL=0 TSS32-avl
GDT=     001130a0 0000002f
IDT=     00113100 000007ff
CR0=80000011 CR2=00000000 CR3=0011f000 CR4=00000000
DR0=00000000 DR1=00000000 DR2=00000000 DR3=00000000 
DR6=ffff0ff0 DR7=00000400
CCS=00000085 CCD=ffffffc3 CCO=EFLAGS
EFER=0000000000000000
Servicing hardware INT=0x20
   210: v=20 e=0000 i=0 cpl=0 IP=0008:00104831 pc=00104831 SP=0010:00112eb4 env->regs[R_EAX]=00000064
EAX=00000064 EBX=00010000 ECX=00000000 EDX=00000064
ESI=00000000 EDI=00000000 EBP=00000000 ESP=00112eb4
EIP=00104831 EFL=00000283 [--S---C] CPL=0 II=0 A20=1 SMM=0 HLT=0
ES =0010 00000000 ffffffff 00cf9300 DPL=0 DS   [-WA]
CS =0008 00000000 ffffffff 00cf9a00 DPL=0 CS32 [-R-]
SS =0010 00000000 ffffffff 00cf9300 DPL=0 DS   [-WA]
DS =0010 00000000 ffffffff 00cf9300 DPL=0 DS   [-WA]
FS =0010 00000000 ffffffff 00cf9300 DPL=0 DS   [-WA]
GS =0010 00000000 ffffffff 00cf9300 DPL=0 DS   [-WA]
LDT=0000 00000000 0000ffff 00008200 DPL=0 LDT
TR =0028 00113020 00000067 00008900 DPL=0 TSS32-avl
GDT=     001130a0 0000002f
IDT=     00113100 000007ff
CR0=80000011 CR2=00000000 CR3=0011f000 CR4=00000000
DR0=00000000 DR1=00000000 DR2=00000000 DR3=00000000 
DR6=ffff0ff0 DR7=00000400
CCS=00000081 CCD=ffffffc4 CCO=EFLAGS
EFER=0000000000000000
Servicing hardware INT=0x20
   211: v=20 e=0000 i=0 cpl=0 IP=0008:00104831 pc=00104831 SP=0010:00112eb4 env->regs[R_EAX]=00000064
EAX=00000064 EBX=00010000 ECX=00000000 EDX=00000064
ESI=00000000 EDI=00000000 EBP=00000000 ESP=00112eb4
EIP=00104831 EFL=00000287 [--S--PC] CPL=0 II=0 A20=1 SMM=0 HLT=0
ES =0010 00000000 ffffffff 00cf9300 DPL=0 DS   [-WA]
CS =0008 00000000 ffffffff 00cf9a00 DPL=0 CS32 [-R-]
SS =0010 00000000 ffffffff 00cf9300 DPL=0 DS   [-WA]
DS =0010 00000000 ffffffff 00cf9300 DPL=0 DS   [-WA]
FS =0010 00000000 ffffffff 00cf9300 DPL=0 DS   [-WA]
GS =0010 00000000 ffffffff 00cf9300 DPL=0 DS   [-WA]
LDT=0000 00000000 0000ffff 00008200 DPL=0 LDT
TR =0028 00113020 00000067 00008900 DPL=0 TSS32-avl
GDT=     001130a0 0000002f
IDT=     00113100 000007ff
CR0=80000011 CR2=00000000 CR3=0011f000 CR4=00000000
DR0=00000000 DR1=00000000 DR2=00000000 DR3=00000000 
DR6=ffff0ff0 DR7=00000400
CCS=00000085 CCD=ffffffc5 CCO=EFLAGS
EFER=0000000000000000
Servicing hardware INT=0x20
   212: v=20 e=0000 i=0 cpl=0 IP=0008:00104831 pc=00104831 SP=0010:00112eb4 env->regs[R_EAX]=00000064
EAX=00000064 EBX=00010000 ECX=00000000 EDX=00000064
ESI=00000000 EDI=00000000 EBP=00000000 ESP=00112eb4
EIP=00104831 EFL=00000287 [--S--PC] CPL=0 II=0 A20=1 SMM=0 HLT=0
ES =0010 00000000 ffffffff 00cf9300 DPL=0 DS   [-WA]
CS =0008 00000000 ffffffff 00cf9a00 DPL=0 CS32 [-R-]
SS =0010 00000000 ffffffff 00cf9300 DPL=0 DS   [-WA]
DS =0010 00000000 ffffffff 00cf9300 DPL=0 DS   [-WA]
FS =0010 00000000 ffffffff 00cf9300 DPL=0 DS   [-WA]
GS =0010 00000000 ffffffff 00cf9300 DPL=0 DS   [-WA]
LDT=0000 00000000 0000ffff 00008200 DPL=0 LDT
TR =0028 00113020 00000067 00008900 DPL=0 TSS32-avl
GDT=     001130a0 0000002f
IDT=     00113100 000007ff
CR0=80000011 CR2=00000000 CR3=0011f000 CR4=00000000
DR0=00000000 DR1=00000000 DR2=00000000 DR3=00000000 
DR6=ffff0ff0 DR7=00000400
CCS=00000085 CCD=ffffffc6 CCO=EFLAGS
EFER=0000000000000000
Servicing hardware INT=0x20
   213: v=20 e=0000 i=0 cpl=0 IP=0008:00104831 pc=00104831 SP=0010:00112eb4 env->regs[R_EAX]=00000064
EAX=00000064 EBX=00010000 ECX=00000000 EDX=00000064
ESI=00000000 EDI=00000000 EBP=00000000 ESP=00112eb4
EIP=00104831 EFL=00000283 [--S---C] CPL=0 II=0 A20=1 SMM=0 HLT=0
ES =0010 00000000 ffffffff 00cf9300 DPL=0 DS   [-WA]
CS =0008 00000000 ffffffff 00cf9a00 DPL=0 CS32 [-R-]
SS =0010 00000000 ffffffff 00cf9300 DPL=0 DS   [-WA]
DS =0010 00000000 ffffffff 00cf9300 DPL=0 DS   [-WA]
FS =0010 00000000 ffffffff 00cf9300 DPL=0 DS   [-WA]
GS =0010 00000000 ffffffff 00cf9300 DPL=0 DS   [-WA]
LDT=0000 00000000 0000ffff 00008200 DPL=0 LDT
TR =0028 00113020 00000067 00008900 DPL=0 TSS32-avl
GDT=     001130a0 0000002f
IDT=     00113100 000007ff
CR0=80000011 CR2=00000000 CR3=0011f000 CR4=00000000
DR0=00000000 DR1=00000000 DR2=00000000 DR3=00000000 
DR6=ffff0ff0 DR7=00000400
CCS=00000081 CCD=ffffffc7 CCO=EFLAGS
EFER=0000000000000000
Servicing hardware INT=0x20
   214: v=20 e=0000 i=0 cpl=0 IP=0008:00104831 pc=00104831 SP=0010:00112eb4 env->regs[R_EAX]=00000064
EAX=00000064 EBX=00010000 ECX=00000000 EDX=00000064
ESI=00000000 EDI=00000000 EBP=00000000 ESP=00112eb4
EIP=00104831 EFL=00000283 [--S---C] CPL=0 II=0 A20=1 SMM=0 HLT=0
ES =0010 00000000 ffffffff 00cf9300 DPL=0 DS   [-WA]
CS =0008 00000000 ffffffff 00cf9a00 DPL=0 CS32 [-R-]
SS =0010 00000000 ffffffff 00cf9300 DPL=0 DS   [-WA]
DS =0010 00000000 ffffffff 00cf9300 DPL=0 DS   [-WA]
FS =0010 00000000 ffffffff 00cf9300 DPL=0 DS   [-WA]
GS =0010 00000000 ffffffff 00cf9300 DPL=0 DS   [-WA]
LDT=0000 00000000 0000ffff 00008200 DPL=0 LDT
TR =0028 00113020 00000067 00008900 DPL=0 TSS32-avl
GDT=     001130a0 0000002f
IDT=     00113100 000007ff
CR0=80000011 CR2=00000000 CR3=0011f000 CR4=00000000
DR0=00000000 DR1=00000000 DR2=00000000 DR3=00000000 
DR6=ffff0ff0 DR7=00000400
CCS=00000081 CCD=ffffffc8 CCO=EFLAGS
EFER=0000000000000000
Servicing hardware INT=0x20
   215: v=20 e=0000 i=0 cpl=0 IP=0008:00104831 pc=00104831 SP=0010:00112eb4 env->regs[R_EAX]=00000064
EAX=00000064 EBX=00010000 ECX=00000000 EDX=00000064
ESI=00000000 EDI=00000000 EBP=00000000 ESP=00112eb4
EIP=00104831 EFL=00000287 [--S--PC] CPL=0 II=0 A20=1 SMM=0 HLT=0
ES =0010 00000000 ffffffff 00cf9300 DPL=0 DS   [-WA]
CS =0008 00000000 ffffffff 00cf9a00 DPL=0 CS32 [-R-]
SS =0010 00000000 ffffffff 00cf9300 DPL=0 DS   [-WA]
DS =0010 00000000 ffffffff 00cf9300 DPL=0 DS   [-WA]
FS =0010 00000000 ffffffff 00cf9300 DPL=0 DS   [-WA]
GS =0010 00000000 ffffffff 00cf9300 DPL=0 DS   [-WA]
LDT=0000 00000000 0000ffff 00008200 DPL=0 LDT
TR =0028 00113020 00000067 00008900 DPL=0 TSS32-avl
GDT=     001130a0 0000002f
IDT=     00113100 000007ff
CR0=80000011 CR2=00000000 CR3=0011f000 CR4=00000000
DR0=00000000 DR1=00000000 DR2=00000000 DR3=00000000 
DR6=ffff0ff0 DR7=00000400
CCS=00000085 CCD=ffffffc9 CCO=EFLAGS
EFER=0000000000000000
Servicing hardware INT=0x20
   216: v=20 e=0000 i=0 cpl=0 IP=0008:00104831 pc=00104831 SP=0010:00112eb4 env->regs[R_EAX]=00000064
EAX=00000064 EBX=00010000 ECX=00000000 EDX=00000064
ESI=00000000 EDI=00000000 EBP=00000000 ESP=00112eb4
EIP=00104831 EFL=00000287 [--S--PC] CPL=0 II=0 A20=1 SMM=0 HLT=0
ES =0010 00000000 ffffffff 00cf9300 DPL=0 DS   [-WA]
CS =0008 00000000 ffffffff 00cf9a00 DPL=0 CS32 [-R-]
SS =0010 00000000 ffffffff 00cf9300 DPL=0 DS   [-WA]
DS =0010 00000000 ffffffff 00cf9300 DPL=0 DS   [-WA]
FS =0010 00000000 ffffffff 00cf9300 DPL=0 DS   [-WA]
GS =0010 00000000 ffffffff 00cf9300 DPL=0 DS   [-WA]
LDT=0000 00000000 0000ffff 00008200 DPL=0 LDT
TR =0028 00113020 00000067 00008900 DPL=0 TSS32-avl
GDT=     001130a0 0000002f
IDT=     00113100 000007ff
CR0=80000011 CR2=00000000 CR3=0011f000 CR4=00000000
DR0=00000000 DR1=00000000 DR2=00000000 DR3=00000000 
DR6=ffff0ff0 DR7=00000400
CCS=00000085 CCD=ffffffca CCO=EFLAGS
EFER=0000000000000000
Servicing hardware INT=0x20
   217: v=20 e=0000 i=0 cpl=0 IP=0008:00104831 pc=00104831 SP=0010:00112eb4 env->regs[R_EAX]=00000064
EAX=00000064 EBX=00010000 ECX=00000000 EDX=00000064
ESI=00000000 EDI=00000000 EBP=00000000 ESP=00112eb4
EIP=00104831 EFL=00000283 [--S---C] CPL=0 II=0 A20=1 SMM=0 HLT=0
ES =0010 00000000 ffffffff 00cf9300 DPL=0 DS   [-WA]
CS =0008 00000000 ffffffff 00cf9a00 DPL=0 CS32 [-R-]
SS =0010 00000000 ffffffff 00cf9300 DPL=0 DS   [-WA]
DS =0010 00000000 ffffffff 00cf9300 DPL=0 DS   [-WA]
FS =0010 00000000 ffffffff 00cf9300 DPL=0 DS   [-WA]
GS =0010 00000000 ffffffff 00cf9300 DPL=0 DS   [-WA]
LDT=0000 00000000 0000ffff 00008200 DPL=0 LDT
TR =0028 00113020 00000067 00008900 DPL=0 TSS32-avl
GDT=     001130a0 0000002f
IDT=     00113100 000007ff
CR0=80000011 CR2=00000000 CR3=0011f000 CR4=00000000
DR0=00000000 DR1=00000000 DR2=00000000 DR3=00000000 
DR6=ffff0ff0 DR7=00000400
CCS=00000081 CCD=ffffffcb CCO=EFLAGS
EFER=0000000000000000
Servicing hardware INT=0x20
   218: v=20 e=0000 i=0 cpl=0 IP=0008:00104831 pc=00104831 SP=0010:00112eb4 env->regs[R_EAX]=00000064
EAX=00000064 EBX=00010000 ECX=00000000 EDX=00000064
ESI=00000000 EDI=00000000 EBP=00000000 ESP=00112eb4
EIP=00104831 EFL=00000297 [--S-APC] CPL=0 II=0 A20=1 SMM=0 HLT=0
ES =0010 00000000 ffffffff 00cf9300 DPL=0 DS   [-WA]
CS =0008 00000000 ffffffff 00cf9a00 DPL=0 CS32 [-R-]
SS =0010 00000000 ffffffff 00cf9300 DPL=0 DS   [-WA]
DS =0010 00000000 ffffffff 00cf9300 DPL=0 DS   [-WA]
FS =0010 00000000 ffffffff 00cf9300 DPL=0 DS   [-WA]
GS =0010 00000000 ffffffff 00cf9300 DPL=0 DS   [-WA]
LDT=0000 00000000 0000ffff 00008200 DPL=0 LDT
TR =0028 00113020 00000067 00008900 DPL=0 TSS32-avl
GDT=     001130a0 0000002f
IDT=     00113100 000007ff
CR0=80000011 CR2=00000000 CR3=0011f000 CR4=00000000
DR0=00000000 DR1=00000000 DR2=00000000 DR3=00000000 
DR6=ffff0ff0 DR7=00000400
CCS=00000095 CCD=ffffffcc CCO=EFLAGS
EFER=0000000000000000
Servicing hardware INT=0x20
   219: v=20 e=0000 i=0 cpl=0 IP=0008:00104831 pc=00104831 SP=0010:00112eb4 env->regs[R_EAX]=00000064
EAX=00000064 EBX=00010000 ECX=00000000 EDX=00000064
ESI=00000000 EDI=00000000 EBP=00000000 ESP=00112eb4
EIP=00104831 EFL=00000293 [--S-A-C] CPL=0 II=0 A20=1 SMM=0 HLT=0
ES =0010 00000000 ffffffff 00cf9300 DPL=0 DS   [-WA]
CS =0008 00000000 ffffffff 00cf9a00 DPL=0 CS32 [-R-]
SS =0010 00000000 ffffffff 00cf9300 DPL=0 DS   [-WA]
DS =0010 00000000 ffffffff 00cf9300 DPL=0 DS   [-WA]
FS =0010 00000000 ffffffff 00cf9300 DPL=0 DS   [-WA]
GS =0010 00000000 ffffffff 00cf9300 DPL=0 DS   [-WA]
LDT=0000 00000000 0000ffff 00008200 DPL=0 LDT
TR =0028 00113020 00000067 00008900 DPL=0 TSS32-avl
GDT=     001130a0 0000002f
IDT=     00113100 000007ff
CR0=80000011 CR2=00000000 CR3=0011f000 CR4=00000000
DR0=00000000 DR1=00000000 DR2=00000000 DR3=00000000 
DR6=ffff0ff0 DR7=00000400
CCS=00000091 CCD=ffffffcd CCO=EFLAGS
EFER=0000000000000000
Servicing hardware INT=0x20
   220: v=20 e=0000 i=0 cpl=0 IP=0008:00104831 pc=00104831 SP=0010:00112eb4 env->regs[R_EAX]=00000064
EAX=00000064 EBX=00010000 ECX=00000000 EDX=00000064
ESI=00000000 EDI=00000000 EBP=00000000 ESP=00112eb4
EIP=00104831 EFL=00000293 [--S-A-C] CPL=0 II=0 A20=1 SMM=0 HLT=0
ES =0010 00000000 ffffffff 00cf9300 DPL=0 DS   [-WA]
CS =0008 00000000 ffffffff 00cf9a00 DPL=0 CS32 [-R-]
SS =0010 00000000 ffffffff 00cf9300 DPL=0 DS   [-WA]
DS =0010 00000000 ffffffff 00cf9300 DPL=0 DS   [-WA]
FS =0010 00000000 ffffffff 00cf9300 DPL=0 DS   [-WA]
GS =0010 00000000 ffffffff 00cf9300 DPL=0 DS   [-WA]
LDT=0000 00000000 0000ffff 00008200 DPL=0 LDT
TR =0028 00113020 00000067 00008900 DPL=0 TSS32-avl
GDT=     001130a0 0000002f
IDT=     00113100 000007ff
CR0=80000011 CR2=00000000 CR3=0011f000 CR4=00000000
DR0=00000000 DR1=00000000 DR2=00000000 DR3=00000000 
DR6=ffff0ff0 DR7=00000400
CCS=00000091 CCD=ffffffce CCO=EFLAGS
EFER=0000000000000000
Servicing hardware INT=0x20
   221: v=20 e=0000 i=0 cpl=0 IP=0008:00104831 pc=00104831 SP=0010:00112eb4 env->regs[R_EAX]=00000064
EAX=00000064 EBX=00010000 ECX=00000000 EDX=00000064
ESI=00000000 EDI=00000000 EBP=00000000 ESP=00112eb4
EIP=00104831 EFL=00000297 [--S-APC] CPL=0 II=0 A20=1 SMM=0 HLT=0
ES =0010 00000000 ffffffff 00cf9300 DPL=0 DS   [-WA]
CS =0008 00000000 ffffffff 00cf9a00 DPL=0 CS32 [-R-]
SS =0010 00000000 ffffffff 00cf9300 DPL=0 DS   [-WA]
DS =0010 00000000 ffffffff 00cf9300 DPL=0 DS   [-WA]
FS =0010 00000000 ffffffff 00cf9300 DPL=0 DS   [-WA]
GS =0010 00000000 ffffffff 00cf9300 DPL=0 DS   [-WA]
LDT=0000 00000000 0000ffff 00008200 DPL=0 LDT
TR =0028 00113020 00000067 00008900 DPL=0 TSS32-avl
GDT=     001130a0 0000002f
IDT=     00113100 000007ff
CR0=80000011 CR2=00000000 CR3=0011f000 CR4=00000000
DR0=00000000 DR1=00000000 DR2=00000000 DR3=00000000 
DR6=ffff0ff0 DR7=00000400
CCS=00000095 CCD=ffffffcf CCO=EFLAGS
EFER=0000000000000000
Servicing hardware INT=0x20
   222: v=20 e=0000 i=0 cpl=0 IP=0008:00104831 pc=00104831 SP=0010:00112eb4 env->regs[R_EAX]=00000064
EAX=00000064 EBX=00010000 ECX=00000000 EDX=00000064
ESI=00000000 EDI=00000000 EBP=00000000 ESP=00112eb4
EIP=00104831 EFL=00000283 [--S---C] CPL=0 II=0 A20=1 SMM=0 HLT=0
ES =0010 00000000 ffffffff 00cf9300 DPL=0 DS   [-WA]
CS =0008 00000000 ffffffff 00cf9a00 DPL=0 CS32 [-R-]
SS =0010 00000000 ffffffff 00cf9300 DPL=0 DS   [-WA]
DS =0010 00000000 ffffffff 00cf9300 DPL=0 DS   [-WA]
FS =0010 00000000 ffffffff 00cf9300 DPL=0 DS   [-WA]
GS =0010 00000000 ffffffff 00cf9300 DPL=0 DS   [-WA]
LDT=0000 00000000 0000ffff 00008200 DPL=0 LDT
TR =0028 00113020 00000067 00008900 DPL=0 TSS32-avl
GDT=     001130a0 0000002f
IDT=     00113100 000007ff
CR0=80000011 CR2=00000000 CR3=0011f000 CR4=00000000
DR0=00000000 DR1=00000000 DR2=00000000 DR3=00000000 
DR6=ffff0ff0 DR7=00000400
CCS=00000081 CCD=ffffffd0 CCO=EFLAGS
EFER=0000000000000000
Servicing hardware INT=0x20
   223: v=20 e=0000 i=0 cpl=0 IP=0008:00104831 pc=00104831 SP=0010:00112eb4 env->regs[R_EAX]=00000064
EAX=00000064 EBX=00010000 ECX=00000000 EDX=00000064
ESI=00000000 EDI=00000000 EBP=00000000 ESP=00112eb4
EIP=00104831 EFL=00000287 [--S--PC] CPL=0 II=0 A20=1 SMM=0 HLT=0
ES =0010 00000000 ffffffff 00cf9300 DPL=0 DS   [-WA]
CS =0008 00000000 ffffffff 00cf9a00 DPL=0 CS32 [-R-]
SS =0010 00000000 ffffffff 00cf9300 DPL=0 DS   [-WA]
DS =0010 00000000 ffffffff 00cf9300 DPL=0 DS   [-WA]
FS =0010 00000000 ffffffff 00cf9300 DPL=0 DS   [-WA]
GS =0010 00000000 ffffffff 00cf9300 DPL=0 DS   [-WA]
LDT=0000 00000000 0000ffff 00008200 DPL=0 LDT
TR =0028 00113020 00000067 00008900 DPL=0 TSS32-avl
GDT=     001130a0 0000002f
IDT=     00113100 000007ff
CR0=80000011 CR2=00000000 CR3=0011f000 CR4=00000000
DR0=00000000 DR1=00000000 DR2=00000000 DR3=00000000 
DR6=ffff0ff0 DR7=00000400
CCS=00000085 CCD=ffffffd1 CCO=EFLAGS
EFER=0000000000000000
Servicing hardware INT=0x20
   224: v=20 e=0000 i=0 cpl=0 IP=0008:00104831 pc=00104831 SP=0010:00112eb4 env->regs[R_EAX]=00000064
EAX=00000064 EBX=00010000 ECX=00000000 EDX=00000064
ESI=00000000 EDI=00000000 EBP=00000000 ESP=00112eb4
EIP=00104831 EFL=00000287 [--S--PC] CPL=0 II=0 A20=1 SMM=0 HLT=0
ES =0010 00000000 ffffffff 00cf9300 DPL=0 DS   [-WA]
CS =0008 00000000 ffffffff 00cf9a00 DPL=0 CS32 [-R-]
SS =0010 00000000 ffffffff 00cf9300 DPL=0 DS   [-WA]
DS =0010 00000000 ffffffff 00cf9300 DPL=0 DS   [-WA]
FS =0010 00000000 ffffffff 00cf9300 DPL=0 DS   [-WA]
GS =0010 00000000 ffffffff 00cf9300 DPL=0 DS   [-WA]
LDT=0000 00000000 0000ffff 00008200 DPL=0 LDT
TR =0028 00113020 00000067 00008900 DPL=0 TSS32-avl
GDT=     001130a0 0000002f
IDT=     00113100 000007ff
CR0=80000011 CR2=00000000 CR3=0011f000 CR4=00000000
DR0=00000000 DR1=00000000 DR2=00000000 DR3=00000000 
DR6=ffff0ff0 DR7=00000400
CCS=00000085 CCD=ffffffd2 CCO=EFLAGS
EFER=0000000000000000
Servicing hardware INT=0x20
   225: v=20 e=0000 i=0 cpl=0 IP=0008:00104831 pc=00104831 SP=0010:00112eb4 env->regs[R_EAX]=00000064
EAX=00000064 EBX=00010000 ECX=00000000 EDX=00000064
ESI=00000000 EDI=00000000 EBP=00000000 ESP=00112eb4
EIP=00104831 EFL=00000283 [--S---C] CPL=0 II=0 A20=1 SMM=0 HLT=0
ES =0010 00000000 ffffffff 00cf9300 DPL=0 DS   [-WA]
CS =0008 00000000 ffffffff 00cf9a00 DPL=0 CS32 [-R-]
SS =0010 00000000 ffffffff 00cf9300 DPL=0 DS   [-WA]
DS =0010 00000000 ffffffff 00cf9300 DPL=0 DS   [-WA]
FS =0010 00000000 ffffffff 00cf9300 DPL=0 DS   [-WA]
GS =0010 00000000 ffffffff 00cf9300 DPL=0 DS   [-WA]
LDT=0000 00000000 0000ffff 00008200 DPL=0 LDT
TR =0028 00113020 00000067 00008900 DPL=0 TSS32-avl
GDT=     001130a0 0000002f
IDT=     00113100 000007ff
CR0=80000011 CR2=00000000 CR3=0011f000 CR4=00000000
DR0=00000000 DR1=00000000 DR2=00000000 DR3=00000000 
DR6=ffff0ff0 DR7=00000400
CCS=00000081 CCD=ffffffd3 CCO=EFLAGS
EFER=0000000000000000
Servicing hardware INT=0x20
   226: v=20 e=0000 i=0 cpl=0 IP=0008:00104831 pc=00104831 SP=0010:00112eb4 env->regs[R_EAX]=00000064
EAX=00000064 EBX=00010000 ECX=00000000 EDX=00000064
ESI=00000000 EDI=00000000 EBP=00000000 ESP=00112eb4
EIP=00104831 EFL=00000287 [--S--PC] CPL=0 II=0 A20=1 SMM=0 HLT=0
ES =0010 00000000 ffffffff 00cf9300 DPL=0 DS   [-WA]
CS =0008 00000000 ffffffff 00cf9a00 DPL=0 CS32 [-R-]
SS =0010 00000000 ffffffff 00cf9300 DPL=0 DS   [-WA]
DS =0010 00000000 ffffffff 00cf9300 DPL=0 DS   [-WA]
FS =0010 00000000 ffffffff 00cf9300 DPL=0 DS   [-WA]
GS =0010 00000000 ffffffff 00cf9300 DPL=0 DS   [-WA]
LDT=0000 00000000 0000ffff 00008200 DPL=0 LDT
TR =0028 00113020 00000067 00008900 DPL=0 TSS32-avl
GDT=     001130a0 0000002f
IDT=     00113100 000007ff
CR0=80000011 CR2=00000000 CR3=0011f000 CR4=00000000
DR0=00000000 DR1=00000000 DR2=00000000 DR3=00000000 
DR6=ffff0ff0 DR7=00000400
CCS=00000085 CCD=ffffffd4 CCO=EFLAGS
EFER=0000000000000000
Servicing hardware INT=0x20
   227: v=20 e=0000 i=0 cpl=0 IP=0008:00104831 pc=00104831 SP=0010:00112eb4 env->regs[R_EAX]=00000064
EAX=00000064 EBX=00010000 ECX=00000000 EDX=00000064
ESI=00000000 EDI=00000000 EBP=00000000 ESP=00112eb4
EIP=00104831 EFL=00000283 [--S---C] CPL=0 II=0 A20=1 SMM=0 HLT=0
ES =0010 00000000 ffffffff 00cf9300 DPL=0 DS   [-WA]
CS =0008 00000000 ffffffff 00cf9a00 DPL=0 CS32 [-R-]
SS =0010 00000000 ffffffff 00cf9300 DPL=0 DS   [-WA]
DS =0010 00000000 ffffffff 00cf9300 DPL=0 DS   [-WA]
FS =0010 00000000 ffffffff 00cf9300 DPL=0 DS   [-WA]
GS =0010 00000000 ffffffff 00cf9300 DPL=0 DS   [-WA]
LDT=0000 00000000 0000ffff 00008200 DPL=0 LDT
TR =0028 00113020 00000067 00008900 DPL=0 TSS32-avl
GDT=     001130a0 0000002f
IDT=     00113100 000007ff
CR0=80000011 CR2=00000000 CR3=0011f000 CR4=00000000
DR0=00000000 DR1=00000000 DR2=00000000 DR3=00000000 
DR6=ffff0ff0 DR7=00000400
CCS=00000081 CCD=ffffffd5 CCO=EFLAGS
EFER=0000000000000000
Servicing hardware INT=0x20
   228: v=20 e=0000 i=0 cpl=0 IP=0008:00104831 pc=00104831 SP=0010:00112eb4 env->regs[R_EAX]=00000064
EAX=00000064 EBX=00010000 ECX=00000000 EDX=00000064
ESI=00000000 EDI=00000000 EBP=00000000 ESP=00112eb4
EIP=00104831 EFL=00000283 [--S---C] CPL=0 II=0 A20=1 SMM=0 HLT=0
ES =0010 00000000 ffffffff 00cf9300 DPL=0 DS   [-WA]
CS =0008 00000000 ffffffff 00cf9a00 DPL=0 CS32 [-R-]
SS =0010 00000000 ffffffff 00cf9300 DPL=0 DS   [-WA]
DS =0010 00000000 ffffffff 00cf9300 DPL=0 DS   [-WA]
FS =0010 00000000 ffffffff 00cf9300 DPL=0 DS   [-WA]
GS =0010 00000000 ffffffff 00cf9300 DPL=0 DS   [-WA]
LDT=0000 00000000 0000ffff 00008200 DPL=0 LDT
TR =0028 00113020 00000067 00008900 DPL=0 TSS32-avl
GDT=     001130a0 0000002f
IDT=     00113100 000007ff
CR0=80000011 CR2=00000000 CR3=0011f000 CR4=00000000
DR0=00000000 DR1=00000000 DR2=00000000 DR3=00000000 
DR6=ffff0ff0 DR7=00000400
CCS=00000081 CCD=ffffffd6 CCO=EFLAGS
EFER=0000000000000000
Servicing hardware INT=0x20
   229: v=20 e=0000 i=0 cpl=0 IP=0008:00104831 pc=00104831 SP=0010:00112eb4 env->regs[R_EAX]=00000064
EAX=00000064 EBX=00010000 ECX=00000000 EDX=00000064
ESI=00000000 EDI=00000000 EBP=00000000 ESP=00112eb4
EIP=00104831 EFL=00000287 [--S--PC] CPL=0 II=0 A20=1 SMM=0 HLT=0
ES =0010 00000000 ffffffff 00cf9300 DPL=0 DS   [-WA]
CS =0008 00000000 ffffffff 00cf9a00 DPL=0 CS32 [-R-]
SS =0010 00000000 ffffffff 00cf9300 DPL=0 DS   [-WA]
DS =0010 00000000 ffffffff 00cf9300 DPL=0 DS   [-WA]
FS =0010 00000000 ffffffff 00cf9300 DPL=0 DS   [-WA]
GS =0010 00000000 ffffffff 00cf9300 DPL=0 DS   [-WA]
LDT=0000 00000000 0000ffff 00008200 DPL=0 LDT
TR =0028 00113020 00000067 00008900 DPL=0 TSS32-avl
GDT=     001130a0 0000002f
IDT=     00113100 000007ff
CR0=80000011 CR2=00000000 CR3=0011f000 CR4=00000000
DR0=00000000 DR1=00000000 DR2=00000000 DR3=00000000 
DR6=ffff0ff0 DR7=00000400
CCS=00000085 CCD=ffffffd7 CCO=EFLAGS
EFER=0000000000000000
Servicing hardware INT=0x20
   230: v=20 e=0000 i=0 cpl=0 IP=0008:00104831 pc=00104831 SP=0010:00112eb4 env->regs[R_EAX]=00000064
EAX=00000064 EBX=00010000 ECX=00000000 EDX=00000064
ESI=00000000 EDI=00000000 EBP=00000000 ESP=00112eb4
EIP=00104831 EFL=00000287 [--S--PC] CPL=0 II=0 A20=1 SMM=0 HLT=0
ES =0010 00000000 ffffffff 00cf9300 DPL=0 DS   [-WA]
CS =0008 00000000 ffffffff 00cf9a00 DPL=0 CS32 [-R-]
SS =0010 00000000 ffffffff 00cf9300 DPL=0 DS   [-WA]
DS =0010 00000000 ffffffff 00cf9300 DPL=0 DS   [-WA]
FS =0010 00000000 ffffffff 00cf9300 DPL=0 DS   [-WA]
GS =0010 00000000 ffffffff 00cf9300 DPL=0 DS   [-WA]
LDT=0000 00000000 0000ffff 00008200 DPL=0 LDT
TR =0028 00113020 00000067 00008900 DPL=0 TSS32-avl
GDT=     001130a0 0000002f
IDT=     00113100 000007ff
CR0=80000011 CR2=00000000 CR3=0011f000 CR4=00000000
DR0=00000000 DR1=00000000 DR2=00000000 DR3=00000000 
DR6=ffff0ff0 DR7=00000400
CCS=00000085 CCD=ffffffd8 CCO=EFLAGS
EFER=0000000000000000
Servicing hardware INT=0x20
   231: v=20 e=0000 i=0 cpl=0 IP=0008:00104831 pc=00104831 SP=0010:00112eb4 env->regs[R_EAX]=00000064
EAX=00000064 EBX=00010000 ECX=00000000 EDX=00000064
ESI=00000000 EDI=00000000 EBP=00000000 ESP=00112eb4
EIP=00104831 EFL=00000283 [--S---C] CPL=0 II=0 A20=1 SMM=0 HLT=0
ES =0010 00000000 ffffffff 00cf9300 DPL=0 DS   [-WA]
CS =0008 00000000 ffffffff 00cf9a00 DPL=0 CS32 [-R-]
SS =0010 00000000 ffffffff 00cf9300 DPL=0 DS   [-WA]
DS =0010 00000000 ffffffff 00cf9300 DPL=0 DS   [-WA]
FS =0010 00000000 ffffffff 00cf9300 DPL=0 DS   [-WA]
GS =0010 00000000 ffffffff 00cf9300 DPL=0 DS   [-WA]
LDT=0000 00000000 0000ffff 00008200 DPL=0 LDT
TR =0028 00113020 00000067 00008900 DPL=0 TSS32-avl
GDT=     001130a0 0000002f
IDT=     00113100 000007ff
CR0=80000011 CR2=00000000 CR3=0011f000 CR4=00000000
DR0=00000000 DR1=00000000 DR2=00000000 DR3=00000000 
DR6=ffff0ff0 DR7=00000400
CCS=00000081 CCD=ffffffd9 CCO=EFLAGS
EFER=0000000000000000
Servicing hardware INT=0x20
   232: v=20 e=0000 i=0 cpl=0 IP=0008:00104831 pc=00104831 SP=0010:00112eb4 env->regs[R_EAX]=00000064
EAX=00000064 EBX=00010000 ECX=00000000 EDX=00000064
ESI=00000000 EDI=00000000 EBP=00000000 ESP=00112eb4
EIP=00104831 EFL=00000283 [--S---C] CPL=0 II=0 A20=1 SMM=0 HLT=0
ES =0010 00000000 ffffffff 00cf9300 DPL=0 DS   [-WA]
CS =0008 00000000 ffffffff 00cf9a00 DPL=0 CS32 [-R-]
SS =0010 00000000 ffffffff 00cf9300 DPL=0 DS   [-WA]
DS =0010 00000000 ffffffff 00cf9300 DPL=0 DS   [-WA]
FS =0010 00000000 ffffffff 00cf9300 DPL=0 DS   [-WA]
GS =0010 00000000 ffffffff 00cf9300 DPL=0 DS   [-WA]
LDT=0000 00000000 0000ffff 00008200 DPL=0 LDT
TR =0028 00113020 00000067 00008900 DPL=0 TSS32-avl
GDT=     001130a0 0000002f
IDT=     00113100 000007ff
CR0=80000011 CR2=00000000 CR3=0011f000 CR4=00000000
DR0=00000000 DR1=00000000 DR2=00000000 DR3=00000000 
DR6=ffff0ff0 DR7=00000400
CCS=00000081 CCD=ffffffda CCO=EFLAGS
EFER=0000000000000000
Servicing hardware INT=0x20
   233: v=20 e=0000 i=0 cpl=0 IP=0008:00104831 pc=00104831 SP=0010:00112eb4 env->regs[R_EAX]=00000064
EAX=00000064 EBX=00010000 ECX=00000000 EDX=00000064
ESI=00000000 EDI=00000000 EBP=00000000 ESP=00112eb4
EIP=00104831 EFL=00000287 [--S--PC] CPL=0 II=0 A20=1 SMM=0 HLT=0
ES =0010 00000000 ffffffff 00cf9300 DPL=0 DS   [-WA]
CS =0008 00000000 ffffffff 00cf9a00 DPL=0 CS32 [-R-]
SS =0010 00000000 ffffffff 00cf9300 DPL=0 DS   [-WA]
DS =0010 00000000 ffffffff 00cf9300 DPL=0 DS   [-WA]
FS =0010 00000000 ffffffff 00cf9300 DPL=0 DS   [-WA]
GS =0010 00000000 ffffffff 00cf9300 DPL=0 DS   [-WA]
LDT=0000 00000000 0000ffff 00008200 DPL=0 LDT
TR =0028 00113020 00000067 00008900 DPL=0 TSS32-avl
GDT=     001130a0 0000002f
IDT=     00113100 000007ff
CR0=80000011 CR2=00000000 CR3=0011f000 CR4=00000000
DR0=00000000 DR1=00000000 DR2=00000000 DR3=00000000 
DR6=ffff0ff0 DR7=00000400
CCS=00000085 CCD=ffffffdb CCO=EFLAGS
EFER=0000000000000000
Servicing hardware INT=0x20
   234: v=20 e=0000 i=0 cpl=0 IP=0008:00104831 pc=00104831 SP=0010:00112eb4 env->regs[R_EAX]=00000064
EAX=00000064 EBX=00010000 ECX=00000000 EDX=00000064
ESI=00000000 EDI=00000000 EBP=00000000 ESP=00112eb4
EIP=00104831 EFL=00000293 [--S-A-C] CPL=0 II=0 A20=1 SMM=0 HLT=0
ES =0010 00000000 ffffffff 00cf9300 DPL=0 DS   [-WA]
CS =0008 00000000 ffffffff 00cf9a00 DPL=0 CS32 [-R-]
SS =0010 00000000 ffffffff 00cf9300 DPL=0 DS   [-WA]
DS =0010 00000000 ffffffff 00cf9300 DPL=0 DS   [-WA]
FS =0010 00000000 ffffffff 00cf9300 DPL=0 DS   [-WA]
GS =0010 00000000 ffffffff 00cf9300 DPL=0 DS   [-WA]
LDT=0000 00000000 0000ffff 00008200 DPL=0 LDT
TR =0028 00113020 00000067 00008900 DPL=0 TSS32-avl
GDT=     001130a0 0000002f
IDT=     00113100 000007ff
CR0=80000011 CR2=00000000 CR3=0011f000 CR4=00000000
DR0=00000000 DR1=00000000 DR2=00000000 DR3=00000000 
DR6=ffff0ff0 DR7=00000400
CCS=00000091 CCD=ffffffdc CCO=EFLAGS
EFER=0000000000000000
Servicing hardware INT=0x20
   235: v=20 e=0000 i=0 cpl=0 IP=0008:00104831 pc=00104831 SP=0010:00112eb4 env->regs[R_EAX]=00000064
EAX=00000064 EBX=00010000 ECX=00000000 EDX=00000064
ESI=00000000 EDI=00000000 EBP=00000000 ESP=00112eb4
EIP=00104831 EFL=00000297 [--S-APC] CPL=0 II=0 A20=1 SMM=0 HLT=0
ES =0010 00000000 ffffffff 00cf9300 DPL=0 DS   [-WA]
CS =0008 00000000 ffffffff 00cf9a00 DPL=0 CS32 [-R-]
SS =0010 00000000 ffffffff 00cf9300 DPL=0 DS   [-WA]
DS =0010 00000000 ffffffff 00cf9300 DPL=0 DS   [-WA]
FS =0010 00000000 ffffffff 00cf9300 DPL=0 DS   [-WA]
GS =0010 00000000 ffffffff 00cf9300 DPL=0 DS   [-WA]
LDT=0000 00000000 0000ffff 00008200 DPL=0 LDT
TR =0028 00113020 00000067 00008900 DPL=0 TSS32-avl
GDT=     001130a0 0000002f
IDT=     00113100 000007ff
CR0=80000011 CR2=00000000 CR3=0011f000 CR4=00000000
DR0=00000000 DR1=00000000 DR2=00000000 DR3=00000000 
DR6=ffff0ff0 DR7=00000400
CCS=00000095 CCD=ffffffdd CCO=EFLAGS
EFER=0000000000000000
Servicing hardware INT=0x20
   236: v=20 e=0000 i=0 cpl=0 IP=0008:00104831 pc=00104831 SP=0010:00112eb4 env->regs[R_EAX]=00000064
EAX=00000064 EBX=00010000 ECX=00000000 EDX=00000064
ESI=00000000 EDI=00000000 EBP=00000000 ESP=00112eb4
EIP=00104831 EFL=00000297 [--S-APC] CPL=0 II=0 A20=1 SMM=0 HLT=0
ES =0010 00000000 ffffffff 00cf9300 DPL=0 DS   [-WA]
CS =0008 00000000 ffffffff 00cf9a00 DPL=0 CS32 [-R-]
SS =0010 00000000 ffffffff 00cf9300 DPL=0 DS   [-WA]
DS =0010 00000000 ffffffff 00cf9300 DPL=0 DS   [-WA]
FS =0010 00000000 ffffffff 00cf9300 DPL=0 DS   [-WA]
GS =0010 00000000 ffffffff 00cf9300 DPL=0 DS   [-WA]
LDT=0000 00000000 0000ffff 00008200 DPL=0 LDT
TR =0028 00113020 00000067 00008900 DPL=0 TSS32-avl
GDT=     001130a0 0000002f
IDT=     00113100 000007ff
CR0=80000011 CR2=00000000 CR3=0011f000 CR4=00000000
DR0=00000000 DR1=00000000 DR2=00000000 DR3=00000000 
DR6=ffff0ff0 DR7=00000400
CCS=00000095 CCD=ffffffde CCO=EFLAGS
EFER=0000000000000000
Servicing hardware INT=0x20
   237: v=20 e=0000 i=0 cpl=0 IP=0008:00104831 pc=00104831 SP=0010:00112eb4 env->regs[R_EAX]=00000064
EAX=00000064 EBX=00010000 ECX=00000000 EDX=00000064
ESI=00000000 EDI=00000000 EBP=00000000 ESP=00112eb4
EIP=00104831 EFL=00000293 [--S-A-C] CPL=0 II=0 A20=1 SMM=0 HLT=0
ES =0010 00000000 ffffffff 00cf9300 DPL=0 DS   [-WA]
CS =0008 00000000 ffffffff 00cf9a00 DPL=0 CS32 [-R-]
SS =0010 00000000 ffffffff 00cf9300 DPL=0 DS   [-WA]
DS =0010 00000000 ffffffff 00cf9300 DPL=0 DS   [-WA]
FS =0010 00000000 ffffffff 00cf9300 DPL=0 DS   [-WA]
GS =0010 00000000 ffffffff 00cf9300 DPL=0 DS   [-WA]
LDT=0000 00000000 0000ffff 00008200 DPL=0 LDT
TR =0028 00113020 00000067 00008900 DPL=0 TSS32-avl
GDT=     001130a0 0000002f
IDT=     00113100 000007ff
CR0=80000011 CR2=00000000 CR3=0011f000 CR4=00000000
DR0=00000000 DR1=00000000 DR2=00000000 DR3=00000000 
DR6=ffff0ff0 DR7=00000400
CCS=00000091 CCD=ffffffdf CCO=EFLAGS
EFER=0000000000000000
Servicing hardware INT=0x20
   238: v=20 e=0000 i=0 cpl=0 IP=0008:00104831 pc=00104831 SP=0010:00112eb4 env->regs[R_EAX]=00000064
EAX=00000064 EBX=00010000 ECX=00000000 EDX=00000064
ESI=00000000 EDI=00000000 EBP=00000000 ESP=00112eb4
EIP=00104831 EFL=00000283 [--S---C] CPL=0 II=0 A20=1 SMM=0 HLT=0
ES =0010 00000000 ffffffff 00cf9300 DPL=0 DS   [-WA]
CS =0008 00000000 ffffffff 00cf9a00 DPL=0 CS32 [-R-]
SS =0010 00000000 ffffffff 00cf9300 DPL=0 DS   [-WA]
DS =0010 00000000 ffffffff 00cf9300 DPL=0 DS   [-WA]
FS =0010 00000000 ffffffff 00cf9300 DPL=0 DS   [-WA]
GS =0010 00000000 ffffffff 00cf9300 DPL=0 DS   [-WA]
LDT=0000 00000000 0000ffff 00008200 DPL=0 LDT
TR =0028 00113020 00000067 00008900 DPL=0 TSS32-avl
GDT=     001130a0 0000002f
IDT=     00113100 000007ff
CR0=80000011 CR2=00000000 CR3=0011f000 CR4=00000000
DR0=00000000 DR1=00000000 DR2=00000000 DR3=00000000 
DR6=ffff0ff0 DR7=00000400
CCS=00000081 CCD=ffffffe0 CCO=EFLAGS
EFER=0000000000000000
Servicing hardware INT=0x20
   239: v=20 e=0000 i=0 cpl=0 IP=0008:00104831 pc=00104831 SP=0010:00112eb4 env->regs[R_EAX]=00000064
EAX=00000064 EBX=00010000 ECX=00000000 EDX=00000064
ESI=00000000 EDI=00000000 EBP=00000000 ESP=00112eb4
EIP=00104831 EFL=00000287 [--S--PC] CPL=0 II=0 A20=1 SMM=0 HLT=0
ES =0010 00000000 ffffffff 00cf9300 DPL=0 DS   [-WA]
CS =0008 00000000 ffffffff 00cf9a00 DPL=0 CS32 [-R-]
SS =0010 00000000 ffffffff 00cf9300 DPL=0 DS   [-WA]
DS =0010 00000000 ffffffff 00cf9300 DPL=0 DS   [-WA]
FS =0010 00000000 ffffffff 00cf9300 DPL=0 DS   [-WA]
GS =0010 00000000 ffffffff 00cf9300 DPL=0 DS   [-WA]
LDT=0000 00000000 0000ffff 00008200 DPL=0 LDT
TR =0028 00113020 00000067 00008900 DPL=0 TSS32-avl
GDT=     001130a0 0000002f
IDT=     00113100 000007ff
CR0=80000011 CR2=00000000 CR3=0011f000 CR4=00000000
DR0=00000000 DR1=00000000 DR2=00000000 DR3=00000000 
DR6=ffff0ff0 DR7=00000400
CCS=00000085 CCD=ffffffe1 CCO=EFLAGS
EFER=0000000000000000
Servicing hardware INT=0x20
   240: v=20 e=0000 i=0 cpl=0 IP=0008:00104831 pc=00104831 SP=0010:00112eb4 env->regs[R_EAX]=00000064
EAX=00000064 EBX=00010000 ECX=00000000 EDX=00000064
ESI=00000000 EDI=00000000 EBP=00000000 ESP=00112eb4
EIP=00104831 EFL=00000287 [--S--PC] CPL=0 II=0 A20=1 SMM=0 HLT=0
ES =0010 00000000 ffffffff 00cf9300 DPL=0 DS   [-WA]
CS =0008 00000000 ffffffff 00cf9a00 DPL=0 CS32 [-R-]
SS =0010 00000000 ffffffff 00cf9300 DPL=0 DS   [-WA]
DS =0010 00000000 ffffffff 00cf9300 DPL=0 DS   [-WA]
FS =0010 00000000 ffffffff 00cf9300 DPL=0 DS   [-WA]
GS =0010 00000000 ffffffff 00cf9300 DPL=0 DS   [-WA]
LDT=0000 00000000 0000ffff 00008200 DPL=0 LDT
TR =0028 00113020 00000067 00008900 DPL=0 TSS32-avl
GDT=     001130a0 0000002f
IDT=     00113100 000007ff
CR0=80000011 CR2=00000000 CR3=0011f000 CR4=00000000
DR0=00000000 DR1=00000000 DR2=00000000 DR3=00000000 
DR6=ffff0ff0 DR7=00000400
CCS=00000085 CCD=ffffffe2 CCO=EFLAGS
EFER=0000000000000000
Servicing hardware INT=0x20
   241: v=20 e=0000 i=0 cpl=0 IP=0008:00104831 pc=00104831 SP=0010:00112eb4 env->regs[R_EAX]=00000064
EAX=00000064 EBX=00010000 ECX=00000000 EDX=00000064
ESI=00000000 EDI=00000000 EBP=00000000 ESP=00112eb4
EIP=00104831 EFL=00000283 [--S---C] CPL=0 II=0 A20=1 SMM=0 HLT=0
ES =0010 00000000 ffffffff 00cf9300 DPL=0 DS   [-WA]
CS =0008 00000000 ffffffff 00cf9a00 DPL=0 CS32 [-R-]
SS =0010 00000000 ffffffff 00cf9300 DPL=0 DS   [-WA]
DS =0010 00000000 ffffffff 00cf9300 DPL=0 DS   [-WA]
FS =0010 00000000 ffffffff 00cf9300 DPL=0 DS   [-WA]
GS =0010 00000000 ffffffff 00cf9300 DPL=0 DS   [-WA]
LDT=0000 00000000 0000ffff 00008200 DPL=0 LDT
TR =0028 00113020 00000067 00008900 DPL=0 TSS32-avl
GDT=     001130a0 0000002f
IDT=     00113100 000007ff
CR0=80000011 CR2=00000000 CR3=0011f000 CR4=00000000
DR0=00000000 DR1=00000000 DR2=00000000 DR3=00000000 
DR6=ffff0ff0 DR7=00000400
CCS=00000081 CCD=ffffffe3 CCO=EFLAGS
EFER=0000000000000000
Servicing hardware INT=0x20
   242: v=20 e=0000 i=0 cpl=0 IP=0008:00104831 pc=00104831 SP=0010:00112eb4 env->regs[R_EAX]=00000064
EAX=00000064 EBX=00010000 ECX=00000000 EDX=00000064
ESI=00000000 EDI=00000000 EBP=00000000 ESP=00112eb4
EIP=00104831 EFL=00000287 [--S--PC] CPL=0 II=0 A20=1 SMM=0 HLT=0
ES =0010 00000000 ffffffff 00cf9300 DPL=0 DS   [-WA]
CS =0008 00000000 ffffffff 00cf9a00 DPL=0 CS32 [-R-]
SS =0010 00000000 ffffffff 00cf9300 DPL=0 DS   [-WA]
DS =0010 00000000 ffffffff 00cf9300 DPL=0 DS   [-WA]
FS =0010 00000000 ffffffff 00cf9300 DPL=0 DS   [-WA]
GS =0010 00000000 ffffffff 00cf9300 DPL=0 DS   [-WA]
LDT=0000 00000000 0000ffff 00008200 DPL=0 LDT
TR =0028 00113020 00000067 00008900 DPL=0 TSS32-avl
GDT=     001130a0 0000002f
IDT=     00113100 000007ff
CR0=80000011 CR2=00000000 CR3=0011f000 CR4=00000000
DR0=00000000 DR1=00000000 DR2=00000000 DR3=00000000 
DR6=ffff0ff0 DR7=00000400
CCS=00000085 CCD=ffffffe4 CCO=EFLAGS
EFER=0000000000000000
Servicing hardware INT=0x20
   243: v=20 e=0000 i=0 cpl=0 IP=0008:00104831 pc=00104831 SP=0010:00112eb4 env->regs[R_EAX]=00000064
EAX=00000064 EBX=00010000 ECX=00000000 EDX=00000064
ESI=00000000 EDI=00000000 EBP=00000000 ESP=00112eb4
EIP=00104831 EFL=00000283 [--S---C] CPL=0 II=0 A20=1 SMM=0 HLT=0
ES =0010 00000000 ffffffff 00cf9300 DPL=0 DS   [-WA]
CS =0008 00000000 ffffffff 00cf9a00 DPL=0 CS32 [-R-]
SS =0010 00000000 ffffffff 00cf9300 DPL=0 DS   [-WA]
DS =0010 00000000 ffffffff 00cf9300 DPL=0 DS   [-WA]
FS =0010 00000000 ffffffff 00cf9300 DPL=0 DS   [-WA]
GS =0010 00000000 ffffffff 00cf9300 DPL=0 DS   [-WA]
LDT=0000 00000000 0000ffff 00008200 DPL=0 LDT
TR =0028 00113020 00000067 00008900 DPL=0 TSS32-avl
GDT=     001130a0 0000002f
IDT=     00113100 000007ff
CR0=80000011 CR2=00000000 CR3=0011f000 CR4=00000000
DR0=00000000 DR1=00000000 DR2=00000000 DR3=00000000 
DR6=ffff0ff0 DR7=00000400
CCS=00000081 CCD=ffffffe5 CCO=EFLAGS
EFER=0000000000000000
Servicing hardware INT=0x20
   244: v=20 e=0000 i=0 cpl=0 IP=0008:00104831 pc=00104831 SP=0010:00112eb4 env->regs[R_EAX]=00000064
EAX=00000064 EBX=00010000 ECX=00000000 EDX=00000064
ESI=00000000 EDI=00000000 EBP=00000000 ESP=00112eb4
EIP=00104831 EFL=00000283 [--S---C] CPL=0 II=0 A20=1 SMM=0 HLT=0
ES =0010 00000000 ffffffff 00cf9300 DPL=0 DS   [-WA]
CS =0008 00000000 ffffffff 00cf9a00 DPL=0 CS32 [-R-]
SS =0010 00000000 ffffffff 00cf9300 DPL=0 DS   [-WA]
DS =0010 00000000 ffffffff 00cf9300 DPL=0 DS   [-WA]
FS =0010 00000000 ffffffff 00cf9300 DPL=0 DS   [-WA]
GS =0010 00000000 ffffffff 00cf9300 DPL=0 DS   [-WA]
LDT=0000 00000000 0000ffff 00008200 DPL=0 LDT
TR =0028 00113020 00000067 00008900 DPL=0 TSS32-avl
GDT=     001130a0 0000002f
IDT=     00113100 000007ff
CR0=80000011 CR2=00000000 CR3=0011f000 CR4=00000000
DR0=00000000 DR1=00000000 DR2=00000000 DR3=00000000 
DR6=ffff0ff0 DR7=00000400
CCS=00000081 CCD=ffffffe6 CCO=EFLAGS
EFER=0000000000000000
Servicing hardware INT=0x20
   245: v=20 e=0000 i=0 cpl=0 IP=0008:00104831 pc=00104831 SP=0010:00112eb4 env->regs[R_EAX]=00000064
EAX=00000064 EBX=00010000 ECX=00000000 EDX=00000064
ESI=00000000 EDI=00000000 EBP=00000000 ESP=00112eb4
EIP=00104831 EFL=00000287 [--S--PC] CPL=0 II=0 A20=1 SMM=0 HLT=0
ES =0010 00000000 ffffffff 00cf9300 DPL=0 DS   [-WA]
CS =0008 00000000 ffffffff 00cf9a00 DPL=0 CS32 [-R-]
SS =0010 00000000 ffffffff 00cf9300 DPL=0 DS   [-WA]
DS =0010 00000000 ffffffff 00cf9300 DPL=0 DS   [-WA]
FS =0010 00000000 ffffffff 00cf9300 DPL=0 DS   [-WA]
GS =0010 00000000 ffffffff 00cf9300 DPL=0 DS   [-WA]
LDT=0000 00000000 0000ffff 00008200 DPL=0 LDT
TR =0028 00113020 00000067 00008900 DPL=0 TSS32-avl
GDT=     001130a0 0000002f
IDT=     00113100 000007ff
CR0=80000011 CR2=00000000 CR3=0011f000 CR4=00000000
DR0=00000000 DR1=00000000 DR2=00000000 DR3=00000000 
DR6=ffff0ff0 DR7=00000400
CCS=00000085 CCD=ffffffe7 CCO=EFLAGS
EFER=0000000000000000
Servicing hardware INT=0x20
   246: v=20 e=0000 i=0 cpl=0 IP=0008:00104831 pc=00104831 SP=0010:00112eb4 env->regs[R_EAX]=00000064
EAX=00000064 EBX=00010000 ECX=00000000 EDX=00000064
ESI=00000000 EDI=00000000 EBP=00000000 ESP=00112eb4
EIP=00104831 EFL=00000287 [--S--PC] CPL=0 II=0 A20=1 SMM=0 HLT=0
ES =0010 00000000 ffffffff 00cf9300 DPL=0 DS   [-WA]
CS =0008 00000000 ffffffff 00cf9a00 DPL=0 CS32 [-R-]
SS =0010 00000000 ffffffff 00cf9300 DPL=0 DS   [-WA]
DS =0010 00000000 ffffffff 00cf9300 DPL=0 DS   [-WA]
FS =0010 00000000 ffffffff 00cf9300 DPL=0 DS   [-WA]
GS =0010 00000000 ffffffff 00cf9300 DPL=0 DS   [-WA]
LDT=0000 00000000 0000ffff 00008200 DPL=0 LDT
TR =0028 00113020 00000067 00008900 DPL=0 TSS32-avl
GDT=     001130a0 0000002f
IDT=     00113100 000007ff
CR0=80000011 CR2=00000000 CR3=0011f000 CR4=00000000
DR0=00000000 DR1=00000000 DR2=00000000 DR3=00000000 
DR6=ffff0ff0 DR7=00000400
CCS=00000085 CCD=ffffffe8 CCO=EFLAGS
EFER=0000000000000000
Servicing hardware INT=0x20
   247: v=20 e=0000 i=0 cpl=0 IP=0008:00104831 pc=00104831 SP=0010:00112eb4 env->regs[R_EAX]=00000064
EAX=00000064 EBX=00010000 ECX=00000000 EDX=00000064
ESI=00000000 EDI=00000000 EBP=00000000 ESP=00112eb4
EIP=00104831 EFL=00000283 [--S---C] CPL=0 II=0 A20=1 SMM=0 HLT=0
ES =0010 00000000 ffffffff 00cf9300 DPL=0 DS   [-WA]
CS =0008 00000000 ffffffff 00cf9a00 DPL=0 CS32 [-R-]
SS =0010 00000000 ffffffff 00cf9300 DPL=0 DS   [-WA]
DS =0010 00000000 ffffffff 00cf9300 DPL=0 DS   [-WA]
FS =0010 00000000 ffffffff 00cf9300 DPL=0 DS   [-WA]
GS =0010 00000000 ffffffff 00cf9300 DPL=0 DS   [-WA]
LDT=0000 00000000 0000ffff 00008200 DPL=0 LDT
TR =0028 00113020 00000067 00008900 DPL=0 TSS32-avl
GDT=     001130a0 0000002f
IDT=     00113100 000007ff
CR0=80000011 CR2=00000000 CR3=0011f000 CR4=00000000
DR0=00000000 DR1=00000000 DR2=00000000 DR3=00000000 
DR6=ffff0ff0 DR7=00000400
CCS=00000081 CCD=ffffffe9 CCO=EFLAGS
EFER=0000000000000000
Servicing hardware INT=0x20
   248: v=20 e=0000 i=0 cpl=0 IP=0008:00104831 pc=00104831 SP=0010:00112eb4 env->regs[R_EAX]=00000064
EAX=00000064 EBX=00010000 ECX=00000000 EDX=00000064
ESI=00000000 EDI=00000000 EBP=00000000 ESP=00112eb4
EIP=00104831 EFL=00000283 [--S---C] CPL=0 II=0 A20=1 SMM=0 HLT=0
ES =0010 00000000 ffffffff 00cf9300 DPL=0 DS   [-WA]
CS =0008 00000000 ffffffff 00cf9a00 DPL=0 CS32 [-R-]
SS =0010 00000000 ffffffff 00cf9300 DPL=0 DS   [-WA]
DS =0010 00000000 ffffffff 00cf9300 DPL=0 DS   [-WA]
FS =0010 00000000 ffffffff 00cf9300 DPL=0 DS   [-WA]
GS =0010 00000000 ffffffff 00cf9300 DPL=0 DS   [-WA]
LDT=0000 00000000 0000ffff 00008200 DPL=0 LDT
TR =0028 00113020 00000067 00008900 DPL=0 TSS32-avl
GDT=     001130a0 0000002f
IDT=     00113100 000007ff
CR0=80000011 CR2=00000000 CR3=0011f000 CR4=00000000
DR0=00000000 DR1=00000000 DR2=00000000 DR3=00000000 
DR6=ffff0ff0 DR7=00000400
CCS=00000081 CCD=ffffffea CCO=EFLAGS
EFER=0000000000000000
Servicing hardware INT=0x20
   249: v=20 e=0000 i=0 cpl=0 IP=0008:00104831 pc=00104831 SP=0010:00112eb4 env->regs[R_EAX]=00000064
EAX=00000064 EBX=00010000 ECX=00000000 EDX=00000064
ESI=00000000 EDI=00000000 EBP=00000000 ESP=00112eb4
EIP=00104831 EFL=00000287 [--S--PC] CPL=0 II=0 A20=1 SMM=0 HLT=0
ES =0010 00000000 ffffffff 00cf9300 DPL=0 DS   [-WA]
CS =0008 00000000 ffffffff 00cf9a00 DPL=0 CS32 [-R-]
SS =0010 00000000 ffffffff 00cf9300 DPL=0 DS   [-WA]
DS =0010 00000000 ffffffff 00cf9300 DPL=0 DS   [-WA]
FS =0010 00000000 ffffffff 00cf9300 DPL=0 DS   [-WA]
GS =0010 00000000 ffffffff 00cf9300 DPL=0 DS   [-WA]
LDT=0000 00000000 0000ffff 00008200 DPL=0 LDT
TR =0028 00113020 00000067 00008900 DPL=0 TSS32-avl
GDT=     001130a0 0000002f
IDT=     00113100 000007ff
CR0=80000011 CR2=00000000 CR3=0011f000 CR4=00000000
DR0=00000000 DR1=00000000 DR2=00000000 DR3=00000000 
DR6=ffff0ff0 DR7=00000400
CCS=00000085 CCD=ffffffeb CCO=EFLAGS
EFER=0000000000000000
Servicing hardware INT=0x20
   250: v=20 e=0000 i=0 cpl=0 IP=0008:00104831 pc=00104831 SP=0010:00112eb4 env->regs[R_EAX]=00000064
EAX=00000064 EBX=00010000 ECX=00000000 EDX=00000064
ESI=00000000 EDI=00000000 EBP=00000000 ESP=00112eb4
EIP=00104831 EFL=00000293 [--S-A-C] CPL=0 II=0 A20=1 SMM=0 HLT=0
ES =0010 00000000 ffffffff 00cf9300 DPL=0 DS   [-WA]
CS =0008 00000000 ffffffff 00cf9a00 DPL=0 CS32 [-R-]
SS =0010 00000000 ffffffff 00cf9300 DPL=0 DS   [-WA]
DS =0010 00000000 ffffffff 00cf9300 DPL=0 DS   [-WA]
FS =0010 00000000 ffffffff 00cf9300 DPL=0 DS   [-WA]
GS =0010 00000000 ffffffff 00cf9300 DPL=0 DS   [-WA]
LDT=0000 00000000 0000ffff 00008200 DPL=0 LDT
TR =0028 00113020 00000067 00008900 DPL=0 TSS32-avl
GDT=     001130a0 0000002f
IDT=     00113100 000007ff
CR0=80000011 CR2=00000000 CR3=0011f000 CR4=00000000
DR0=00000000 DR1=00000000 DR2=00000000 DR3=00000000 
DR6=ffff0ff0 DR7=00000400
CCS=00000091 CCD=ffffffec CCO=EFLAGS
EFER=0000000000000000
Servicing hardware INT=0x20
   251: v=20 e=0000 i=0 cpl=0 IP=0008:00104831 pc=00104831 SP=0010:00112eb4 env->regs[R_EAX]=00000064
EAX=00000064 EBX=00010000 ECX=00000000 EDX=00000064
ESI=00000000 EDI=00000000 EBP=00000000 ESP=00112eb4
EIP=00104831 EFL=00000297 [--S-APC] CPL=0 II=0 A20=1 SMM=0 HLT=0
ES =0010 00000000 ffffffff 00cf9300 DPL=0 DS   [-WA]
CS =0008 00000000 ffffffff 00cf9a00 DPL=0 CS32 [-R-]
SS =0010 00000000 ffffffff 00cf9300 DPL=0 DS   [-WA]
DS =0010 00000000 ffffffff 00cf9300 DPL=0 DS   [-WA]
FS =0010 00000000 ffffffff 00cf9300 DPL=0 DS   [-WA]
GS =0010 00000000 ffffffff 00cf9300 DPL=0 DS   [-WA]
LDT=0000 00000000 0000ffff 00008200 DPL=0 LDT
TR =0028 00113020 00000067 00008900 DPL=0 TSS32-avl
GDT=     001130a0 0000002f
IDT=     00113100 000007ff
CR0=80000011 CR2=00000000 CR3=0011f000 CR4=00000000
DR0=00000000 DR1=00000000 DR2=00000000 DR3=00000000 
DR6=ffff0ff0 DR7=00000400
CCS=00000095 CCD=ffffffed CCO=EFLAGS
EFER=0000000000000000
Servicing hardware INT=0x20
   252: v=20 e=0000 i=0 cpl=0 IP=0008:00104831 pc=00104831 SP=0010:00112eb4 env->regs[R_EAX]=00000064
EAX=00000064 EBX=00010000 ECX=00000000 EDX=00000064
ESI=00000000 EDI=00000000 EBP=00000000 ESP=00112eb4
EIP=00104831 EFL=00000297 [--S-APC] CPL=0 II=0 A20=1 SMM=0 HLT=0
ES =0010 00000000 ffffffff 00cf9300 DPL=0 DS   [-WA]
CS =0008 00000000 ffffffff 00cf9a00 DPL=0 CS32 [-R-]
SS =0010 00000000 ffffffff 00cf9300 DPL=0 DS   [-WA]
DS =0010 00000000 ffffffff 00cf9300 DPL=0 DS   [-WA]
FS =0010 00000000 ffffffff 00cf9300 DPL=0 DS   [-WA]
GS =0010 00000000 ffffffff 00cf9300 DPL=0 DS   [-WA]
LDT=0000 00000000 0000ffff 00008200 DPL=0 LDT
TR =0028 00113020 00000067 00008900 DPL=0 TSS32-avl
GDT=     001130a0 0000002f
IDT=     00113100 000007ff
CR0=80000011 CR2=00000000 CR3=0011f000 CR4=00000000
DR0=00000000 DR1=00000000 DR2=00000000 DR3=00000000 
DR6=ffff0ff0 DR7=00000400
CCS=00000095 CCD=ffffffee CCO=EFLAGS
EFER=0000000000000000
Servicing hardware INT=0x20
   253: v=20 e=0000 i=0 cpl=0 IP=0008:00104831 pc=00104831 SP=0010:00112eb4 env->regs[R_EAX]=00000064
EAX=00000064 EBX=00010000 ECX=00000000 EDX=00000064
ESI=00000000 EDI=00000000 EBP=00000000 ESP=00112eb4
EIP=00104831 EFL=00000293 [--S-A-C] CPL=0 II=0 A20=1 SMM=0 HLT=0
ES =0010 00000000 ffffffff 00cf9300 DPL=0 DS   [-WA]
CS =0008 00000000 ffffffff 00cf9a00 DPL=0 CS32 [-R-]
SS =0010 00000000 ffffffff 00cf9300 DPL=0 DS   [-WA]
DS =0010 00000000 ffffffff 00cf9300 DPL=0 DS   [-WA]
FS =0010 00000000 ffffffff 00cf9300 DPL=0 DS   [-WA]
GS =0010 00000000 ffffffff 00cf9300 DPL=0 DS   [-WA]
LDT=0000 00000000 0000ffff 00008200 DPL=0 LDT
TR =0028 00113020 00000067 00008900 DPL=0 TSS32-avl
GDT=     001130a0 0000002f
IDT=     00113100 000007ff
CR0=80000011 CR2=00000000 CR3=0011f000 CR4=00000000
DR0=00000000 DR1=00000000 DR2=00000000 DR3=00000000 
DR6=ffff0ff0 DR7=00000400
CCS=00000091 CCD=ffffffef CCO=EFLAGS
EFER=0000000000000000
Servicing hardware INT=0x20
   254: v=20 e=0000 i=0 cpl=0 IP=0008:00104831 pc=00104831 SP=0010:00112eb4 env->regs[R_EAX]=00000064
EAX=00000064 EBX=00010000 ECX=00000000 EDX=00000064
ESI=00000000 EDI=00000000 EBP=00000000 ESP=00112eb4
EIP=00104831 EFL=00000287 [--S--PC] CPL=0 II=0 A20=1 SMM=0 HLT=0
ES =0010 00000000 ffffffff 00cf9300 DPL=0 DS   [-WA]
CS =0008 00000000 ffffffff 00cf9a00 DPL=0 CS32 [-R-]
SS =0010 00000000 ffffffff 00cf9300 DPL=0 DS   [-WA]
DS =0010 00000000 ffffffff 00cf9300 DPL=0 DS   [-WA]
FS =0010 00000000 ffffffff 00cf9300 DPL=0 DS   [-WA]
GS =0010 00000000 ffffffff 00cf9300 DPL=0 DS   [-WA]
LDT=0000 00000000 0000ffff 00008200 DPL=0 LDT
TR =0028 00113020 00000067 00008900 DPL=0 TSS32-avl
GDT=     001130a0 0000002f
IDT=     00113100 000007ff
CR0=80000011 CR2=00000000 CR3=0011f000 CR4=00000000
DR0=00000000 DR1=00000000 DR2=00000000 DR3=00000000 
DR6=ffff0ff0 DR7=00000400
CCS=00000085 CCD=fffffff0 CCO=EFLAGS
EFER=0000000000000000
Servicing hardware INT=0x20
   255: v=20 e=0000 i=0 cpl=0 IP=0008:00104831 pc=00104831 SP=0010:00112eb4 env->regs[R_EAX]=00000064
EAX=00000064 EBX=00010000 ECX=00000000 EDX=00000064
ESI=00000000 EDI=00000000 EBP=00000000 ESP=00112eb4
EIP=00104831 EFL=00000283 [--S---C] CPL=0 II=0 A20=1 SMM=0 HLT=0
ES =0010 00000000 ffffffff 00cf9300 DPL=0 DS   [-WA]
CS =0008 00000000 ffffffff 00cf9a00 DPL=0 CS32 [-R-]
SS =0010 00000000 ffffffff 00cf9300 DPL=0 DS   [-WA]
DS =0010 00000000 ffffffff 00cf9300 DPL=0 DS   [-WA]
FS =0010 00000000 ffffffff 00cf9300 DPL=0 DS   [-WA]
GS =0010 00000000 ffffffff 00cf9300 DPL=0 DS   [-WA]
LDT=0000 00000000 0000ffff 00008200 DPL=0 LDT
TR =0028 00113020 00000067 00008900 DPL=0 TSS32-avl
GDT=     001130a0 0000002f
IDT=     00113100 000007ff
CR0=80000011 CR2=00000000 CR3=0011f000 CR4=00000000
DR0=00000000 DR1=00000000 DR2=00000000 DR3=00000000 
DR6=ffff0ff0 DR7=00000400
CCS=00000081 CCD=fffffff1 CCO=EFLAGS
EFER=0000000000000000
Servicing hardware INT=0x20
   256: v=20 e=0000 i=0 cpl=0 IP=0008:00104831 pc=00104831 SP=0010:00112eb4 env->regs[R_EAX]=00000064
EAX=00000064 EBX=00010000 ECX=00000000 EDX=00000064
ESI=00000000 EDI=00000000 EBP=00000000 ESP=00112eb4
EIP=00104831 EFL=00000283 [--S---C] CPL=0 II=0 A20=1 SMM=0 HLT=0
ES =0010 00000000 ffffffff 00cf9300 DPL=0 DS   [-WA]
CS =0008 00000000 ffffffff 00cf9a00 DPL=0 CS32 [-R-]
SS =0010 00000000 ffffffff 00cf9300 DPL=0 DS   [-WA]
DS =0010 00000000 ffffffff 00cf9300 DPL=0 DS   [-WA]
FS =0010 00000000 ffffffff 00cf9300 DPL=0 DS   [-WA]
GS =0010 00000000 ffffffff 00cf9300 DPL=0 DS   [-WA]
LDT=0000 00000000 0000ffff 00008200 DPL=0 LDT
TR =0028 00113020 00000067 00008900 DPL=0 TSS32-avl
GDT=     001130a0 0000002f
IDT=     00113100 000007ff
CR0=80000011 CR2=00000000 CR3=0011f000 CR4=00000000
DR0=00000000 DR1=00000000 DR2=00000000 DR3=00000000 
DR6=ffff0ff0 DR7=00000400
CCS=00000081 CCD=fffffff2 CCO=EFLAGS
EFER=0000000000000000
Servicing hardware INT=0x20
   257: v=20 e=0000 i=0 cpl=0 IP=0008:00104831 pc=00104831 SP=0010:00112eb4 env->regs[R_EAX]=00000064
EAX=00000064 EBX=00010000 ECX=00000000 EDX=00000064
ESI=00000000 EDI=00000000 EBP=00000000 ESP=00112eb4
EIP=00104831 EFL=00000287 [--S--PC] CPL=0 II=0 A20=1 SMM=0 HLT=0
ES =0010 00000000 ffffffff 00cf9300 DPL=0 DS   [-WA]
CS =0008 00000000 ffffffff 00cf9a00 DPL=0 CS32 [-R-]
SS =0010 00000000 ffffffff 00cf9300 DPL=0 DS   [-WA]
DS =0010 00000000 ffffffff 00cf9300 DPL=0 DS   [-WA]
FS =0010 00000000 ffffffff 00cf9300 DPL=0 DS   [-WA]
GS =0010 00000000 ffffffff 00cf9300 DPL=0 DS   [-WA]
LDT=0000 00000000 0000ffff 00008200 DPL=0 LDT
TR =0028 00113020 00000067 00008900 DPL=0 TSS32-avl
GDT=     001130a0 0000002f
IDT=     00113100 000007ff
CR0=80000011 CR2=00000000 CR3=0011f000 CR4=00000000
DR0=00000000 DR1=00000000 DR2=00000000 DR3=00000000 
DR6=ffff0ff0 DR7=00000400
CCS=00000085 CCD=fffffff3 CCO=EFLAGS
EFER=0000000000000000
Servicing hardware INT=0x20
   258: v=20 e=0000 i=0 cpl=0 IP=0008:00104831 pc=00104831 SP=0010:00112eb4 env->regs[R_EAX]=00000064
EAX=00000064 EBX=00010000 ECX=00000000 EDX=00000064
ESI=00000000 EDI=00000000 EBP=00000000 ESP=00112eb4
EIP=00104831 EFL=00000283 [--S---C] CPL=0 II=0 A20=1 SMM=0 HLT=0
ES =0010 00000000 ffffffff 00cf9300 DPL=0 DS   [-WA]
CS =0008 00000000 ffffffff 00cf9a00 DPL=0 CS32 [-R-]
SS =0010 00000000 ffffffff 00cf9300 DPL=0 DS   [-WA]
DS =0010 00000000 ffffffff 00cf9300 DPL=0 DS   [-WA]
FS =0010 00000000 ffffffff 00cf9300 DPL=0 DS   [-WA]
GS =0010 00000000 ffffffff 00cf9300 DPL=0 DS   [-WA]
LDT=0000 00000000 0000ffff 00008200 DPL=0 LDT
TR =0028 00113020 00000067 00008900 DPL=0 TSS32-avl
GDT=     001130a0 0000002f
IDT=     00113100 000007ff
CR0=80000011 CR2=00000000 CR3=0011f000 CR4=00000000
DR0=00000000 DR1=00000000 DR2=00000000 DR3=00000000 
DR6=ffff0ff0 DR7=00000400
CCS=00000081 CCD=fffffff4 CCO=EFLAGS
EFER=0000000000000000
Servicing hardware INT=0x20
   259: v=20 e=0000 i=0 cpl=0 IP=0008:00104831 pc=00104831 SP=0010:00112eb4 env->regs[R_EAX]=00000064
EAX=00000064 EBX=00010000 ECX=00000000 EDX=00000064
ESI=00000000 EDI=00000000 EBP=00000000 ESP=00112eb4
EIP=00104831 EFL=00000287 [--S--PC] CPL=0 II=0 A20=1 SMM=0 HLT=0
ES =0010 00000000 ffffffff 00cf9300 DPL=0 DS   [-WA]
CS =0008 00000000 ffffffff 00cf9a00 DPL=0 CS32 [-R-]
SS =0010 00000000 ffffffff 00cf9300 DPL=0 DS   [-WA]
DS =0010 00000000 ffffffff 00cf9300 DPL=0 DS   [-WA]
FS =0010 00000000 ffffffff 00cf9300 DPL=0 DS   [-WA]
GS =0010 00000000 ffffffff 00cf9300 DPL=0 DS   [-WA]
LDT=0000 00000000 0000ffff 00008200 DPL=0 LDT
TR =0028 00113020 00000067 00008900 DPL=0 TSS32-avl
GDT=     001130a0 0000002f
IDT=     00113100 000007ff
CR0=80000011 CR2=00000000 CR3=0011f000 CR4=00000000
DR0=00000000 DR1=00000000 DR2=00000000 DR3=00000000 
DR6=ffff0ff0 DR7=00000400
CCS=00000085 CCD=fffffff5 CCO=EFLAGS
EFER=0000000000000000
Servicing hardware INT=0x20
   260: v=20 e=0000 i=0 cpl=0 IP=0008:00104831 pc=00104831 SP=0010:00112eb4 env->regs[R_EAX]=00000064
EAX=00000064 EBX=00010000 ECX=00000000 EDX=00000064
ESI=00000000 EDI=00000000 EBP=00000000 ESP=00112eb4
EIP=00104831 EFL=00000287 [--S--PC] CPL=0 II=0 A20=1 SMM=0 HLT=0
ES =0010 00000000 ffffffff 00cf9300 DPL=0 DS   [-WA]
CS =0008 00000000 ffffffff 00cf9a00 DPL=0 CS32 [-R-]
SS =0010 00000000 ffffffff 00cf9300 DPL=0 DS   [-WA]
DS =0010 00000000 ffffffff 00cf9300 DPL=0 DS   [-WA]
FS =0010 00000000 ffffffff 00cf9300 DPL=0 DS   [-WA]
GS =0010 00000000 ffffffff 00cf9300 DPL=0 DS   [-WA]
LDT=0000 00000000 0000ffff 00008200 DPL=0 LDT
TR =0028 00113020 00000067 00008900 DPL=0 TSS32-avl
GDT=     001130a0 0000002f
IDT=     00113100 000007ff
CR0=80000011 CR2=00000000 CR3=0011f000 CR4=00000000
DR0=00000000 DR1=00000000 DR2=00000000 DR3=00000000 
DR6=ffff0ff0 DR7=00000400
CCS=00000085 CCD=fffffff6 CCO=EFLAGS
EFER=0000000000000000
Servicing hardware INT=0x20
   261: v=20 e=0000 i=0 cpl=0 IP=0008:00104831 pc=00104831 SP=0010:00112eb4 env->regs[R_EAX]=00000064
EAX=00000064 EBX=00010000 ECX=00000000 EDX=00000064
ESI=00000000 EDI=00000000 EBP=00000000 ESP=00112eb4
EIP=00104831 EFL=00000283 [--S---C] CPL=0 II=0 A20=1 SMM=0 HLT=0
ES =0010 00000000 ffffffff 00cf9300 DPL=0 DS   [-WA]
CS =0008 00000000 ffffffff 00cf9a00 DPL=0 CS32 [-R-]
SS =0010 00000000 ffffffff 00cf9300 DPL=0 DS   [-WA]
DS =0010 00000000 ffffffff 00cf9300 DPL=0 DS   [-WA]
FS =0010 00000000 ffffffff 00cf9300 DPL=0 DS   [-WA]
GS =0010 00000000 ffffffff 00cf9300 DPL=0 DS   [-WA]
LDT=0000 00000000 0000ffff 00008200 DPL=0 LDT
TR =0028 00113020 00000067 00008900 DPL=0 TSS32-avl
GDT=     001130a0 0000002f
IDT=     00113100 000007ff
CR0=80000011 CR2=00000000 CR3=0011f000 CR4=00000000
DR0=00000000 DR1=00000000 DR2=00000000 DR3=00000000 
DR6=ffff0ff0 DR7=00000400
CCS=00000081 CCD=fffffff7 CCO=EFLAGS
EFER=0000000000000000
Servicing hardware INT=0x20
   262: v=20 e=0000 i=0 cpl=0 IP=0008:00104831 pc=00104831 SP=0010:00112eb4 env->regs[R_EAX]=00000064
EAX=00000064 EBX=00010000 ECX=00000000 EDX=00000064
ESI=00000000 EDI=00000000 EBP=00000000 ESP=00112eb4
EIP=00104831 EFL=00000283 [--S---C] CPL=0 II=0 A20=1 SMM=0 HLT=0
ES =0010 00000000 ffffffff 00cf9300 DPL=0 DS   [-WA]
CS =0008 00000000 ffffffff 00cf9a00 DPL=0 CS32 [-R-]
SS =0010 00000000 ffffffff 00cf9300 DPL=0 DS   [-WA]
DS =0010 00000000 ffffffff 00cf9300 DPL=0 DS   [-WA]
FS =0010 00000000 ffffffff 00cf9300 DPL=0 DS   [-WA]
GS =0010 00000000 ffffffff 00cf9300 DPL=0 DS   [-WA]
LDT=0000 00000000 0000ffff 00008200 DPL=0 LDT
TR =0028 00113020 00000067 00008900 DPL=0 TSS32-avl
GDT=     001130a0 0000002f
IDT=     00113100 000007ff
CR0=80000011 CR2=00000000 CR3=0011f000 CR4=00000000
DR0=00000000 DR1=00000000 DR2=00000000 DR3=00000000 
DR6=ffff0ff0 DR7=00000400
CCS=00000081 CCD=fffffff8 CCO=EFLAGS
EFER=0000000000000000
Servicing hardware INT=0x20
   263: v=20 e=0000 i=0 cpl=0 IP=0008:00104831 pc=00104831 SP=0010:00112eb4 env->regs[R_EAX]=00000064
EAX=00000064 EBX=00010000 ECX=00000000 EDX=00000064
ESI=00000000 EDI=00000000 EBP=00000000 ESP=00112eb4
EIP=00104831 EFL=00000287 [--S--PC] CPL=0 II=0 A20=1 SMM=0 HLT=0
ES =0010 00000000 ffffffff 00cf9300 DPL=0 DS   [-WA]
CS =0008 00000000 ffffffff 00cf9a00 DPL=0 CS32 [-R-]
SS =0010 00000000 ffffffff 00cf9300 DPL=0 DS   [-WA]
DS =0010 00000000 ffffffff 00cf9300 DPL=0 DS   [-WA]
FS =0010 00000000 ffffffff 00cf9300 DPL=0 DS   [-WA]
GS =0010 00000000 ffffffff 00cf9300 DPL=0 DS   [-WA]
LDT=0000 00000000 0000ffff 00008200 DPL=0 LDT
TR =0028 00113020 00000067 00008900 DPL=0 TSS32-avl
GDT=     001130a0 0000002f
IDT=     00113100 000007ff
CR0=80000011 CR2=00000000 CR3=0011f000 CR4=00000000
DR0=00000000 DR1=00000000 DR2=00000000 DR3=00000000 
DR6=ffff0ff0 DR7=00000400
CCS=00000085 CCD=fffffff9 CCO=EFLAGS
EFER=0000000000000000
Servicing hardware INT=0x20
   264: v=20 e=0000 i=0 cpl=0 IP=0008:00104831 pc=00104831 SP=0010:00112eb4 env->regs[R_EAX]=00000064
EAX=00000064 EBX=00010000 ECX=00000000 EDX=00000064
ESI=00000000 EDI=00000000 EBP=00000000 ESP=00112eb4
EIP=00104831 EFL=00000287 [--S--PC] CPL=0 II=0 A20=1 SMM=0 HLT=0
ES =0010 00000000 ffffffff 00cf9300 DPL=0 DS   [-WA]
CS =0008 00000000 ffffffff 00cf9a00 DPL=0 CS32 [-R-]
SS =0010 00000000 ffffffff 00cf9300 DPL=0 DS   [-WA]
DS =0010 00000000 ffffffff 00cf9300 DPL=0 DS   [-WA]
FS =0010 00000000 ffffffff 00cf9300 DPL=0 DS   [-WA]
GS =0010 00000000 ffffffff 00cf9300 DPL=0 DS   [-WA]
LDT=0000 00000000 0000ffff 00008200 DPL=0 LDT
TR =0028 00113020 00000067 00008900 DPL=0 TSS32-avl
GDT=     001130a0 0000002f
IDT=     00113100 000007ff
CR0=80000011 CR2=00000000 CR3=0011f000 CR4=00000000
DR0=00000000 DR1=00000000 DR2=00000000 DR3=00000000 
DR6=ffff0ff0 DR7=00000400
CCS=00000085 CCD=fffffffa CCO=EFLAGS
EFER=0000000000000000
Servicing hardware INT=0x20
   265: v=20 e=0000 i=0 cpl=0 IP=0008:00104831 pc=00104831 SP=0010:00112eb4 env->regs[R_EAX]=00000064
EAX=00000064 EBX=00010000 ECX=00000000 EDX=00000064
ESI=00000000 EDI=00000000 EBP=00000000 ESP=00112eb4
EIP=00104831 EFL=00000283 [--S---C] CPL=0 II=0 A20=1 SMM=0 HLT=0
ES =0010 00000000 ffffffff 00cf9300 DPL=0 DS   [-WA]
CS =0008 00000000 ffffffff 00cf9a00 DPL=0 CS32 [-R-]
SS =0010 00000000 ffffffff 00cf9300 DPL=0 DS   [-WA]
DS =0010 00000000 ffffffff 00cf9300 DPL=0 DS   [-WA]
FS =0010 00000000 ffffffff 00cf9300 DPL=0 DS   [-WA]
GS =0010 00000000 ffffffff 00cf9300 DPL=0 DS   [-WA]
LDT=0000 00000000 0000ffff 00008200 DPL=0 LDT
TR =0028 00113020 00000067 00008900 DPL=0 TSS32-avl
GDT=     001130a0 0000002f
IDT=     00113100 000007ff
CR0=80000011 CR2=00000000 CR3=0011f000 CR4=00000000
DR0=00000000 DR1=00000000 DR2=00000000 DR3=00000000 
DR6=ffff0ff0 DR7=00000400
CCS=00000081 CCD=fffffffb CCO=EFLAGS
EFER=0000000000000000
Servicing hardware INT=0x20
   266: v=20 e=0000 i=0 cpl=0 IP=0008:00104831 pc=00104831 SP=0010:00112eb4 env->regs[R_EAX]=00000064
EAX=00000064 EBX=00010000 ECX=00000000 EDX=00000064
ESI=00000000 EDI=00000000 EBP=00000000 ESP=00112eb4
EIP=00104831 EFL=00000297 [--S-APC] CPL=0 II=0 A20=1 SMM=0 HLT=0
ES =0010 00000000 ffffffff 00cf9300 DPL=0 DS   [-WA]
CS =0008 00000000 ffffffff 00cf9a00 DPL=0 CS32 [-R-]
SS =0010 00000000 ffffffff 00cf9300 DPL=0 DS   [-WA]
DS =0010 00000000 ffffffff 00cf9300 DPL=0 DS   [-WA]
FS =0010 00000000 ffffffff 00cf9300 DPL=0 DS   [-WA]
GS =0010 00000000 ffffffff 00cf9300 DPL=0 DS   [-WA]
LDT=0000 00000000 0000ffff 00008200 DPL=0 LDT
TR =0028 00113020 00000067 00008900 DPL=0 TSS32-avl
GDT=     001130a0 0000002f
IDT=     00113100 000007ff
CR0=80000011 CR2=00000000 CR3=0011f000 CR4=00000000
DR0=00000000 DR1=00000000 DR2=00000000 DR3=00000000 
DR6=ffff0ff0 DR7=00000400
CCS=00000095 CCD=fffffffc CCO=EFLAGS
EFER=0000000000000000
Servicing hardware INT=0x20
   267: v=20 e=0000 i=0 cpl=0 IP=0008:00104831 pc=00104831 SP=0010:00112eb4 env->regs[R_EAX]=00000064
EAX=00000064 EBX=00010000 ECX=00000000 EDX=00000064
ESI=00000000 EDI=00000000 EBP=00000000 ESP=00112eb4
EIP=00104831 EFL=00000293 [--S-A-C] CPL=0 II=0 A20=1 SMM=0 HLT=0
ES =0010 00000000 ffffffff 00cf9300 DPL=0 DS   [-WA]
CS =0008 00000000 ffffffff 00cf9a00 DPL=0 CS32 [-R-]
SS =0010 00000000 ffffffff 00cf9300 DPL=0 DS   [-WA]
DS =0010 00000000 ffffffff 00cf9300 DPL=0 DS   [-WA]
FS =0010 00000000 ffffffff 00cf9300 DPL=0 DS   [-WA]
GS =0010 00000000 ffffffff 00cf9300 DPL=0 DS   [-WA]
LDT=0000 00000000 0000ffff 00008200 DPL=0 LDT
TR =0028 00113020 00000067 00008900 DPL=0 TSS32-avl
GDT=     001130a0 0000002f
IDT=     00113100 000007ff
CR0=80000011 CR2=00000000 CR3=0011f000 CR4=00000000
DR0=00000000 DR1=00000000 DR2=00000000 DR3=00000000 
DR6=ffff0ff0 DR7=00000400
CCS=00000091 CCD=fffffffd CCO=EFLAGS
EFER=0000000000000000
Servicing hardware INT=0x20
   268: v=20 e=0000 i=0 cpl=0 IP=0008:00104831 pc=00104831 SP=0010:00112eb4 env->regs[R_EAX]=00000064
EAX=00000064 EBX=00010000 ECX=00000000 EDX=00000064
ESI=00000000 EDI=00000000 EBP=00000000 ESP=00112eb4
EIP=00104831 EFL=00000293 [--S-A-C] CPL=0 II=0 A20=1 SMM=0 HLT=0
ES =0010 00000000 ffffffff 00cf9300 DPL=0 DS   [-WA]
CS =0008 00000000 ffffffff 00cf9a00 DPL=0 CS32 [-R-]
SS =0010 00000000 ffffffff 00cf9300 DPL=0 DS   [-WA]
DS =0010 00000000 ffffffff 00cf9300 DPL=0 DS   [-WA]
FS =0010 00000000 ffffffff 00cf9300 DPL=0 DS   [-WA]
GS =0010 00000000 ffffffff 00cf9300 DPL=0 DS   [-WA]
LDT=0000 00000000 0000ffff 00008200 DPL=0 LDT
TR =0028 00113020 00000067 00008900 DPL=0 TSS32-avl
GDT=     001130a0 0000002f
IDT=     00113100 000007ff
CR0=80000011 CR2=00000000 CR3=0011f000 CR4=00000000
DR0=00000000 DR1=00000000 DR2=00000000 DR3=00000000 
DR6=ffff0ff0 DR7=00000400
CCS=00000091 CCD=fffffffe CCO=EFLAGS
EFER=0000000000000000
Servicing hardware INT=0x20
   269: v=20 e=0000 i=0 cpl=0 IP=0008:00104831 pc=00104831 SP=0010:00112eb4 env->regs[R_EAX]=00000064
EAX=00000064 EBX=00010000 ECX=00000000 EDX=00000064
ESI=00000000 EDI=00000000 EBP=00000000 ESP=00112eb4
EIP=00104831 EFL=00000297 [--S-APC] CPL=0 II=0 A20=1 SMM=0 HLT=0
ES =0010 00000000 ffffffff 00cf9300 DPL=0 DS   [-WA]
CS =0008 00000000 ffffffff 00cf9a00 DPL=0 CS32 [-R-]
SS =0010 00000000 ffffffff 00cf9300 DPL=0 DS   [-WA]
DS =0010 00000000 ffffffff 00cf9300 DPL=0 DS   [-WA]
FS =0010 00000000 ffffffff 00cf9300 DPL=0 DS   [-WA]
GS =0010 00000000 ffffffff 00cf9300 DPL=0 DS   [-WA]
LDT=0000 00000000 0000ffff 00008200 DPL=0 LDT
TR =0028 00113020 00000067 00008900 DPL=0 TSS32-avl
GDT=     001130a0 0000002f
IDT=     00113100 000007ff
CR0=80000011 CR2=00000000 CR3=0011f000 CR4=00000000
DR0=00000000 DR1=00000000 DR2=00000000 DR3=00000000 
DR6=ffff0ff0 DR7=00000400
CCS=00000095 CCD=ffffffff CCO=EFLAGS
EFER=0000000000000000
Servicing hardware INT=0x20
   270: v=20 e=0000 i=0 cpl=0 IP=0008:00104023 pc=00104023 SP=0010:00112ea0 env->regs[R_EAX]=000b8b94
EAX=000b8b94 EBX=00000c20 ECX=000b8be0 EDX=00000c20
ESI=00000000 EDI=00000000 EBP=00000000 ESP=00112ea0
EIP=00104023 EFL=00000212 [----A--] CPL=0 II=0 A20=1 SMM=0 HLT=0
ES =0010 00000000 ffffffff 00cf9300 DPL=0 DS   [-WA]
CS =0008 00000000 ffffffff 00cf9a00 DPL=0 CS32 [-R-]
SS =0010 00000000 ffffffff 00cf9300 DPL=0 DS   [-WA]
DS =0010 00000000 ffffffff 00cf9300 DPL=0 DS   [-WA]
FS =0010 00000000 ffffffff 00cf9300 DPL=0 DS   [-WA]
GS =0010 00000000 ffffffff 00cf9300 DPL=0 DS   [-WA]
LDT=0000 00000000 0000ffff 00008200 DPL=0 LDT
TR =0028 00113020 00000067 00008900 DPL=0 TSS32-avl
GDT=     001130a0 0000002f
IDT=     00113100 000007ff
CR0=80000011 CR2=00000000 CR3=0011f000 CR4=00000000
DR0=00000000 DR1=00000000 DR2=00000000 DR3=00000000 
DR6=ffff0ff0 DR7=00000400
CCS=00000010 CCD=0000004c CCO=EFLAGS
EFER=0000000000000000
Servicing hardware INT=0x20
   271: v=20 e=0000 i=0 cpl=0 IP=0008:00104023 pc=00104023 SP=0010:00112e80 env->regs[R_EAX]=000b8544
EAX=000b8544 EBX=00000c20 ECX=000b85a0 EDX=00000c20
ESI=00000000 EDI=00000000 EBP=00000000 ESP=00112e80
EIP=00104023 EFL=00000216 [----AP-] CPL=0 II=0 A20=1 SMM=0 HLT=0
ES =0010 00000000 ffffffff 00cf9300 DPL=0 DS   [-WA]
CS =0008 00000000 ffffffff 00cf9a00 DPL=0 CS32 [-R-]
SS =0010 00000000 ffffffff 00cf9300 DPL=0 DS   [-WA]
DS =0010 00000000 ffffffff 00cf9300 DPL=0 DS   [-WA]
FS =0010 00000000 ffffffff 00cf9300 DPL=0 DS   [-WA]
GS =0010 00000000 ffffffff 00cf9300 DPL=0 DS   [-WA]
LDT=0000 00000000 0000ffff 00008200 DPL=0 LDT
TR =0028 00113020 00000067 00008900 DPL=0 TSS32-avl
GDT=     001130a0 0000002f
IDT=     00113100 000007ff
CR0=80000011 CR2=00000000 CR3=0011f000 CR4=00000000
DR0=00000000 DR1=00000000 DR2=00000000 DR3=00000000 
DR6=ffff0ff0 DR7=00000400
CCS=00000014 CCD=0000005c CCO=EFLAGS
EFER=0000000000000000
Servicing hardware INT=0x20
   272: v=20 e=0000 i=0 cpl=0 IP=0008:00104831 pc=00104831 SP=0010:00112e54 env->regs[R_EAX]=00000067
EAX=00000067 EBX=00000001 ECX=00000780 EDX=00000001
ESI=00000000 EDI=00118f60 EBP=01000000 ESP=00112e54
EIP=00104831 EFL=00000297 [--S-APC] CPL=0 II=0 A20=1 SMM=0 HLT=0
ES =0010 00000000 ffffffff 00cf9300 DPL=0 DS   [-WA]
CS =0008 00000000 ffffffff 00cf9a00 DPL=0 CS32 [-R-]
SS =0010 00000000 ffffffff 00cf9300 DPL=0 DS   [-WA]
DS =0010 00000000 ffffffff 00cf9300 DPL=0 DS   [-WA]
FS =0010 00000000 ffffffff 00cf9300 DPL=0 DS   [-WA]
GS =0010 00000000 ffffffff 00cf9300 DPL=0 DS   [-WA]
LDT=0000 00000000 0000ffff 00008200 DPL=0 LDT
TR =0028 00113020 00000067 00008900 DPL=0 TSS32-avl
GDT=     001130a0 0000002f
IDT=     00113100 000007ff
CR0=80000011 CR2=00000000 CR3=0011f000 CR4=00000000
DR0=00000000 DR1=00000000 DR2=00000000 DR3=00000000 
DR6=ffff0ff0 DR7=00000400
CCS=00000095 CCD=ffffffff CCO=EFLAGS
EFER=0000000000000000
Servicing hardware INT=0x40
   273: v=40 e=0000 i=0 cpl=0 IP=0008:00101fd2 pc=00101fd2 SP=0010:00112e58 env->regs[R_EAX]=00004e20
EAX=00004e20 EBX=00000001 ECX=00004e20 EDX=00000000
ESI=00000000 EDI=00118f60 EBP=01000000 ESP=00112e58
EIP=00101fd2 EFL=00000287 [--S--PC] CPL=0 II=0 A20=1 SMM=0 HLT=0
ES =0010 00000000 ffffffff 00cf9300 DPL=0 DS   [-WA]
CS =0008 00000000 ffffffff 00cf9a00 DPL=0 CS32 [-R-]
SS =0010 00000000 ffffffff 00cf9300 DPL=0 DS   [-WA]
DS =0010 00000000 ffffffff 00cf9300 DPL=0 DS   [-WA]
FS =0010 00000000 ffffffff 00cf9300 DPL=0 DS   [-WA]
GS =0010 00000000 ffffffff 00cf9300 DPL=0 DS   [-WA]
LDT=0000 00000000 0000ffff 00008200 DPL=0 LDT
TR =0028 00113020 00000067 00008900 DPL=0 TSS32-avl
GDT=     001130a0 0000002f
IDT=     00113100 000007ff
CR0=80000011 CR2=00000000 CR3=0011f000 CR4=00000000
DR0=00000000 DR1=00000000 DR2=00000000 DR3=00000000 
DR6=ffff0ff0 DR7=00000400
CCS=00000085 CCD=ffffbdc0 CCO=EFLAGS
EFER=0000000000000000
Servicing hardware INT=0x20
   274: v=20 e=0000 i=0 cpl=0 IP=0008:00104023 pc=00104023 SP=0010:00112e80 env->regs[R_EAX]=000b8460
EAX=000b8460 EBX=00000c20 ECX=000b8500 EDX=00000c5b
ESI=00000000 EDI=00000000 EBP=00000000 ESP=00112e80
EIP=00104023 EFL=00000287 [--S--PC] CPL=0 II=0 A20=1 SMM=0 HLT=0
ES =0010 00000000 ffffffff 00cf9300 DPL=0 DS   [-WA]
CS =0008 00000000 ffffffff 00cf9a00 DPL=0 CS32 [-R-]
SS =0010 00000000 ffffffff 00cf9300 DPL=0 DS   [-WA]
DS =0010 00000000 ffffffff 00cf9300 DPL=0 DS   [-WA]
FS =0010 00000000 ffffffff 00cf9300 DPL=0 DS   [-WA]
GS =0010 00000000 ffffffff 00cf9300 DPL=0 DS   [-WA]
LDT=0000 00000000 0000ffff 00008200 DPL=0 LDT
TR =0028 00113020 00000067 00008900 DPL=0 TSS32-avl
GDT=     001130a0 0000002f
IDT=     00113100 000007ff
CR0=80000011 CR2=00000000 CR3=0011f000 CR4=00000000
DR0=00000000 DR1=00000000 DR2=00000000 DR3=00000000 
DR6=ffff0ff0 DR7=00000400
CCS=00000085 CCD=fffff4c0 CCO=EFLAGS
EFER=0000000000000000
Servicing hardware INT=0x40
   275: v=40 e=0000 i=0 cpl=0 IP=0008:00104023 pc=00104023 SP=0010:00112e60 env->regs[R_EAX]=000b8454
EAX=000b8454 EBX=00000c20 ECX=000b8460 EDX=00000c20
ESI=00000000 EDI=00000000 EBP=00000000 ESP=00112e60
EIP=00104023 EFL=00000216 [----AP-] CPL=0 II=0 A20=1 SMM=0 HLT=0
ES =0010 00000000 ffffffff 00cf9300 DPL=0 DS   [-WA]
CS =0008 00000000 ffffffff 00cf9a00 DPL=0 CS32 [-R-]
SS =0010 00000000 ffffffff 00cf9300 DPL=0 DS   [-WA]
DS =0010 00000000 ffffffff 00cf9300 DPL=0 DS   [-WA]
FS =0010 00000000 ffffffff 00cf9300 DPL=0 DS   [-WA]
GS =0010 00000000 ffffffff 00cf9300 DPL=0 DS   [-WA]
LDT=0000 00000000 0000ffff 00008200 DPL=0 LDT
TR =0028 00113020 00000067 00008900 DPL=0 TSS32-avl
GDT=     001130a0 0000002f
IDT=     00113100 000007ff
CR0=80000011 CR2=00000000 CR3=0011f000 CR4=00000000
DR0=00000000 DR1=00000000 DR2=00000000 DR3=00000000 
DR6=ffff0ff0 DR7=00000400
CCS=00000014 CCD=0000000c CCO=EFLAGS
EFER=0000000000000000
Servicing hardware INT=0x40
   276: v=40 e=0000 i=0 cpl=0 IP=0008:00101d81 pc=00101d81 SP=0010:00118f44 env->regs[R_EAX]=00000000
EAX=00000000 EBX=00000001 ECX=00000780 EDX=000003d5
ESI=00000000 EDI=00000000 EBP=00000000 ESP=00118f44
EIP=00101d81 EFL=00000212 [----A--] CPL=0 II=0 A20=1 SMM=0 HLT=0
ES =0010 00000000 ffffffff 00cf9300 DPL=0 DS   [-WA]
CS =0008 00000000 ffffffff 00cf9a00 DPL=0 CS32 [-R-]
SS =0010 00000000 ffffffff 00cf9300 DPL=0 DS   [-WA]
DS =0010 00000000 ffffffff 00cf9300 DPL=0 DS   [-WA]
FS =0010 00000000 ffffffff 00cf9300 DPL=0 DS   [-WA]
GS =0010 00000000 ffffffff 00cf9300 DPL=0 DS   [-WA]
LDT=0000 00000000 0000ffff 00008200 DPL=0 LDT
TR =0000 00000000 0000ffff 00008b00 DPL=0 TSS32-busy
GDT=     001130a0 0000002f
IDT=     00113100 000007ff
CR0=e0000011 CR2=00000000 CR3=0011f000 CR4=00000000
DR0=00000000 DR1=00000000 DR2=00000000 DR3=00000000 
DR6=ffff0ff0 DR7=00000400
CCS=00000010 CCD=00118f40 CCO=EFLAGS
EFER=0000000000000000
Servicing hardware INT=0x20
   277: v=20 e=0000 i=0 cpl=0 IP=0008:00104023 pc=00104023 SP=0010:00112ea0 env->regs[R_EAX]=000b848a
EAX=000b848a EBX=00000c20 ECX=000b8500 EDX=00000c20
ESI=00000000 EDI=00000000 EBP=00000000 ESP=00112ea0
EIP=00104023 EFL=00000212 [----A--] CPL=0 II=0 A20=1 SMM=0 HLT=0
ES =0010 00000000 ffffffff 00cf9300 DPL=0 DS   [-WA]
CS =0008 00000000 ffffffff 00cf9a00 DPL=0 CS32 [-R-]
SS =0010 00000000 ffffffff 00cf9300 DPL=0 DS   [-WA]
DS =0010 00000000 ffffffff 00cf9300 DPL=0 DS   [-WA]
FS =0010 00000000 ffffffff 00cf9300 DPL=0 DS   [-WA]
GS =0010 00000000 ffffffff 00cf9300 DPL=0 DS   [-WA]
LDT=0000 00000000 0000ffff 00008200 DPL=0 LDT
TR =0028 00113020 00000067 00008900 DPL=0 TSS32-avl
GDT=     001130a0 0000002f
IDT=     00113100 000007ff
CR0=80000011 CR2=00000000 CR3=0011f000 CR4=00000000
DR0=00000000 DR1=00000000 DR2=00000000 DR3=00000000 
DR6=ffff0ff0 DR7=00000400
CCS=00000010 CCD=00000076 CCO=EFLAGS
EFER=0000000000000000
Servicing hardware INT=0x40
   278: v=40 e=0000 i=0 cpl=0 IP=0008:0010402d pc=0010402d SP=0010:00112e50 env->regs[R_EAX]=000b8472
EAX=000b8472 EBX=00000c20 ECX=000b8500 EDX=00000c53
ESI=00000000 EDI=00000634 EBP=00000000 ESP=00112e50
EIP=0010402d EFL=00000206 [-----P-] CPL=0 II=0 A20=1 SMM=0 HLT=0
ES =0010 00000000 ffffffff 00cf9300 DPL=0 DS   [-WA]
CS =0008 00000000 ffffffff 00cf9a00 DPL=0 CS32 [-R-]
SS =0010 00000000 ffffffff 00cf9300 DPL=0 DS   [-WA]
DS =0010 00000000 ffffffff 00cf9300 DPL=0 DS   [-WA]
FS =0010 00000000 ffffffff 00cf9300 DPL=0 DS   [-WA]
GS =0010 00000000 ffffffff 00cf9300 DPL=0 DS   [-WA]
LDT=0000 00000000 0000ffff 00008200 DPL=0 LDT
TR =0028 00113020 00000067 00008900 DPL=0 TSS32-avl
GDT=     001130a0 0000002f
IDT=     00113100 000007ff
CR0=80000011 CR2=00000000 CR3=0011f000 CR4=00000000
DR0=00000000 DR1=00000000 DR2=00000000 DR3=00000000 
DR6=ffff0ff0 DR7=00000400
CCS=00000004 CCD=000b8472 CCO=EFLAGS
EFER=0000000000000000
Servicing hardware INT=0x40
   279: v=40 e=0000 i=0 cpl=0 IP=0008:00101d81 pc=00101d81 SP=0010:00118f44 env->regs[R_EAX]=00000000
EAX=00000000 EBX=00000001 ECX=00000780 EDX=000003d5
ESI=00000000 EDI=00000000 EBP=00000000 ESP=00118f44
EIP=00101d81 EFL=00000212 [----A--] CPL=0 II=0 A20=1 SMM=0 HLT=0
ES =0010 00000000 ffffffff 00cf9300 DPL=0 DS   [-WA]
CS =0008 00000000 ffffffff 00cf9a00 DPL=0 CS32 [-R-]
SS =0010 00000000 ffffffff 00cf9300 DPL=0 DS   [-WA]
DS =0010 00000000 ffffffff 00cf9300 DPL=0 DS   [-WA]
FS =0010 00000000 ffffffff 00cf9300 DPL=0 DS   [-WA]
GS =0010 00000000 ffffffff 00cf9300 DPL=0 DS   [-WA]
LDT=0000 00000000 0000ffff 00008200 DPL=0 LDT
TR =0000 00000000 0000ffff 00008b00 DPL=0 TSS32-busy
GDT=     001130a0 0000002f
IDT=     00113100 000007ff
CR0=e0000011 CR2=00000000 CR3=0011f000 CR4=00000000
DR0=00000000 DR1=00000000 DR2=00000000 DR3=00000000 
DR6=ffff0ff0 DR7=00000400
CCS=00000010 CCD=00118f38 CCO=EFLAGS
EFER=0000000000000000
Servicing hardware INT=0x20
   280: v=20 e=0000 i=0 cpl=0 IP=0008:001052e0 pc=001052e0 SP=0010:00112e5c env->regs[R_EAX]=f8000368
EAX=f8000368 EBX=f8000000 ECX=f8001000 EDX=00000000
ESI=00000000 EDI=00001000 EBP=00002000 ESP=00112e5c
EIP=001052e0 EFL=00000283 [--S---C] CPL=0 II=0 A20=1 SMM=0 HLT=0
ES =0010 00000000 ffffffff 00cf9300 DPL=0 DS   [-WA]
CS =0008 00000000 ffffffff 00cf9a00 DPL=0 CS32 [-R-]
SS =0010 00000000 ffffffff 00cf9300 DPL=0 DS   [-WA]
DS =0010 00000000 ffffffff 00cf9300 DPL=0 DS   [-WA]
FS =0010 00000000 ffffffff 00cf9300 DPL=0 DS   [-WA]
GS =0010 00000000 ffffffff 00cf9300 DPL=0 DS   [-WA]
LDT=0000 00000000 0000ffff 00008200 DPL=0 LDT
TR =0028 00113020 00000067 00008900 DPL=0 TSS32-avl
GDT=     001130a0 0000002f
IDT=     00113100 000007ff
CR0=80000011 CR2=00000000 CR3=0011f000 CR4=00000000
DR0=00000000 DR1=00000000 DR2=00000000 DR3=00000000 
DR6=ffff0ff0 DR7=00000400
CCS=00000081 CCD=fffff368 CCO=EFLAGS
EFER=0000000000000000
Servicing hardware INT=0x40
   281: v=40 e=0000 i=0 cpl=0 IP=0008:001052e0 pc=001052e0 SP=0010:00112e5c env->regs[R_EAX]=f8000572
EAX=f8000572 EBX=f8000000 ECX=f8001000 EDX=00000000
ESI=00000000 EDI=00001000 EBP=00002000 ESP=00112e5c
EIP=001052e0 EFL=00000287 [--S--PC] CPL=0 II=0 A20=1 SMM=0 HLT=0
ES =0010 00000000 ffffffff 00cf9300 DPL=0 DS   [-WA]
CS =0008 00000000 ffffffff 00cf9a00 DPL=0 CS32 [-R-]
SS =0010 00000000 ffffffff 00cf9300 DPL=0 DS   [-WA]
DS =0010 00000000 ffffffff 00cf9300 DPL=0 DS   [-WA]
FS =0010 00000000 ffffffff 00cf9300 DPL=0 DS   [-WA]
GS =0010 00000000 ffffffff 00cf9300 DPL=0 DS   [-WA]
LDT=0000 00000000 0000ffff 00008200 DPL=0 LDT
TR =0028 00113020 00000067 00008900 DPL=0 TSS32-avl
GDT=     001130a0 0000002f
IDT=     00113100 000007ff
CR0=80000011 CR2=00000000 CR3=0011f000 CR4=00000000
DR0=00000000 DR1=00000000 DR2=00000000 DR3=00000000 
DR6=ffff0ff0 DR7=00000400
CCS=00000085 CCD=fffff572 CCO=EFLAGS
EFER=0000000000000000
Servicing hardware INT=0x40
   282: v=40 e=0000 i=0 cpl=0 IP=0008:00101d81 pc=00101d81 SP=0010:00118f44 env->regs[R_EAX]=00000000
EAX=00000000 EBX=00000001 ECX=00000780 EDX=000003d5
ESI=00000000 EDI=00000000 EBP=00000000 ESP=00118f44
EIP=00101d81 EFL=00000212 [----A--] CPL=0 II=0 A20=1 SMM=0 HLT=0
ES =0010 00000000 ffffffff 00cf9300 DPL=0 DS   [-WA]
CS =0008 00000000 ffffffff 00cf9a00 DPL=0 CS32 [-R-]
SS =0010 00000000 ffffffff 00cf9300 DPL=0 DS   [-WA]
DS =0010 00000000 ffffffff 00cf9300 DPL=0 DS   [-WA]
FS =0010 00000000 ffffffff 00cf9300 DPL=0 DS   [-WA]
GS =0010 00000000 ffffffff 00cf9300 DPL=0 DS   [-WA]
LDT=0000 00000000 0000ffff 00008200 DPL=0 LDT
TR =0000 00000000 0000ffff 00008b00 DPL=0 TSS32-busy
GDT=     001130a0 0000002f
IDT=     00113100 000007ff
CR0=e0000011 CR2=00000000 CR3=0011f000 CR4=00000000
DR0=00000000 DR1=00000000 DR2=00000000 DR3=00000000 
DR6=ffff0ff0 DR7=00000400
CCS=00000010 CCD=00118f38 CCO=EFLAGS
EFER=0000000000000000
Servicing hardware INT=0x20
   283: v=20 e=0000 i=0 cpl=0 IP=0008:00106236 pc=00106236 SP=0010:0012f19c env->regs[R_EAX]=38f5c28f
EAX=38f5c28f EBX=00000000 ECX=0012d110 EDX=0011f000
ESI=00000000 EDI=00000000 EBP=00000000 ESP=0012f19c
EIP=00106236 EFL=00000206 [-----P-] CPL=0 II=0 A20=1 SMM=0 HLT=0
ES =0010 00000000 ffffffff 00cf9300 DPL=0 DS   [-WA]
CS =0008 00000000 ffffffff 00cf9a00 DPL=0 CS32 [-R-]
SS =0010 00000000 ffffffff 00cf9300 DPL=0 DS   [-WA]
DS =0010 00000000 ffffffff 00cf9300 DPL=0 DS   [-WA]
FS =0010 00000000 ffffffff 00cf9300 DPL=0 DS   [-WA]
GS =0010 00000000 ffffffff 00cf9300 DPL=0 DS   [-WA]
LDT=0000 00000000 0000ffff 00008200 DPL=0 LDT
TR =0028 00113020 00000067 00008900 DPL=0 TSS32-avl
GDT=     001130a0 0000002f
IDT=     00113100 000007ff
CR0=80000011 CR2=00000000 CR3=0011f000 CR4=00000000
DR0=00000000 DR1=00000000 DR2=00000000 DR3=00000000 
DR6=ffff0ff0 DR7=00000400
CCS=00000004 CCD=37ae147b CCO=EFLAGS
EFER=0000000000000000
Servicing hardware INT=0x40
   284: v=40 e=0000 i=0 cpl=0 IP=0008:00104831 pc=00104831 SP=0010:00131280 env->regs[R_EAX]=0000009d
EAX=0000009d EBX=00000003 ECX=00000000 EDX=00000032
ESI=00000000 EDI=00000000 EBP=00000000 ESP=00131280
EIP=00104831 EFL=00000293 [--S-A-C] CPL=0 II=0 A20=1 SMM=0 HLT=0
ES =0010 00000000 ffffffff 00cf9300 DPL=0 DS   [-WA]
CS =0008 00000000 ffffffff 00cf9a00 DPL=0 CS32 [-R-]
SS =0010 00000000 ffffffff 00cf9300 DPL=0 DS   [-WA]
DS =0010 00000000 ffffffff 00cf9300 DPL=0 DS   [-WA]
FS =0010 00000000 ffffffff 00cf9300 DPL=0 DS   [-WA]
GS =0010 00000000 ffffffff 00cf9300 DPL=0 DS   [-WA]
LDT=0000 00000000 0000ffff 00008200 DPL=0 LDT
TR =0028 00113020 00000067 00008900 DPL=0 TSS32-avl
GDT=     001130a0 0000002f
IDT=     00113100 000007ff
CR0=80000011 CR2=00000000 CR3=0011f000 CR4=00000000
DR0=00000000 DR1=00000000 DR2=00000000 DR3=00000000 
DR6=ffff0ff0 DR7=00000400
CCS=00000091 CCD=ffffffce CCO=EFLAGS
EFER=0000000000000000
Servicing hardware INT=0x40
   285: v=40 e=0000 i=0 cpl=0 IP=0008:00101d81 pc=00101d81 SP=0010:00118f44 env->regs[R_EAX]=00000000
EAX=00000000 EBX=00000001 ECX=00000780 EDX=000003d5
ESI=00000000 EDI=00000000 EBP=00000000 ESP=00118f44
EIP=00101d81 EFL=00000212 [----A--] CPL=0 II=0 A20=1 SMM=0 HLT=0
ES =0010 00000000 ffffffff 00cf9300 DPL=0 DS   [-WA]
CS =0008 00000000 ffffffff 00cf9a00 DPL=0 CS32 [-R-]
SS =0010 00000000 ffffffff 00cf9300 DPL=0 DS   [-WA]
DS =0010 00000000 ffffffff 00cf9300 DPL=0 DS   [-WA]
FS =0010 00000000 ffffffff 00cf9300 DPL=0 DS   [-WA]
GS =0010 00000000 ffffffff 00cf9300 DPL=0 DS   [-WA]
LDT=0000 00000000 0000ffff 00008200 DPL=0 LDT
TR =0000 00000000 0000ffff 00008b00 DPL=0 TSS32-busy
GDT=     001130a0 0000002f
IDT=     00113100 000007ff
CR0=e0000011 CR2=00000000 CR3=0011f000 CR4=00000000
DR0=00000000 DR1=00000000 DR2=00000000 DR3=00000000 
DR6=ffff0ff0 DR7=00000400
CCS=00000010 CCD=00118f38 CCO=EFLAGS
EFER=0000000000000000
Servicing hardware INT=0x20
   286: v=20 e=0000 i=0 cpl=0 IP=0008:00104831 pc=00104831 SP=0010:00131280 env->regs[R_EAX]=0000009d
EAX=0000009d EBX=00000003 ECX=00000000 EDX=00000032
ESI=00000000 EDI=00000000 EBP=00000000 ESP=00131280
EIP=00104831 EFL=00000293 [--S-A-C] CPL=0 II=0 A20=1 SMM=0 HLT=0
ES =0010 00000000 ffffffff 00cf9300 DPL=0 DS   [-WA]
CS =0008 00000000 ffffffff 00cf9a00 DPL=0 CS32 [-R-]
SS =0010 00000000 ffffffff 00cf9300 DPL=0 DS   [-WA]
DS =0010 00000000 ffffffff 00cf9300 DPL=0 DS   [-WA]
FS =0010 00000000 ffffffff 00cf9300 DPL=0 DS   [-WA]
GS =0010 00000000 ffffffff 00cf9300 DPL=0 DS   [-WA]
LDT=0000 00000000 0000ffff 00008200 DPL=0 LDT
TR =0028 00113020 00000067 00008900 DPL=0 TSS32-avl
GDT=     001130a0 0000002f
IDT=     00113100 000007ff
CR0=80000011 CR2=00000000 CR3=0011f000 CR4=00000000
DR0=00000000 DR1=00000000 DR2=00000000 DR3=00000000 
DR6=ffff0ff0 DR7=00000400
CCS=00000091 CCD=ffffffce CCO=EFLAGS
EFER=0000000000000000
Servicing hardware INT=0x40
   287: v=40 e=0000 i=0 cpl=0 IP=0008:00104831 pc=00104831 SP=0010:00133368 env->regs[R_EAX]=000000b2
EAX=000000b2 EBX=00000003 ECX=00000000 EDX=00000046
ESI=00000000 EDI=00000000 EBP=00000000 ESP=00133368
EIP=00104831 EFL=00000283 [--S---C] CPL=0 II=0 A20=1 SMM=0 HLT=0
ES =0010 00000000 ffffffff 00cf9300 DPL=0 DS   [-WA]
CS =0008 00000000 ffffffff 00cf9a00 DPL=0 CS32 [-R-]
SS =0010 00000000 ffffffff 00cf9300 DPL=0 DS   [-WA]
DS =0010 00000000 ffffffff 00cf9300 DPL=0 DS   [-WA]
FS =0010 00000000 ffffffff 00cf9300 DPL=0 DS   [-WA]
GS =0010 00000000 ffffffff 00cf9300 DPL=0 DS   [-WA]
LDT=0000 00000000 0000ffff 00008200 DPL=0 LDT
TR =0028 00113020 00000067 00008900 DPL=0 TSS32-avl
GDT=     001130a0 0000002f
IDT=     00113100 000007ff
CR0=80000011 CR2=00000000 CR3=0011f000 CR4=00000000
DR0=00000000 DR1=00000000 DR2=00000000 DR3=00000000 
DR6=ffff0ff0 DR7=00000400
CCS=00000081 CCD=ffffffba CCO=EFLAGS
EFER=0000000000000000
Servicing hardware INT=0x40
   288: v=40 e=0000 i=0 cpl=0 IP=0008:00101d81 pc=00101d81 SP=0010:00118f44 env->regs[R_EAX]=00000000
EAX=00000000 EBX=00000001 ECX=00000780 EDX=000003d5
ESI=00000000 EDI=00000000 EBP=00000000 ESP=00118f44
EIP=00101d81 EFL=00000212 [----A--] CPL=0 II=0 A20=1 SMM=0 HLT=0
ES =0010 00000000 ffffffff 00cf9300 DPL=0 DS   [-WA]
CS =0008 00000000 ffffffff 00cf9a00 DPL=0 CS32 [-R-]
SS =0010 00000000 ffffffff 00cf9300 DPL=0 DS   [-WA]
DS =0010 00000000 ffffffff 00cf9300 DPL=0 DS   [-WA]
FS =0010 00000000 ffffffff 00cf9300 DPL=0 DS   [-WA]
GS =0010 00000000 ffffffff 00cf9300 DPL=0 DS   [-WA]
LDT=0000 00000000 0000ffff 00008200 DPL=0 LDT
TR =0000 00000000 0000ffff 00008b00 DPL=0 TSS32-busy
GDT=     001130a0 0000002f
IDT=     00113100 000007ff
CR0=e0000011 CR2=00000000 CR3=0011f000 CR4=00000000
DR0=00000000 DR1=00000000 DR2=00000000 DR3=00000000 
DR6=ffff0ff0 DR7=00000400
CCS=00000010 CCD=00118f38 CCO=EFLAGS
EFER=0000000000000000
Servicing hardware INT=0x20
   289: v=20 e=0000 i=0 cpl=0 IP=0008:00104831 pc=00104831 SP=0010:00133368 env->regs[R_EAX]=000000b2
EAX=000000b2 EBX=00000003 ECX=00000000 EDX=00000046
ESI=00000000 EDI=00000000 EBP=00000000 ESP=00133368
EIP=00104831 EFL=00000283 [--S---C] CPL=0 II=0 A20=1 SMM=0 HLT=0
ES =0010 00000000 ffffffff 00cf9300 DPL=0 DS   [-WA]
CS =0008 00000000 ffffffff 00cf9a00 DPL=0 CS32 [-R-]
SS =0010 00000000 ffffffff 00cf9300 DPL=0 DS   [-WA]
DS =0010 00000000 ffffffff 00cf9300 DPL=0 DS   [-WA]
FS =0010 00000000 ffffffff 00cf9300 DPL=0 DS   [-WA]
GS =0010 00000000 ffffffff 00cf9300 DPL=0 DS   [-WA]
LDT=0000 00000000 0000ffff 00008200 DPL=0 LDT
TR =0028 00113020 00000067 00008900 DPL=0 TSS32-avl
GDT=     001130a0 0000002f
IDT=     00113100 000007ff
CR0=80000011 CR2=00000000 CR3=0011f000 CR4=00000000
DR0=00000000 DR1=00000000 DR2=00000000 DR3=00000000 
DR6=ffff0ff0 DR7=00000400
CCS=00000081 CCD=ffffffba CCO=EFLAGS
EFER=0000000000000000
Servicing hardware INT=0x40
   290: v=40 e=0000 i=0 cpl=0 IP=0008:00104023 pc=00104023 SP=0010:0013543c env->regs[R_EAX]=000b85bc
EAX=000b85bc EBX=00000c20 ECX=000b8640 EDX=00000c4b
ESI=00000000 EDI=00000000 EBP=00000000 ESP=0013543c
EIP=00104023 EFL=00000216 [----AP-] CPL=0 II=0 A20=1 SMM=0 HLT=0
ES =0010 00000000 ffffffff 00cf9300 DPL=0 DS   [-WA]
CS =0008 00000000 ffffffff 00cf9a00 DPL=0 CS32 [-R-]
SS =0010 00000000 ffffffff 00cf9300 DPL=0 DS   [-WA]
DS =0010 00000000 ffffffff 00cf9300 DPL=0 DS   [-WA]
FS =0010 00000000 ffffffff 00cf9300 DPL=0 DS   [-WA]
GS =0010 00000000 ffffffff 00cf9300 DPL=0 DS   [-WA]
LDT=0000 00000000 0000ffff 00008200 DPL=0 LDT
TR =0028 00113020 00000067 00008900 DPL=0 TSS32-avl
GDT=     001130a0 0000002f
IDT=     00113100 000007ff
CR0=80000011 CR2=00000000 CR3=0011f000 CR4=00000000
DR0=00000000 DR1=00000000 DR2=00000000 DR3=00000000 
DR6=ffff0ff0 DR7=00000400
CCS=00000014 CCD=00000084 CCO=EFLAGS
EFER=0000000000000000
Servicing hardware INT=0x40
   291: v=40 e=0000 i=0 cpl=0 IP=0008:00101d81 pc=00101d81 SP=0010:00118f44 env->regs[R_EAX]=00000000
EAX=00000000 EBX=00000001 ECX=00000780 EDX=000003d5
ESI=00000000 EDI=00000000 EBP=00000000 ESP=00118f44
EIP=00101d81 EFL=00000212 [----A--] CPL=0 II=0 A20=1 SMM=0 HLT=0
ES =0010 00000000 ffffffff 00cf9300 DPL=0 DS   [-WA]
CS =0008 00000000 ffffffff 00cf9a00 DPL=0 CS32 [-R-]
SS =0010 00000000 ffffffff 00cf9300 DPL=0 DS   [-WA]
DS =0010 00000000 ffffffff 00cf9300 DPL=0 DS   [-WA]
FS =0010 00000000 ffffffff 00cf9300 DPL=0 DS   [-WA]
GS =0010 00000000 ffffffff 00cf9300 DPL=0 DS   [-WA]
LDT=0000 00000000 0000ffff 00008200 DPL=0 LDT
TR =0000 00000000 0000ffff 00008b00 DPL=0 TSS32-busy
GDT=     001130a0 0000002f
IDT=     00113100 000007ff
CR0=e0000011 CR2=00000000 CR3=0011f000 CR4=00000000
DR0=00000000 DR1=00000000 DR2=00000000 DR3=00000000 
DR6=ffff0ff0 DR7=00000400
CCS=00000010 CCD=00118f38 CCO=EFLAGS
EFER=0000000000000000
Servicing hardware INT=0x20
   292: v=20 e=0000 i=0 cpl=0 IP=0008:00104b51 pc=00104b51 SP=0010:00135450 env->regs[R_EAX]=00000000
EAX=00000000 EBX=00000000 ECX=00123280 EDX=00000000
ESI=00000000 EDI=00000000 EBP=00000000 ESP=00135450
EIP=00104b51 EFL=00000246 [---Z-P-] CPL=0 II=0 A20=1 SMM=0 HLT=0
ES =0010 00000000 ffffffff 00cf9300 DPL=0 DS   [-WA]
CS =0008 00000000 ffffffff 00cf9a00 DPL=0 CS32 [-R-]
SS =0010 00000000 ffffffff 00cf9300 DPL=0 DS   [-WA]
DS =0010 00000000 ffffffff 00cf9300 DPL=0 DS   [-WA]
FS =0010 00000000 ffffffff 00cf9300 DPL=0 DS   [-WA]
GS =0010 00000000 ffffffff 00cf9300 DPL=0 DS   [-WA]
LDT=0000 00000000 0000ffff 00008200 DPL=0 LDT
TR =0028 00113020 00000067 00008900 DPL=0 TSS32-avl
GDT=     001130a0 0000002f
IDT=     00113100 000007ff
CR0=80000011 CR2=00000000 CR3=0011f000 CR4=00000000
DR0=00000000 DR1=00000000 DR2=00000000 DR3=00000000 
DR6=ffff0ff0 DR7=00000400
CCS=00000044 CCD=00000000 CCO=EFLAGS
EFER=0000000000000000
   293: v=80 e=0000 i=1 cpl=3 IP=001b:01000018 pc=01000018 SP=0023:01403fdc env->regs[R_EAX]=00000001
EAX=00000001 EBX=00000001 ECX=01000503 EDX=00000017
ESI=00000000 EDI=00000000 EBP=00000000 ESP=01403fdc
EIP=01000018 EFL=00000212 [----A--] CPL=3 II=0 A20=1 SMM=0 HLT=0
ES =0023 00000000 ffffffff 00cff300 DPL=3 DS   [-WA]
CS =001b 00000000 ffffffff 00cffa00 DPL=3 CS32 [-R-]
SS =0023 00000000 ffffffff 00cff300 DPL=3 DS   [-WA]
DS =0023 00000000 ffffffff 00cff300 DPL=3 DS   [-WA]
FS =0023 00000000 ffffffff 00cff300 DPL=3 DS   [-WA]
GS =0023 00000000 ffffffff 00cff300 DPL=3 DS   [-WA]
LDT=0000 00000000 0000ffff 00008200 DPL=0 LDT
TR =0028 00113020 00000067 00008900 DPL=0 TSS32-avl
GDT=     001130a0 0000002f
IDT=     00113100 000007ff
CR0=80000011 CR2=00000000 CR3=00002000 CR4=00000000
DR0=00000000 DR1=00000000 DR2=00000000 DR3=00000000 
DR6=ffff0ff0 DR7=00000400
CCS=00000014 CCD=01403fdc CCO=SUBL
EFER=0000000000000000
Servicing hardware INT=0x40
   294: v=40 e=0000 i=0 cpl=3 IP=001b:0100001a pc=0100001a SP=0023:01403fdc env->regs[R_EAX]=00000017
EAX=00000017 EBX=00000001 ECX=01000503 EDX=00000017
ESI=00000000 EDI=00000000 EBP=00000000 ESP=01403fdc
EIP=0100001a EFL=00000212 [----A--] CPL=3 II=0 A20=1 SMM=0 HLT=0
ES =0023 00000000 ffffffff 00cff300 DPL=3 DS   [-WA]
CS =001b 00000000 ffffffff 00cffa00 DPL=3 CS32 [-R-]
SS =0023 00000000 ffffffff 00cff300 DPL=3 DS   [-WA]
DS =0023 00000000 ffffffff 00cff300 DPL=3 DS   [-WA]
FS =0023 00000000 ffffffff 00cff300 DPL=3 DS   [-WA]
GS =0023 00000000 ffffffff 00cff300 DPL=3 DS   [-WA]
LDT=0000 00000000 0000ffff 00008200 DPL=0 LDT
TR =0028 00113020 00000067 00008900 DPL=0 TSS32-avl
GDT=     001130a0 0000002f
IDT=     00113100 000007ff
CR0=80000011 CR2=00000000 CR3=00002000 CR4=00000000
DR0=00000000 DR1=00000000 DR2=00000000 DR3=00000000 
DR6=ffff0ff0 DR7=00000400
CCS=00000010 CCD=00137548 CCO=EFLAGS
EFER=0000000000000000
   295: v=80 e=0000 i=1 cpl=3 IP=001b:01000025 pc=01000025 SP=0023:01403fdc env->regs[R_EAX]=00000003
EAX=00000003 EBX=00000000 ECX=00000000 EDX=00000000
ESI=00000000 EDI=00000000 EBP=00000000 ESP=01403fdc
EIP=01000025 EFL=00010246 [---Z-P-] CPL=3 II=0 A20=1 SMM=0 HLT=0
ES =0023 00000000 ffffffff 00cff300 DPL=3 DS   [-WA]
CS =001b 00000000 ffffffff 00cffa00 DPL=3 CS32 [-R-]
SS =0023 00000000 ffffffff 00cff300 DPL=3 DS   [-WA]
DS =0023 00000000 ffffffff 00cff300 DPL=3 DS   [-WA]
FS =0023 00000000 ffffffff 00cff300 DPL=3 DS   [-WA]
GS =0023 00000000 ffffffff 00cff300 DPL=3 DS   [-WA]
LDT=0000 00000000 0000ffff 00008200 DPL=0 LDT
TR =0028 00113020 00000067 00008900 DPL=0 TSS32-avl
GDT=     001130a0 0000002f
IDT=     00113100 000007ff
CR0=80000011 CR2=00000000 CR3=00002000 CR4=00000000
DR0=00000000 DR1=00000000 DR2=00000000 DR3=00000000 
DR6=ffff0ff0 DR7=00000400
CCS=00000044 CCD=00137548 CCO=EFLAGS
EFER=0000000000000000
   296: v=80 e=0000 i=1 cpl=3 IP=001b:01000054 pc=01000054 SP=0023:01403fdc env->regs[R_EAX]=00000001
EAX=00000001 EBX=00000001 ECX=01403fe4 EDX=00000001
ESI=01403fe4 EDI=00000001 EBP=01403fe3 ESP=01403fdc
EIP=01000054 EFL=00000246 [---Z-P-] CPL=3 II=0 A20=1 SMM=0 HLT=0
ES =0023 00000000 ffffffff 00cff300 DPL=3 DS   [-WA]
CS =001b 00000000 ffffffff 00cffa00 DPL=3 CS32 [-R-]
SS =0023 00000000 ffffffff 00cff300 DPL=3 DS   [-WA]
DS =0023 00000000 ffffffff 00cff300 DPL=3 DS   [-WA]
FS =0023 00000000 ffffffff 00cff300 DPL=3 DS   [-WA]
GS =0023 00000000 ffffffff 00cff300 DPL=3 DS   [-WA]
LDT=0000 00000000 0000ffff 00008200 DPL=0 LDT
TR =0028 00113020 00000067 00008900 DPL=0 TSS32-avl
GDT=     001130a0 0000002f
IDT=     00113100 000007ff
CR0=80000011 CR2=00000000 CR3=00002000 CR4=00000000
DR0=00000000 DR1=00000000 DR2=00000000 DR3=00000000 
DR6=ffff0ff0 DR7=00000400
CCS=00000009 CCD=00000000 CCO=LOGICL
EFER=0000000000000000
   297: v=80 e=0000 i=1 cpl=3 IP=001b:01000087 pc=01000087 SP=0023:01403fdc env->regs[R_EAX]=00000001
EAX=00000001 EBX=00000001 ECX=010005a7 EDX=00000001
ESI=01403fe3 EDI=00000001 EBP=01403fe3 ESP=01403fdc
EIP=01000087 EFL=00000246 [---Z-P-] CPL=3 II=0 A20=1 SMM=0 HLT=0
ES =0023 00000000 ffffffff 00cff300 DPL=3 DS   [-WA]
CS =001b 00000000 ffffffff 00cffa00 DPL=3 CS32 [-R-]
SS =0023 00000000 ffffffff 00cff300 DPL=3 DS   [-WA]
DS =0023 00000000 ffffffff 00cff300 DPL=3 DS   [-WA]
FS =0023 00000000 ffffffff 00cff300 DPL=3 DS   [-WA]
GS =0023 00000000 ffffffff 00cff300 DPL=3 DS   [-WA]
LDT=0000 00000000 0000ffff 00008200 DPL=0 LDT
TR =0028 00113020 00000067 00008900 DPL=0 TSS32-avl
GDT=     001130a0 0000002f
IDT=     00113100 000007ff
CR0=80000011 CR2=00000000 CR3=00002000 CR4=00000000
DR0=00000000 DR1=00000000 DR2=00000000 DR3=00000000 
DR6=ffff0ff0 DR7=00000400
CCS=01403fe3 CCD=00000000 CCO=SUBL
EFER=0000000000000000
Servicing hardware INT=0x40
   298: v=40 e=0000 i=0 cpl=0 IP=0008:00101d81 pc=00101d81 SP=0010:00118f44 env->regs[R_EAX]=00000000
EAX=00000000 EBX=00000001 ECX=00000780 EDX=000003d5
ESI=00000000 EDI=00000000 EBP=00000000 ESP=00118f44
EIP=00101d81 EFL=00000212 [----A--] CPL=0 II=0 A20=1 SMM=0 HLT=0
ES =0010 00000000 ffffffff 00cf9300 DPL=0 DS   [-WA]
CS =0008 00000000 ffffffff 00cf9a00 DPL=0 CS32 [-R-]
SS =0010 00000000 ffffffff 00cf9300 DPL=0 DS   [-WA]
DS =0010 00000000 ffffffff 00cf9300 DPL=0 DS   [-WA]
FS =0010 00000000 ffffffff 00cf9300 DPL=0 DS   [-WA]
GS =0010 00000000 ffffffff 00cf9300 DPL=0 DS   [-WA]
LDT=0000 00000000 0000ffff 00008200 DPL=0 LDT
TR =0000 00000000 0000ffff 00008b00 DPL=0 TSS32-busy
GDT=     001130a0 0000002f
IDT=     00113100 000007ff
CR0=e0000011 CR2=00000000 CR3=0011f000 CR4=00000000
DR0=00000000 DR1=00000000 DR2=00000000 DR3=00000000 
DR6=ffff0ff0 DR7=00000400
CCS=00000010 CCD=00118f38 CCO=EFLAGS
EFER=0000000000000000
   299: v=80 e=0000 i=1 cpl=3 IP=001b:0100009a pc=0100009a SP=0023:01403fdc env->regs[R_EAX]=0000000a
EAX=0000000a EBX=0100051b ECX=00000005 EDX=00000000
ESI=01403fe3 EDI=00000001 EBP=01403fe3 ESP=01403fdc
EIP=0100009a EFL=00000246 [---Z-P-] CPL=3 II=0 A20=1 SMM=0 HLT=0
ES =0023 00000000 ffffffff 00cff300 DPL=3 DS   [-WA]
CS =001b 00000000 ffffffff 00cffa00 DPL=3 CS32 [-R-]
SS =0023 00000000 ffffffff 00cff300 DPL=3 DS   [-WA]
DS =0023 00000000 ffffffff 00cff300 DPL=3 DS   [-WA]
FS =0023 00000000 ffffffff 00cff300 DPL=3 DS   [-WA]
GS =0023 00000000 ffffffff 00cff300 DPL=3 DS   [-WA]
LDT=0000 00000000 0000ffff 00008200 DPL=0 LDT
TR =0028 00113020 00000067 00008900 DPL=0 TSS32-avl
GDT=     001130a0 0000002f
IDT=     00113100 000007ff
CR0=80000011 CR2=00000000 CR3=00002000 CR4=00000000
DR0=00000000 DR1=00000000 DR2=00000000 DR3=00000000 
DR6=ffff0ff0 DR7=00000400
CCS=00000044 CCD=00137548 CCO=EFLAGS
EFER=0000000000000000
   300: v=80 e=0000 i=1 cpl=3 IP=001b:010000ae pc=010000ae SP=0023:01403fdc env->regs[R_EAX]=00000001
EAX=00000001 EBX=00000000 ECX=01000521 EDX=00000003
ESI=01403fe3 EDI=00000001 EBP=01403fe3 ESP=01403fdc
EIP=010000ae EFL=00000246 [---Z-P-] CPL=3 II=0 A20=1 SMM=0 HLT=0
ES =0023 00000000 ffffffff 00cff300 DPL=3 DS   [-WA]
CS =001b 00000000 ffffffff 00cffa00 DPL=3 CS32 [-R-]
SS =0023 00000000 ffffffff 00cff300 DPL=3 DS   [-WA]
DS =0023 00000000 ffffffff 00cff300 DPL=3 DS   [-WA]
FS =0023 00000000 ffffffff 00cff300 DPL=3 DS   [-WA]
GS =0023 00000000 ffffffff 00cff300 DPL=3 DS   [-WA]
LDT=0000 00000000 0000ffff 00008200 DPL=0 LDT
TR =0028 00113020 00000067 00008900 DPL=0 TSS32-avl
GDT=     001130a0 0000002f
IDT=     00113100 000007ff
CR0=80000011 CR2=00000000 CR3=00002000 CR4=00000000
DR0=00000000 DR1=00000000 DR2=00000000 DR3=00000000 
DR6=ffff0ff0 DR7=00000400
CCS=00000044 CCD=00000000 CCO=LOGICL
EFER=0000000000000000
   301: v=80 e=0000 i=1 cpl=3 IP=001b:010000b9 pc=010000b9 SP=0023:01403fdc env->regs[R_EAX]=0000000b
EAX=0000000b EBX=00000000 ECX=00000000 EDX=00000000
ESI=01403fe3 EDI=00000001 EBP=01403fe3 ESP=01403fdc
EIP=010000b9 EFL=00000246 [---Z-P-] CPL=3 II=0 A20=1 SMM=0 HLT=0
ES =0023 00000000 ffffffff 00cff300 DPL=3 DS   [-WA]
CS =001b 00000000 ffffffff 00cffa00 DPL=3 CS32 [-R-]
SS =0023 00000000 ffffffff 00cff300 DPL=3 DS   [-WA]
DS =0023 00000000 ffffffff 00cff300 DPL=3 DS   [-WA]
FS =0023 00000000 ffffffff 00cff300 DPL=3 DS   [-WA]
GS =0023 00000000 ffffffff 00cff300 DPL=3 DS   [-WA]
LDT=0000 00000000 0000ffff 00008200 DPL=0 LDT
TR =0028 00113020 00000067 00008900 DPL=0 TSS32-avl
GDT=     001130a0 0000002f
IDT=     00113100 000007ff
CR0=80000011 CR2=00000000 CR3=00002000 CR4=00000000
DR0=00000000 DR1=00000000 DR2=00000000 DR3=00000000 
DR6=ffff0ff0 DR7=00000400
CCS=00000044 CCD=00137548 CCO=EFLAGS
EFER=0000000000000000
   302: v=80 e=0000 i=1 cpl=3 IP=001b:010000cc pc=010000cc SP=0023:01403fdc env->regs[R_EAX]=00000001
EAX=00000001 EBX=00000001 ECX=01000525 EDX=0000000f
ESI=01403fe3 EDI=00000001 EBP=01403fe3 ESP=01403fdc
EIP=010000cc EFL=00000246 [---Z-P-] CPL=3 II=0 A20=1 SMM=0 HLT=0
ES =0023 00000000 ffffffff 00cff300 DPL=3 DS   [-WA]
CS =001b 00000000 ffffffff 00cffa00 DPL=3 CS32 [-R-]
SS =0023 00000000 ffffffff 00cff300 DPL=3 DS   [-WA]
DS =0023 00000000 ffffffff 00cff300 DPL=3 DS   [-WA]
FS =0023 00000000 ffffffff 00cff300 DPL=3 DS   [-WA]
GS =0023 00000000 ffffffff 00cff300 DPL=3 DS   [-WA]
LDT=0000 00000000 0000ffff 00008200 DPL=0 LDT
TR =0028 00113020 00000067 00008900 DPL=0 TSS32-avl
GDT=     001130a0 0000002f
IDT=     00113100 000007ff
CR0=80000011 CR2=00000000 CR3=00002000 CR4=00000000
DR0=00000000 DR1=00000000 DR2=00000000 DR3=00000000 
DR6=ffff0ff0 DR7=00000400
CCS=00000044 CCD=00137548 CCO=EFLAGS
EFER=0000000000000000
   303: v=80 e=0000 i=1 cpl=3 IP=001b:010000da pc=010000da SP=0023:01403fdc env->regs[R_EAX]=00000001
EAX=00000001 EBX=00000001 ECX=010005ac EDX=0000001f
ESI=01403fe3 EDI=00000001 EBP=01403fe3 ESP=01403fdc
EIP=010000da EFL=00000246 [---Z-P-] CPL=3 II=0 A20=1 SMM=0 HLT=0
ES =0023 00000000 ffffffff 00cff300 DPL=3 DS   [-WA]
CS =001b 00000000 ffffffff 00cffa00 DPL=3 CS32 [-R-]
SS =0023 00000000 ffffffff 00cff300 DPL=3 DS   [-WA]
DS =0023 00000000 ffffffff 00cff300 DPL=3 DS   [-WA]
FS =0023 00000000 ffffffff 00cff300 DPL=3 DS   [-WA]
GS =0023 00000000 ffffffff 00cff300 DPL=3 DS   [-WA]
LDT=0000 00000000 0000ffff 00008200 DPL=0 LDT
TR =0028 00113020 00000067 00008900 DPL=0 TSS32-avl
GDT=     001130a0 0000002f
IDT=     00113100 000007ff
CR0=80000011 CR2=00000000 CR3=00002000 CR4=00000000
DR0=00000000 DR1=00000000 DR2=00000000 DR3=00000000 
DR6=ffff0ff0 DR7=00000400
CCS=00000044 CCD=00137548 CCO=EFLAGS
EFER=0000000000000000
   304: v=80 e=0000 i=1 cpl=3 IP=001b:010000e7 pc=010000e7 SP=0023:01403fdc env->regs[R_EAX]=00000003
EAX=00000003 EBX=00000000 ECX=00000000 EDX=00000000
ESI=01403fe3 EDI=00000001 EBP=01403fe3 ESP=01403fdc
EIP=010000e7 EFL=00000246 [---Z-P-] CPL=3 II=0 A20=1 SMM=0 HLT=0
ES =0023 00000000 ffffffff 00cff300 DPL=3 DS   [-WA]
CS =001b 00000000 ffffffff 00cffa00 DPL=3 CS32 [-R-]
SS =0023 00000000 ffffffff 00cff300 DPL=3 DS   [-WA]
DS =0023 00000000 ffffffff 00cff300 DPL=3 DS   [-WA]
FS =0023 00000000 ffffffff 00cff300 DPL=3 DS   [-WA]
GS =0023 00000000 ffffffff 00cff300 DPL=3 DS   [-WA]
LDT=0000 00000000 0000ffff 00008200 DPL=0 LDT
TR =0028 00113020 00000067 00008900 DPL=0 TSS32-avl
GDT=     001130a0 0000002f
IDT=     00113100 000007ff
CR0=80000011 CR2=00000000 CR3=00002000 CR4=00000000
DR0=00000000 DR1=00000000 DR2=00000000 DR3=00000000 
DR6=ffff0ff0 DR7=00000400
CCS=00000044 CCD=00137548 CCO=EFLAGS
EFER=0000000000000000
   305: v=80 e=0000 i=1 cpl=3 IP=001b:0100011a pc=0100011a SP=0023:01403fdc env->regs[R_EAX]=00000001
EAX=00000001 EBX=00000001 ECX=01403fe4 EDX=00000001
ESI=00000001 EDI=01403fe4 EBP=01403fe3 ESP=01403fdc
EIP=0100011a EFL=00000246 [---Z-P-] CPL=3 II=0 A20=1 SMM=0 HLT=0
ES =0023 00000000 ffffffff 00cff300 DPL=3 DS   [-WA]
CS =001b 00000000 ffffffff 00cffa00 DPL=3 CS32 [-R-]
SS =0023 00000000 ffffffff 00cff300 DPL=3 DS   [-WA]
DS =0023 00000000 ffffffff 00cff300 DPL=3 DS   [-WA]
FS =0023 00000000 ffffffff 00cff300 DPL=3 DS   [-WA]
GS =0023 00000000 ffffffff 00cff300 DPL=3 DS   [-WA]
LDT=0000 00000000 0000ffff 00008200 DPL=0 LDT
TR =0028 00113020 00000067 00008900 DPL=0 TSS32-avl
GDT=     001130a0 0000002f
IDT=     00113100 000007ff
CR0=80000011 CR2=00000000 CR3=00002000 CR4=00000000
DR0=00000000 DR1=00000000 DR2=00000000 DR3=00000000 
DR6=ffff0ff0 DR7=00000400
CCS=00000009 CCD=00000000 CCO=LOGICL
EFER=0000000000000000
   306: v=80 e=0000 i=1 cpl=3 IP=001b:01000153 pc=01000153 SP=0023:01403fdc env->regs[R_EAX]=00000001
EAX=00000001 EBX=00000001 ECX=010005a7 EDX=00000001
ESI=00000001 EDI=01403fe3 EBP=01403fe3 ESP=01403fdc
EIP=01000153 EFL=00000246 [---Z-P-] CPL=3 II=0 A20=1 SMM=0 HLT=0
ES =0023 00000000 ffffffff 00cff300 DPL=3 DS   [-WA]
CS =001b 00000000 ffffffff 00cffa00 DPL=3 CS32 [-R-]
SS =0023 00000000 ffffffff 00cff300 DPL=3 DS   [-WA]
DS =0023 00000000 ffffffff 00cff300 DPL=3 DS   [-WA]
FS =0023 00000000 ffffffff 00cff300 DPL=3 DS   [-WA]
GS =0023 00000000 ffffffff 00cff300 DPL=3 DS   [-WA]
LDT=0000 00000000 0000ffff 00008200 DPL=0 LDT
TR =0028 00113020 00000067 00008900 DPL=0 TSS32-avl
GDT=     001130a0 0000002f
IDT=     00113100 000007ff
CR0=80000011 CR2=00000000 CR3=00002000 CR4=00000000
DR0=00000000 DR1=00000000 DR2=00000000 DR3=00000000 
DR6=ffff0ff0 DR7=00000400
CCS=01403fe3 CCD=00000000 CCO=SUBL
EFER=0000000000000000
   307: v=80 e=0000 i=1 cpl=3 IP=001b:01000169 pc=01000169 SP=0023:01403fdc env->regs[R_EAX]=0000000d
EAX=0000000d EBX=00000000 ECX=00000000 EDX=00000000
ESI=00000001 EDI=01403fe3 EBP=01403fe3 ESP=01403fdc
EIP=01000169 EFL=00000246 [---Z-P-] CPL=3 II=0 A20=1 SMM=0 HLT=0
ES =0023 00000000 ffffffff 00cff300 DPL=3 DS   [-WA]
CS =001b 00000000 ffffffff 00cffa00 DPL=3 CS32 [-R-]
SS =0023 00000000 ffffffff 00cff300 DPL=3 DS   [-WA]
DS =0023 00000000 ffffffff 00cff300 DPL=3 DS   [-WA]
FS =0023 00000000 ffffffff 00cff300 DPL=3 DS   [-WA]
GS =0023 00000000 ffffffff 00cff300 DPL=3 DS   [-WA]
LDT=0000 00000000 0000ffff 00008200 DPL=0 LDT
TR =0028 00113020 00000067 00008900 DPL=0 TSS32-avl
GDT=     001130a0 0000002f
IDT=     00113100 000007ff
CR0=80000011 CR2=00000000 CR3=00002000 CR4=00000000
DR0=00000000 DR1=00000000 DR2=00000000 DR3=00000000 
DR6=ffff0ff0 DR7=00000400
CCS=00000044 CCD=00137548 CCO=EFLAGS
EFER=0000000000000000
   308: v=80 e=0000 i=1 cpl=3 IP=001b:01000174 pc=01000174 SP=0023:01403fdc env->regs[R_EAX]=0000000e
EAX=0000000e EBX=00000001 ECX=00000001 EDX=00000000
ESI=00000001 EDI=01403fe3 EBP=01403fe3 ESP=01403fdc
EIP=01000174 EFL=00000246 [---Z-P-] CPL=3 II=0 A20=1 SMM=0 HLT=0
ES =0023 00000000 ffffffff 00cff300 DPL=3 DS   [-WA]
CS =001b 00000000 ffffffff 00cffa00 DPL=3 CS32 [-R-]
SS =0023 00000000 ffffffff 00cff300 DPL=3 DS   [-WA]
DS =0023 00000000 ffffffff 00cff300 DPL=3 DS   [-WA]
FS =0023 00000000 ffffffff 00cff300 DPL=3 DS   [-WA]
GS =0023 00000000 ffffffff 00cff300 DPL=3 DS   [-WA]
LDT=0000 00000000 0000ffff 00008200 DPL=0 LDT
TR =0028 00113020 00000067 00008900 DPL=0 TSS32-avl
GDT=     001130a0 0000002f
IDT=     00113100 000007ff
CR0=80000011 CR2=00000000 CR3=00002000 CR4=00000000
DR0=00000000 DR1=00000000 DR2=00000000 DR3=00000000 
DR6=ffff0ff0 DR7=00000400
CCS=00000044 CCD=00137548 CCO=EFLAGS
EFER=0000000000000000
   309: v=80 e=0000 i=1 cpl=3 IP=001b:0100017f pc=0100017f SP=0023:01403fdc env->regs[R_EAX]=0000000c
EAX=0000000c EBX=00000000 ECX=00000000 EDX=00000000
ESI=00000001 EDI=01403fe3 EBP=01403fe3 ESP=01403fdc
EIP=0100017f EFL=00000246 [---Z-P-] CPL=3 II=0 A20=1 SMM=0 HLT=0
ES =0023 00000000 ffffffff 00cff300 DPL=3 DS   [-WA]
CS =001b 00000000 ffffffff 00cffa00 DPL=3 CS32 [-R-]
SS =0023 00000000 ffffffff 00cff300 DPL=3 DS   [-WA]
DS =0023 00000000 ffffffff 00cff300 DPL=3 DS   [-WA]
FS =0023 00000000 ffffffff 00cff300 DPL=3 DS   [-WA]
GS =0023 00000000 ffffffff 00cff300 DPL=3 DS   [-WA]
LDT=0000 00000000 0000ffff 00008200 DPL=0 LDT
TR =0028 00113020 00000067 00008900 DPL=0 TSS32-avl
GDT=     001130a0 0000002f
IDT=     00113100 000007ff
CR0=80000011 CR2=00000000 CR3=00002000 CR4=00000000
DR0=00000000 DR1=00000000 DR2=00000000 DR3=00000000 
DR6=ffff0ff0 DR7=00000400
CCS=00000044 CCD=00137548 CCO=EFLAGS
EFER=0000000000000000
Servicing hardware INT=0x40
   310: v=40 e=0000 i=0 cpl=0 IP=0008:00101d81 pc=00101d81 SP=0010:00118f44 env->regs[R_EAX]=00000000
EAX=00000000 EBX=00000001 ECX=00000780 EDX=000003d5
ESI=00000000 EDI=00000000 EBP=00000000 ESP=00118f44
EIP=00101d81 EFL=00000212 [----A--] CPL=0 II=0 A20=1 SMM=0 HLT=0
ES =0010 00000000 ffffffff 00cf9300 DPL=0 DS   [-WA]
CS =0008 00000000 ffffffff 00cf9a00 DPL=0 CS32 [-R-]
SS =0010 00000000 ffffffff 00cf9300 DPL=0 DS   [-WA]
DS =0010 00000000 ffffffff 00cf9300 DPL=0 DS   [-WA]
FS =0010 00000000 ffffffff 00cf9300 DPL=0 DS   [-WA]
GS =0010 00000000 ffffffff 00cf9300 DPL=0 DS   [-WA]
LDT=0000 00000000 0000ffff 00008200 DPL=0 LDT
TR =0000 00000000 0000ffff 00008b00 DPL=0 TSS32-busy
GDT=     001130a0 0000002f
IDT=     00113100 000007ff
CR0=e0000011 CR2=00000000 CR3=0011f000 CR4=00000000
DR0=00000000 DR1=00000000 DR2=00000000 DR3=00000000 
DR6=ffff0ff0 DR7=00000400
CCS=00000010 CCD=00118f38 CCO=EFLAGS
EFER=0000000000000000
Servicing hardware INT=0x40
   311: v=40 e=0000 i=0 cpl=0 IP=0008:00101d81 pc=00101d81 SP=0010:00118f44 env->regs[R_EAX]=00000000
EAX=00000000 EBX=00000001 ECX=00000780 EDX=000003d5
ESI=00000000 EDI=00000000 EBP=00000000 ESP=00118f44
EIP=00101d81 EFL=00000212 [----A--] CPL=0 II=0 A20=1 SMM=0 HLT=0
ES =0010 00000000 ffffffff 00cf9300 DPL=0 DS   [-WA]
CS =0008 00000000 ffffffff 00cf9a00 DPL=0 CS32 [-R-]
SS =0010 00000000 ffffffff 00cf9300 DPL=0 DS   [-WA]
DS =0010 00000000 ffffffff 00cf9300 DPL=0 DS   [-WA]
FS =0010 00000000 ffffffff 00cf9300 DPL=0 DS   [-WA]
GS =0010 00000000 ffffffff 00cf9300 DPL=0 DS   [-WA]
LDT=0000 00000000 0000ffff 00008200 DPL=0 LDT
TR =0000 00000000 0000ffff 00008b00 DPL=0 TSS32-busy
GDT=     001130a0 0000002f
IDT=     00113100 000007ff
CR0=e0000011 CR2=00000000 CR3=0011f000 CR4=00000000
DR0=00000000 DR1=00000000 DR2=00000000 DR3=00000000 
DR6=ffff0ff0 DR7=00000400
CCS=00000010 CCD=00118f38 CCO=EFLAGS
EFER=0000000000000000
Servicing hardware INT=0x20
   312: v=20 e=0000 i=0 cpl=3 IP=001b:01000181 pc=01000181 SP=0023:01403fdc env->regs[R_EAX]=00000007
EAX=00000007 EBX=00000000 ECX=00000000 EDX=00000000
ESI=00000001 EDI=01403fe3 EBP=01403fe3 ESP=01403fdc
EIP=01000181 EFL=00000246 [---Z-P-] CPL=3 II=0 A20=1 SMM=0 HLT=0
ES =0023 00000000 ffffffff 00cff300 DPL=3 DS   [-WA]
CS =001b 00000000 ffffffff 00cffa00 DPL=3 CS32 [-R-]
SS =0023 00000000 ffffffff 00cff300 DPL=3 DS   [-WA]
DS =0023 00000000 ffffffff 00cff300 DPL=3 DS   [-WA]
FS =0023 00000000 ffffffff 00cff300 DPL=3 DS   [-WA]
GS =0023 00000000 ffffffff 00cff300 DPL=3 DS   [-WA]
LDT=0000 00000000 0000ffff 00008200 DPL=0 LDT
TR =0028 00113020 00000067 00008900 DPL=0 TSS32-avl
GDT=     001130a0 0000002f
IDT=     00113100 000007ff
CR0=80000011 CR2=00000000 CR3=00002000 CR4=00000000
DR0=00000000 DR1=00000000 DR2=00000000 DR3=00000000 
DR6=ffff0ff0 DR7=00000400
CCS=00000044 CCD=00137548 CCO=EFLAGS
EFER=0000000000000000
Servicing hardware INT=0x40
   313: v=40 e=0000 i=0 cpl=0 IP=0008:0010849d pc=0010849d SP=0010:00139644 env->regs[R_EAX]=001063d0
EAX=001063d0 EBX=00000000 ECX=00137598 EDX=0011f000
ESI=00000000 EDI=00000000 EBP=00000000 ESP=00139644
EIP=0010849d EFL=00000212 [----A--] CPL=0 II=0 A20=1 SMM=0 HLT=0
ES =0010 00000000 ffffffff 00cf9300 DPL=0 DS   [-WA]
CS =0008 00000000 ffffffff 00cf9a00 DPL=0 CS32 [-R-]
SS =0010 00000000 ffffffff 00cf9300 DPL=0 DS   [-WA]
DS =0010 00000000 ffffffff 00cf9300 DPL=0 DS   [-WA]
FS =0010 00000000 ffffffff 00cf9300 DPL=0 DS   [-WA]
GS =0010 00000000 ffffffff 00cf9300 DPL=0 DS   [-WA]
LDT=0000 00000000 0000ffff 00008200 DPL=0 LDT
TR =0028 00113020 00000067 00008900 DPL=0 TSS32-avl
GDT=     001130a0 0000002f
IDT=     00113100 000007ff
CR0=80000011 CR2=00000000 CR3=0000b000 CR4=00000000
DR0=00000000 DR1=00000000 DR2=00000000 DR3=00000000 
DR6=ffff0ff0 DR7=00000400
CCS=00000028 CCD=001354b0 CCO=ADDL
EFER=0000000000000000
Servicing hardware INT=0x20
   314: v=20 e=0000 i=0 cpl=0 IP=0008:00104023 pc=00104023 SP=0010:0013960c env->regs[R_EAX]=000b875e
EAX=000b875e EBX=00000720 ECX=000b8780 EDX=00000c20
ESI=00000000 EDI=00000000 EBP=00000000 ESP=0013960c
EIP=00104023 EFL=00000216 [----AP-] CPL=0 II=0 A20=1 SMM=0 HLT=0
ES =0010 00000000 ffffffff 00cf9300 DPL=0 DS   [-WA]
CS =0008 00000000 ffffffff 00cf9a00 DPL=0 CS32 [-R-]
SS =0010 00000000 ffffffff 00cf9300 DPL=0 DS   [-WA]
DS =0010 00000000 ffffffff 00cf9300 DPL=0 DS   [-WA]
FS =0010 00000000 ffffffff 00cf9300 DPL=0 DS   [-WA]
GS =0010 00000000 ffffffff 00cf9300 DPL=0 DS   [-WA]
LDT=0000 00000000 0000ffff 00008200 DPL=0 LDT
TR =0028 00113020 00000067 00008900 DPL=0 TSS32-avl
GDT=     001130a0 0000002f
IDT=     00113100 000007ff
CR0=80000011 CR2=00000000 CR3=0000b000 CR4=00000000
DR0=00000000 DR1=00000000 DR2=00000000 DR3=00000000 
DR6=ffff0ff0 DR7=00000400
CCS=00000014 CCD=00000022 CCO=EFLAGS
EFER=0000000000000000
Servicing hardware INT=0x40
   315: v=40 e=0000 i=0 cpl=0 IP=0008:00104023 pc=00104023 SP=0010:00112ea0 env->regs[R_EAX]=000b81ea
EAX=000b81ea EBX=00000720 ECX=000b8280 EDX=00000c20
ESI=00000000 EDI=00000000 EBP=00000000 ESP=00112ea0
EIP=00104023 EFL=00000216 [----AP-] CPL=0 II=0 A20=1 SMM=0 HLT=0
ES =0010 00000000 ffffffff 00cf9300 DPL=0 DS   [-WA]
CS =0008 00000000 ffffffff 00cf9a00 DPL=0 CS32 [-R-]
SS =0010 00000000 ffffffff 00cf9300 DPL=0 DS   [-WA]
DS =0010 00000000 ffffffff 00cf9300 DPL=0 DS   [-WA]
FS =0010 00000000 ffffffff 00cf9300 DPL=0 DS   [-WA]
GS =0010 00000000 ffffffff 00cf9300 DPL=0 DS   [-WA]
LDT=0000 00000000 0000ffff 00008200 DPL=0 LDT
TR =0028 00113020 00000067 00008900 DPL=0 TSS32-avl
GDT=     001130a0 0000002f
IDT=     00113100 000007ff
CR0=80000011 CR2=00000000 CR3=0011f000 CR4=00000000
DR0=00000000 DR1=00000000 DR2=00000000 DR3=00000000 
DR6=ffff0ff0 DR7=00000400
CCS=00000014 CCD=00000096 CCO=EFLAGS
EFER=0000000000000000
Servicing hardware INT=0x40
   316: v=40 e=0000 i=0 cpl=0 IP=0008:00101d81 pc=00101d81 SP=0010:00118f44 env->regs[R_EAX]=00000000
EAX=00000000 EBX=00000001 ECX=00000780 EDX=000003d5
ESI=00000000 EDI=00000000 EBP=00000000 ESP=00118f44
EIP=00101d81 EFL=00000212 [----A--] CPL=0 II=0 A20=1 SMM=0 HLT=0
ES =0010 00000000 ffffffff 00cf9300 DPL=0 DS   [-WA]
CS =0008 00000000 ffffffff 00cf9a00 DPL=0 CS32 [-R-]
SS =0010 00000000 ffffffff 00cf9300 DPL=0 DS   [-WA]
DS =0010 00000000 ffffffff 00cf9300 DPL=0 DS   [-WA]
FS =0010 00000000 ffffffff 00cf9300 DPL=0 DS   [-WA]
GS =0010 00000000 ffffffff 00cf9300 DPL=0 DS   [-WA]
LDT=0000 00000000 0000ffff 00008200 DPL=0 LDT
TR =0000 00000000 0000ffff 00008b00 DPL=0 TSS32-busy
GDT=     001130a0 0000002f
IDT=     00113100 000007ff
CR0=e0000011 CR2=00000000 CR3=0011f000 CR4=00000000
DR0=00000000 DR1=00000000 DR2=00000000 DR3=00000000 
DR6=ffff0ff0 DR7=00000400
CCS=00000010 CCD=00118f38 CCO=EFLAGS
EFER=0000000000000000
Servicing hardware INT=0x20
   317: v=20 e=0000 i=0 cpl=0 IP=0008:00100a11 pc=00100a11 SP=0010:00112eb8 env->regs[R_EAX]=0000000d
EAX=0000000d EBX=001333a0 ECX=00000000 EDX=000003f8
ESI=00000000 EDI=00000000 EBP=00000000 ESP=00112eb8
EIP=00100a11 EFL=00000216 [----AP-] CPL=0 II=0 A20=1 SMM=0 HLT=0
ES =0010 00000000 ffffffff 00cf9300 DPL=0 DS   [-WA]
CS =0008 00000000 ffffffff 00cf9a00 DPL=0 CS32 [-R-]
SS =0010 00000000 ffffffff 00cf9300 DPL=0 DS   [-WA]
DS =0010 00000000 ffffffff 00cf9300 DPL=0 DS   [-WA]
FS =0010 00000000 ffffffff 00cf9300 DPL=0 DS   [-WA]
GS =0010 00000000 ffffffff 00cf9300 DPL=0 DS   [-WA]
LDT=0000 00000000 0000ffff 00008200 DPL=0 LDT
TR =0028 00113020 00000067 00008900 DPL=0 TSS32-avl
GDT=     001130a0 0000002f
IDT=     00113100 000007ff
CR0=80000011 CR2=00000000 CR3=0011f000 CR4=00000000
DR0=00000000 DR1=00000000 DR2=00000000 DR3=00000000 
DR6=ffff0ff0 DR7=00000400
CCS=00000014 CCD=00112eb4 CCO=EFLAGS
EFER=0000000000000000
Servicing hardware INT=0x40
   318: v=40 e=0000 i=0 cpl=0 IP=0008:00106236 pc=00106236 SP=0010:0012f19c env->regs[R_EAX]=5147ae14
EAX=5147ae14 EBX=00000000 ECX=0012d110 EDX=0011f000
ESI=00000000 EDI=00000000 EBP=00000000 ESP=0012f19c
EIP=00106236 EFL=00000206 [-----P-] CPL=0 II=0 A20=1 SMM=0 HLT=0
ES =0010 00000000 ffffffff 00cf9300 DPL=0 DS   [-WA]
CS =0008 00000000 ffffffff 00cf9a00 DPL=0 CS32 [-R-]
SS =0010 00000000 ffffffff 00cf9300 DPL=0 DS   [-WA]
DS =0010 00000000 ffffffff 00cf9300 DPL=0 DS   [-WA]
FS =0010 00000000 ffffffff 00cf9300 DPL=0 DS   [-WA]
GS =0010 00000000 ffffffff 00cf9300 DPL=0 DS   [-WA]
LDT=0000 00000000 0000ffff 00008200 DPL=0 LDT
TR =0028 00113020 00000067 00008900 DPL=0 TSS32-avl
GDT=     001130a0 0000002f
IDT=     00113100 000007ff
CR0=80000011 CR2=00000000 CR3=0011f000 CR4=00000000
DR0=00000000 DR1=00000000 DR2=00000000 DR3=00000000 
DR6=ffff0ff0 DR7=00000400
CCS=00000004 CCD=50000000 CCO=EFLAGS
EFER=0000000000000000
Servicing hardware INT=0x40
   319: v=40 e=0000 i=0 cpl=0 IP=0008:00101d81 pc=00101d81 SP=0010:00118f44 env->regs[R_EAX]=00000000
EAX=00000000 EBX=00000001 ECX=00000780 EDX=000003d5
ESI=00000000 EDI=00000000 EBP=00000000 ESP=00118f44
EIP=00101d81 EFL=00000212 [----A--] CPL=0 II=0 A20=1 SMM=0 HLT=0
ES =0010 00000000 ffffffff 00cf9300 DPL=0 DS   [-WA]
CS =0008 00000000 ffffffff 00cf9a00 DPL=0 CS32 [-R-]
SS =0010 00000000 ffffffff 00cf9300 DPL=0 DS   [-WA]
DS =0010 00000000 ffffffff 00cf9300 DPL=0 DS   [-WA]
FS =0010 00000000 ffffffff 00cf9300 DPL=0 DS   [-WA]
GS =0010 00000000 ffffffff 00cf9300 DPL=0 DS   [-WA]
LDT=0000 00000000 0000ffff 00008200 DPL=0 LDT
TR =0000 00000000 0000ffff 00008b00 DPL=0 TSS32-busy
GDT=     001130a0 0000002f
IDT=     00113100 000007ff
CR0=e0000011 CR2=00000000 CR3=0011f000 CR4=00000000
DR0=00000000 DR1=00000000 DR2=00000000 DR3=00000000 
DR6=ffff0ff0 DR7=00000400
CCS=00000010 CCD=00118f38 CCO=EFLAGS
EFER=0000000000000000
Servicing hardware INT=0x20
   320: v=20 e=0000 i=0 cpl=0 IP=0008:00106236 pc=00106236 SP=0010:0012f19c env->regs[R_EAX]=69999999
EAX=69999999 EBX=00000000 ECX=0012d110 EDX=0011f000
ESI=00000000 EDI=00000000 EBP=00000000 ESP=0012f19c
EIP=00106236 EFL=00000202 [-------] CPL=0 II=0 A20=1 SMM=0 HLT=0
ES =0010 00000000 ffffffff 00cf9300 DPL=0 DS   [-WA]
CS =0008 00000000 ffffffff 00cf9a00 DPL=0 CS32 [-R-]
SS =0010 00000000 ffffffff 00cf9300 DPL=0 DS   [-WA]
DS =0010 00000000 ffffffff 00cf9300 DPL=0 DS   [-WA]
FS =0010 00000000 ffffffff 00cf9300 DPL=0 DS   [-WA]
GS =0010 00000000 ffffffff 00cf9300 DPL=0 DS   [-WA]
LDT=0000 00000000 0000ffff 00008200 DPL=0 LDT
TR =0028 00113020 00000067 00008900 DPL=0 TSS32-avl
GDT=     001130a0 0000002f
IDT=     00113100 000007ff
CR0=80000011 CR2=00000000 CR3=0011f000 CR4=00000000
DR0=00000000 DR1=00000000 DR2=00000000 DR3=00000000 
DR6=ffff0ff0 DR7=00000400
CCS=00000000 CCD=6851eb85 CCO=EFLAGS
EFER=0000000000000000
Servicing hardware INT=0x40
   321: v=40 e=0000 i=0 cpl=0 IP=0008:00104831 pc=00104831 SP=0010:00131280 env->regs[R_EAX]=0000009d
EAX=0000009d EBX=00000003 ECX=00000000 EDX=00000032
ESI=00000000 EDI=00000000 EBP=00000000 ESP=00131280
EIP=00104831 EFL=00000293 [--S-A-C] CPL=0 II=0 A20=1 SMM=0 HLT=0
ES =0010 00000000 ffffffff 00cf9300 DPL=0 DS   [-WA]
CS =0008 00000000 ffffffff 00cf9a00 DPL=0 CS32 [-R-]
SS =0010 00000000 ffffffff 00cf9300 DPL=0 DS   [-WA]
DS =0010 00000000 ffffffff 00cf9300 DPL=0 DS   [-WA]
FS =0010 00000000 ffffffff 00cf9300 DPL=0 DS   [-WA]
GS =0010 00000000 ffffffff 00cf9300 DPL=0 DS   [-WA]
LDT=0000 00000000 0000ffff 00008200 DPL=0 LDT
TR =0028 00113020 00000067 00008900 DPL=0 TSS32-avl
GDT=     001130a0 0000002f
IDT=     00113100 000007ff
CR0=80000011 CR2=00000000 CR3=0011f000 CR4=00000000
DR0=00000000 DR1=00000000 DR2=00000000 DR3=00000000 
DR6=ffff0ff0 DR7=00000400
CCS=00000091 CCD=ffffffd5 CCO=EFLAGS
EFER=0000000000000000
Servicing hardware INT=0x40
   322: v=40 e=0000 i=0 cpl=0 IP=0008:00101d81 pc=00101d81 SP=0010:00118f44 env->regs[R_EAX]=00000000
EAX=00000000 EBX=00000001 ECX=00000780 EDX=000003d5
ESI=00000000 EDI=00000000 EBP=00000000 ESP=00118f44
EIP=00101d81 EFL=00000212 [----A--] CPL=0 II=0 A20=1 SMM=0 HLT=0
ES =0010 00000000 ffffffff 00cf9300 DPL=0 DS   [-WA]
CS =0008 00000000 ffffffff 00cf9a00 DPL=0 CS32 [-R-]
SS =0010 00000000 ffffffff 00cf9300 DPL=0 DS   [-WA]
DS =0010 00000000 ffffffff 00cf9300 DPL=0 DS   [-WA]
FS =0010 00000000 ffffffff 00cf9300 DPL=0 DS   [-WA]
GS =0010 00000000 ffffffff 00cf9300 DPL=0 DS   [-WA]
LDT=0000 00000000 0000ffff 00008200 DPL=0 LDT
TR =0000 00000000 0000ffff 00008b00 DPL=0 TSS32-busy
GDT=     001130a0 0000002f
IDT=     00113100 000007ff
CR0=e0000011 CR2=00000000 CR3=0011f000 CR4=00000000
DR0=00000000 DR1=00000000 DR2=00000000 DR3=00000000 
DR6=ffff0ff0 DR7=00000400
CCS=00000010 CCD=00118f38 CCO=EFLAGS
EFER=0000000000000000
Servicing hardware INT=0x20
   323: v=20 e=0000 i=0 cpl=0 IP=0008:00104831 pc=00104831 SP=0010:00131280 env->regs[R_EAX]=0000009d
EAX=0000009d EBX=00000003 ECX=00000000 EDX=00000032
ESI=00000000 EDI=00000000 EBP=00000000 ESP=00131280
EIP=00104831 EFL=00000293 [--S-A-C] CPL=0 II=0 A20=1 SMM=0 HLT=0
ES =0010 00000000 ffffffff 00cf9300 DPL=0 DS   [-WA]
CS =0008 00000000 ffffffff 00cf9a00 DPL=0 CS32 [-R-]
SS =0010 00000000 ffffffff 00cf9300 DPL=0 DS   [-WA]
DS =0010 00000000 ffffffff 00cf9300 DPL=0 DS   [-WA]
FS =0010 00000000 ffffffff 00cf9300 DPL=0 DS   [-WA]
GS =0010 00000000 ffffffff 00cf9300 DPL=0 DS   [-WA]
LDT=0000 00000000 0000ffff 00008200 DPL=0 LDT
TR =0028 00113020 00000067 00008900 DPL=0 TSS32-avl
GDT=     001130a0 0000002f
IDT=     00113100 000007ff
CR0=80000011 CR2=00000000 CR3=0011f000 CR4=00000000
DR0=00000000 DR1=00000000 DR2=00000000 DR3=00000000 
DR6=ffff0ff0 DR7=00000400
CCS=00000091 CCD=ffffffd5 CCO=EFLAGS
EFER=0000000000000000
Servicing hardware INT=0x40
   324: v=40 e=0000 i=0 cpl=0 IP=0008:00104831 pc=00104831 SP=0010:00133368 env->regs[R_EAX]=000000b2
EAX=000000b2 EBX=00000003 ECX=00000000 EDX=00000046
ESI=00000000 EDI=00000000 EBP=00000000 ESP=00133368
EIP=00104831 EFL=00000283 [--S---C] CPL=0 II=0 A20=1 SMM=0 HLT=0
ES =0010 00000000 ffffffff 00cf9300 DPL=0 DS   [-WA]
CS =0008 00000000 ffffffff 00cf9a00 DPL=0 CS32 [-R-]
SS =0010 00000000 ffffffff 00cf9300 DPL=0 DS   [-WA]
DS =0010 00000000 ffffffff 00cf9300 DPL=0 DS   [-WA]
FS =0010 00000000 ffffffff 00cf9300 DPL=0 DS   [-WA]
GS =0010 00000000 ffffffff 00cf9300 DPL=0 DS   [-WA]
LDT=0000 00000000 0000ffff 00008200 DPL=0 LDT
TR =0028 00113020 00000067 00008900 DPL=0 TSS32-avl
GDT=     001130a0 0000002f
IDT=     00113100 000007ff
CR0=80000011 CR2=00000000 CR3=0011f000 CR4=00000000
DR0=00000000 DR1=00000000 DR2=00000000 DR3=00000000 
DR6=ffff0ff0 DR7=00000400
CCS=00000081 CCD=ffffffc1 CCO=EFLAGS
EFER=0000000000000000
Servicing hardware INT=0x40
   325: v=40 e=0000 i=0 cpl=0 IP=0008:00101d81 pc=00101d81 SP=0010:00118f44 env->regs[R_EAX]=00000000
EAX=00000000 EBX=00000001 ECX=00000780 EDX=000003d5
ESI=00000000 EDI=00000000 EBP=00000000 ESP=00118f44
EIP=00101d81 EFL=00000212 [----A--] CPL=0 II=0 A20=1 SMM=0 HLT=0
ES =0010 00000000 ffffffff 00cf9300 DPL=0 DS   [-WA]
CS =0008 00000000 ffffffff 00cf9a00 DPL=0 CS32 [-R-]
SS =0010 00000000 ffffffff 00cf9300 DPL=0 DS   [-WA]
DS =0010 00000000 ffffffff 00cf9300 DPL=0 DS   [-WA]
FS =0010 00000000 ffffffff 00cf9300 DPL=0 DS   [-WA]
GS =0010 00000000 ffffffff 00cf9300 DPL=0 DS   [-WA]
LDT=0000 00000000 0000ffff 00008200 DPL=0 LDT
TR =0000 00000000 0000ffff 00008b00 DPL=0 TSS32-busy
GDT=     001130a0 0000002f
IDT=     00113100 000007ff
CR0=e0000011 CR2=00000000 CR3=0011f000 CR4=00000000
DR0=00000000 DR1=00000000 DR2=00000000 DR3=00000000 
DR6=ffff0ff0 DR7=00000400
CCS=00000010 CCD=00118f38 CCO=EFLAGS
EFER=0000000000000000
Servicing hardware INT=0x20
   326: v=20 e=0000 i=0 cpl=0 IP=0008:00104831 pc=00104831 SP=0010:00133368 env->regs[R_EAX]=000000b2
EAX=000000b2 EBX=00000003 ECX=00000000 EDX=00000046
ESI=00000000 EDI=00000000 EBP=00000000 ESP=00133368
EIP=00104831 EFL=00000283 [--S---C] CPL=0 II=0 A20=1 SMM=0 HLT=0
ES =0010 00000000 ffffffff 00cf9300 DPL=0 DS   [-WA]
CS =0008 00000000 ffffffff 00cf9a00 DPL=0 CS32 [-R-]
SS =0010 00000000 ffffffff 00cf9300 DPL=0 DS   [-WA]
DS =0010 00000000 ffffffff 00cf9300 DPL=0 DS   [-WA]
FS =0010 00000000 ffffffff 00cf9300 DPL=0 DS   [-WA]
GS =0010 00000000 ffffffff 00cf9300 DPL=0 DS   [-WA]
LDT=0000 00000000 0000ffff 00008200 DPL=0 LDT
TR =0028 00113020 00000067 00008900 DPL=0 TSS32-avl
GDT=     001130a0 0000002f
IDT=     00113100 000007ff
CR0=80000011 CR2=00000000 CR3=0011f000 CR4=00000000
DR0=00000000 DR1=00000000 DR2=00000000 DR3=00000000 
DR6=ffff0ff0 DR7=00000400
CCS=00000081 CCD=ffffffc1 CCO=EFLAGS
EFER=0000000000000000
Servicing hardware INT=0x40
   327: v=40 e=0000 i=0 cpl=0 IP=0008:00104b51 pc=00104b51 SP=0010:00135450 env->regs[R_EAX]=00000000
EAX=00000000 EBX=00000000 ECX=00123280 EDX=00000000
ESI=00000000 EDI=00000000 EBP=00000000 ESP=00135450
EIP=00104b51 EFL=00000246 [---Z-P-] CPL=0 II=0 A20=1 SMM=0 HLT=0
ES =0010 00000000 ffffffff 00cf9300 DPL=0 DS   [-WA]
CS =0008 00000000 ffffffff 00cf9a00 DPL=0 CS32 [-R-]
SS =0010 00000000 ffffffff 00cf9300 DPL=0 DS   [-WA]
DS =0010 00000000 ffffffff 00cf9300 DPL=0 DS   [-WA]
FS =0010 00000000 ffffffff 00cf9300 DPL=0 DS   [-WA]
GS =0010 00000000 ffffffff 00cf9300 DPL=0 DS   [-WA]
LDT=0000 00000000 0000ffff 00008200 DPL=0 LDT
TR =0028 00113020 00000067 00008900 DPL=0 TSS32-avl
GDT=     001130a0 0000002f
IDT=     00113100 000007ff
CR0=80000011 CR2=00000000 CR3=0011f000 CR4=00000000
DR0=00000000 DR1=00000000 DR2=00000000 DR3=00000000 
DR6=ffff0ff0 DR7=00000400
CCS=00000044 CCD=00000000 CCO=EFLAGS
EFER=0000000000000000
Servicing hardware INT=0x40
   328: v=40 e=0000 i=0 cpl=0 IP=0008:00101d81 pc=00101d81 SP=0010:00118f44 env->regs[R_EAX]=00000000
EAX=00000000 EBX=00000001 ECX=00000780 EDX=000003d5
ESI=00000000 EDI=00000000 EBP=00000000 ESP=00118f44
EIP=00101d81 EFL=00000212 [----A--] CPL=0 II=0 A20=1 SMM=0 HLT=0
ES =0010 00000000 ffffffff 00cf9300 DPL=0 DS   [-WA]
CS =0008 00000000 ffffffff 00cf9a00 DPL=0 CS32 [-R-]
SS =0010 00000000 ffffffff 00cf9300 DPL=0 DS   [-WA]
DS =0010 00000000 ffffffff 00cf9300 DPL=0 DS   [-WA]
FS =0010 00000000 ffffffff 00cf9300 DPL=0 DS   [-WA]
GS =0010 00000000 ffffffff 00cf9300 DPL=0 DS   [-WA]
LDT=0000 00000000 0000ffff 00008200 DPL=0 LDT
TR =0000 00000000 0000ffff 00008b00 DPL=0 TSS32-busy
GDT=     001130a0 0000002f
IDT=     00113100 000007ff
CR0=e0000011 CR2=00000000 CR3=0011f000 CR4=00000000
DR0=00000000 DR1=00000000 DR2=00000000 DR3=00000000 
DR6=ffff0ff0 DR7=00000400
CCS=00000010 CCD=00118f38 CCO=EFLAGS
EFER=0000000000000000
Servicing hardware INT=0x20
   329: v=20 e=0000 i=0 cpl=0 IP=0008:00104b51 pc=00104b51 SP=0010:00135450 env->regs[R_EAX]=00000000
EAX=00000000 EBX=00000000 ECX=00123280 EDX=00000000
ESI=00000000 EDI=00000000 EBP=00000000 ESP=00135450
EIP=00104b51 EFL=00000246 [---Z-P-] CPL=0 II=0 A20=1 SMM=0 HLT=0
ES =0010 00000000 ffffffff 00cf9300 DPL=0 DS   [-WA]
CS =0008 00000000 ffffffff 00cf9a00 DPL=0 CS32 [-R-]
SS =0010 00000000 ffffffff 00cf9300 DPL=0 DS   [-WA]
DS =0010 00000000 ffffffff 00cf9300 DPL=0 DS   [-WA]
FS =0010 00000000 ffffffff 00cf9300 DPL=0 DS   [-WA]
GS =0010 00000000 ffffffff 00cf9300 DPL=0 DS   [-WA]
LDT=0000 00000000 0000ffff 00008200 DPL=0 LDT
TR =0028 00113020 00000067 00008900 DPL=0 TSS32-avl
GDT=     001130a0 0000002f
IDT=     00113100 000007ff
CR0=80000011 CR2=00000000 CR3=0011f000 CR4=00000000
DR0=00000000 DR1=00000000 DR2=00000000 DR3=00000000 
DR6=ffff0ff0 DR7=00000400
CCS=00000044 CCD=00000000 CCO=EFLAGS
EFER=0000000000000000
   330: v=80 e=0000 i=1 cpl=3 IP=001b:0100028d pc=0100028d SP=0023:01403fdc env->regs[R_EAX]=00000001
EAX=00000001 EBX=00000001 ECX=01000567 EDX=00000016
ESI=00000001 EDI=00000007 EBP=01403fe3 ESP=01403fdc
EIP=0100028d EFL=00000202 [-------] CPL=3 II=0 A20=1 SMM=0 HLT=0
ES =0023 00000000 ffffffff 00cff300 DPL=3 DS   [-WA]
CS =001b 00000000 ffffffff 00cffa00 DPL=3 CS32 [-R-]
SS =0023 00000000 ffffffff 00cff300 DPL=3 DS   [-WA]
DS =0023 00000000 ffffffff 00cff300 DPL=3 DS   [-WA]
FS =0023 00000000 ffffffff 00cff300 DPL=3 DS   [-WA]
GS =0023 00000000 ffffffff 00cff300 DPL=3 DS   [-WA]
LDT=0000 00000000 0000ffff 00008200 DPL=0 LDT
TR =0028 00113020 00000067 00008900 DPL=0 TSS32-avl
GDT=     001130a0 0000002f
IDT=     00113100 000007ff
CR0=80000011 CR2=00000000 CR3=00002000 CR4=00000000
DR0=00000000 DR1=00000000 DR2=00000000 DR3=00000000 
DR6=ffff0ff0 DR7=00000400
CCS=00000044 CCD=00000007 CCO=LOGICL
EFER=0000000000000000
   331: v=80 e=0000 i=1 cpl=3 IP=001b:0100046e pc=0100046e SP=0023:01403fb8 env->regs[R_EAX]=00000001
EAX=00000001 EBX=00000001 ECX=01403fbc EDX=00000001
ESI=01403fbc EDI=01403fbb EBP=01403fe3 ESP=01403fb8
EIP=0100046e EFL=00000246 [---Z-P-] CPL=3 II=0 A20=1 SMM=0 HLT=0
ES =0023 00000000 ffffffff 00cff300 DPL=3 DS   [-WA]
CS =001b 00000000 ffffffff 00cffa00 DPL=3 CS32 [-R-]
SS =0023 00000000 ffffffff 00cff300 DPL=3 DS   [-WA]
DS =0023 00000000 ffffffff 00cff300 DPL=3 DS   [-WA]
FS =0023 00000000 ffffffff 00cff300 DPL=3 DS   [-WA]
GS =0023 00000000 ffffffff 00cff300 DPL=3 DS   [-WA]
LDT=0000 00000000 0000ffff 00008200 DPL=0 LDT
TR =0028 00113020 00000067 00008900 DPL=0 TSS32-avl
GDT=     001130a0 0000002f
IDT=     00113100 000007ff
CR0=80000011 CR2=00000000 CR3=00002000 CR4=00000000
DR0=00000000 DR1=00000000 DR2=00000000 DR3=00000000 
DR6=ffff0ff0 DR7=00000400
CCS=00000009 CCD=00000000 CCO=LOGICL
EFER=0000000000000000
Servicing hardware INT=0x40
   332: v=40 e=0000 i=0 cpl=3 IP=001b:01000470 pc=01000470 SP=0023:01403fb8 env->regs[R_EAX]=00000001
EAX=00000001 EBX=00000001 ECX=01403fbc EDX=00000001
ESI=01403fbc EDI=01403fbb EBP=01403fe3 ESP=01403fb8
EIP=01000470 EFL=00000246 [---Z-P-] CPL=3 II=0 A20=1 SMM=0 HLT=0
ES =0023 00000000 ffffffff 00cff300 DPL=3 DS   [-WA]
CS =001b 00000000 ffffffff 00cffa00 DPL=3 CS32 [-R-]
SS =0023 00000000 ffffffff 00cff300 DPL=3 DS   [-WA]
DS =0023 00000000 ffffffff 00cff300 DPL=3 DS   [-WA]
FS =0023 00000000 ffffffff 00cff300 DPL=3 DS   [-WA]
GS =0023 00000000 ffffffff 00cff300 DPL=3 DS   [-WA]
LDT=0000 00000000 0000ffff 00008200 DPL=0 LDT
TR =0028 00113020 00000067 00008900 DPL=0 TSS32-avl
GDT=     001130a0 0000002f
IDT=     00113100 000007ff
CR0=80000011 CR2=00000000 CR3=00002000 CR4=00000000
DR0=00000000 DR1=00000000 DR2=00000000 DR3=00000000 
DR6=ffff0ff0 DR7=00000400
CCS=00000044 CCD=00137548 CCO=EFLAGS
EFER=0000000000000000
   333: v=80 e=0000 i=1 cpl=3 IP=001b:010002a7 pc=010002a7 SP=0023:01403fdc env->regs[R_EAX]=00000001
EAX=00000001 EBX=00000001 ECX=0100057e EDX=00000009
ESI=00000001 EDI=00000007 EBP=01403fe3 ESP=01403fdc
EIP=010002a7 EFL=00000206 [-----P-] CPL=3 II=0 A20=1 SMM=0 HLT=0
ES =0023 00000000 ffffffff 00cff300 DPL=3 DS   [-WA]
CS =001b 00000000 ffffffff 00cffa00 DPL=3 CS32 [-R-]
SS =0023 00000000 ffffffff 00cff300 DPL=3 DS   [-WA]
DS =0023 00000000 ffffffff 00cff300 DPL=3 DS   [-WA]
FS =0023 00000000 ffffffff 00cff300 DPL=3 DS   [-WA]
GS =0023 00000000 ffffffff 00cff300 DPL=3 DS   [-WA]
LDT=0000 00000000 0000ffff 00008200 DPL=0 LDT
TR =0028 00113020 00000067 00008900 DPL=0 TSS32-avl
GDT=     001130a0 0000002f
IDT=     00113100 000007ff
CR0=80000011 CR2=00000000 CR3=00002000 CR4=00000000
DR0=00000000 DR1=00000000 DR2=00000000 DR3=00000000 
DR6=ffff0ff0 DR7=00000400
CCS=00000020 CCD=01403fd8 CCO=ADDL
EFER=0000000000000000
   334: v=80 e=0000 i=1 cpl=3 IP=001b:01000486 pc=01000486 SP=0023:01403fb8 env->regs[R_EAX]=00000001
EAX=00000001 EBX=00000001 ECX=01403fbd EDX=00000001
ESI=01403fbd EDI=01403fbb EBP=01403fe3 ESP=01403fb8
EIP=01000486 EFL=00000202 [-------] CPL=3 II=0 A20=1 SMM=0 HLT=0
ES =0023 00000000 ffffffff 00cff300 DPL=3 DS   [-WA]
CS =001b 00000000 ffffffff 00cffa00 DPL=3 CS32 [-R-]
SS =0023 00000000 ffffffff 00cff300 DPL=3 DS   [-WA]
DS =0023 00000000 ffffffff 00cff300 DPL=3 DS   [-WA]
FS =0023 00000000 ffffffff 00cff300 DPL=3 DS   [-WA]
GS =0023 00000000 ffffffff 00cff300 DPL=3 DS   [-WA]
LDT=0000 00000000 0000ffff 00008200 DPL=0 LDT
TR =0028 00113020 00000067 00008900 DPL=0 TSS32-avl
GDT=     001130a0 0000002f
IDT=     00113100 000007ff
CR0=80000011 CR2=00000000 CR3=00002000 CR4=00000000
DR0=00000000 DR1=00000000 DR2=00000000 DR3=00000000 
DR6=ffff0ff0 DR7=00000400
CCS=00000009 CCD=00000001 CCO=LOGICL
EFER=0000000000000000
   335: v=80 e=0000 i=1 cpl=3 IP=001b:0100048d pc=0100048d SP=0023:01403fb8 env->regs[R_EAX]=00000001
EAX=00000001 EBX=00000001 ECX=01403fbc EDX=00000001
ESI=01403fbd EDI=01403fbb EBP=01403fe3 ESP=01403fb8
EIP=0100048d EFL=00000202 [-------] CPL=3 II=0 A20=1 SMM=0 HLT=0
ES =0023 00000000 ffffffff 00cff300 DPL=3 DS   [-WA]
CS =001b 00000000 ffffffff 00cffa00 DPL=3 CS32 [-R-]
SS =0023 00000000 ffffffff 00cff300 DPL=3 DS   [-WA]
DS =0023 00000000 ffffffff 00cff300 DPL=3 DS   [-WA]
FS =0023 00000000 ffffffff 00cff300 DPL=3 DS   [-WA]
GS =0023 00000000 ffffffff 00cff300 DPL=3 DS   [-WA]
LDT=0000 00000000 0000ffff 00008200 DPL=0 LDT
TR =0028 00113020 00000067 00008900 DPL=0 TSS32-avl
GDT=     001130a0 0000002f
IDT=     00113100 000007ff
CR0=80000011 CR2=00000000 CR3=00002000 CR4=00000000
DR0=00000000 DR1=00000000 DR2=00000000 DR3=00000000 
DR6=ffff0ff0 DR7=00000400
CCS=00000000 CCD=00137548 CCO=EFLAGS
EFER=0000000000000000
   336: v=80 e=0000 i=1 cpl=3 IP=001b:010002be pc=010002be SP=0023:01403fdc env->regs[R_EAX]=00000001
EAX=00000001 EBX=00000001 ECX=010005a7 EDX=00000001
ESI=00000001 EDI=00000007 EBP=01403fe3 ESP=01403fdc
EIP=010002be EFL=00000206 [-----P-] CPL=3 II=0 A20=1 SMM=0 HLT=0
ES =0023 00000000 ffffffff 00cff300 DPL=3 DS   [-WA]
CS =001b 00000000 ffffffff 00cffa00 DPL=3 CS32 [-R-]
SS =0023 00000000 ffffffff 00cff300 DPL=3 DS   [-WA]
DS =0023 00000000 ffffffff 00cff300 DPL=3 DS   [-WA]
FS =0023 00000000 ffffffff 00cff300 DPL=3 DS   [-WA]
GS =0023 00000000 ffffffff 00cff300 DPL=3 DS   [-WA]
LDT=0000 00000000 0000ffff 00008200 DPL=0 LDT
TR =0028 00113020 00000067 00008900 DPL=0 TSS32-avl
GDT=     001130a0 0000002f
IDT=     00113100 000007ff
CR0=80000011 CR2=00000000 CR3=00002000 CR4=00000000
DR0=00000000 DR1=00000000 DR2=00000000 DR3=00000000 
DR6=ffff0ff0 DR7=00000400
CCS=00000020 CCD=01403fd8 CCO=ADDL
EFER=0000000000000000
Servicing hardware INT=0x40
   337: v=40 e=0000 i=0 cpl=0 IP=0008:00101d81 pc=00101d81 SP=0010:00118f44 env->regs[R_EAX]=00000000
EAX=00000000 EBX=00000001 ECX=00000780 EDX=000003d5
ESI=00000000 EDI=00000000 EBP=00000000 ESP=00118f44
EIP=00101d81 EFL=00000212 [----A--] CPL=0 II=0 A20=1 SMM=0 HLT=0
ES =0010 00000000 ffffffff 00cf9300 DPL=0 DS   [-WA]
CS =0008 00000000 ffffffff 00cf9a00 DPL=0 CS32 [-R-]
SS =0010 00000000 ffffffff 00cf9300 DPL=0 DS   [-WA]
DS =0010 00000000 ffffffff 00cf9300 DPL=0 DS   [-WA]
FS =0010 00000000 ffffffff 00cf9300 DPL=0 DS   [-WA]
GS =0010 00000000 ffffffff 00cf9300 DPL=0 DS   [-WA]
LDT=0000 00000000 0000ffff 00008200 DPL=0 LDT
TR =0000 00000000 0000ffff 00008b00 DPL=0 TSS32-busy
GDT=     001130a0 0000002f
IDT=     00113100 000007ff
CR0=e0000011 CR2=00000000 CR3=0011f000 CR4=00000000
DR0=00000000 DR1=00000000 DR2=00000000 DR3=00000000 
DR6=ffff0ff0 DR7=00000400
CCS=00000010 CCD=00118f38 CCO=EFLAGS
EFER=0000000000000000
   338: v=80 e=0000 i=1 cpl=3 IP=001b:010002cb pc=010002cb SP=0023:01403fdc env->regs[R_EAX]=00000004
EAX=00000004 EBX=00000000 ECX=00000000 EDX=00000000
ESI=00000001 EDI=00000007 EBP=01403fe3 ESP=01403fdc
EIP=010002cb EFL=00000246 [---Z-P-] CPL=3 II=0 A20=1 SMM=0 HLT=0
ES =0023 00000000 ffffffff 00cff300 DPL=3 DS   [-WA]
CS =001b 00000000 ffffffff 00cffa00 DPL=3 CS32 [-R-]
SS =0023 00000000 ffffffff 00cff300 DPL=3 DS   [-WA]
DS =0023 00000000 ffffffff 00cff300 DPL=3 DS   [-WA]
FS =0023 00000000 ffffffff 00cff300 DPL=3 DS   [-WA]
GS =0023 00000000 ffffffff 00cff300 DPL=3 DS   [-WA]
LDT=0000 00000000 0000ffff 00008200 DPL=0 LDT
TR =0028 00113020 00000067 00008900 DPL=0 TSS32-avl
GDT=     001130a0 0000002f
IDT=     00113100 000007ff
CR0=80000011 CR2=00000000 CR3=00002000 CR4=00000000
DR0=00000000 DR1=00000000 DR2=00000000 DR3=00000000 
DR6=ffff0ff0 DR7=00000400
CCS=00000044 CCD=00137548 CCO=EFLAGS
EFER=0000000000000000
check_exception old: 0xffffffff new 0xe
   339: v=0e e=0002 i=0 cpl=0 IP=0008:0010647f pc=0010647f SP=0010:f000f841 CR2=f000f83d
EAX=00000023 EBX=00000000 ECX=f000ff53 EDX=f000ff53
ESI=00000001 EDI=01403fe3 EBP=01403fe3 ESP=f000f841
EIP=0010647f EFL=00000212 [----A--] CPL=0 II=0 A20=1 SMM=0 HLT=0
ES =0023 00000000 ffffffff 00cff300 DPL=3 DS   [-WA]
CS =0008 00000000 ffffffff 00cf9a00 DPL=0 CS32 [-R-]
SS =0010 00000000 ffffffff 00cf9300 DPL=0 DS   [-WA]
DS =0023 00000000 ffffffff 00cff300 DPL=3 DS   [-WA]
FS =0023 00000000 ffffffff 00cff300 DPL=3 DS   [-WA]
GS =0023 00000000 ffffffff 00cff300 DPL=3 DS   [-WA]
LDT=0000 00000000 0000ffff 00008200 DPL=0 LDT
TR =0028 00113020 00000067 00008900 DPL=0 TSS32-avl
GDT=     001130a0 0000002f
IDT=     00113100 000007ff
CR0=80000011 CR2=f000f83d CR3=0000b000 CR4=00000000
DR0=00000000 DR1=00000000 DR2=00000000 DR3=00000000 
DR6=ffff0ff0 DR7=00000400
CCS=00000008 CCD=00139620 CCO=ADDL
EFER=0000000000000000
check_exception old: 0xe new 0xe
   340: v=08 e=0000 i=0 cpl=0 IP=0008:0010647f pc=0010647f SP=0010:f000f841 env->regs[R_EAX]=00000023
EAX=00000023 EBX=00000000 ECX=f000ff53 EDX=f000ff53
ESI=00000001 EDI=01403fe3 EBP=01403fe3 ESP=f000f841
EIP=0010647f EFL=00000212 [----A--] CPL=0 II=0 A20=1 SMM=0 HLT=0
ES =0023 00000000 ffffffff 00cff300 DPL=3 DS   [-WA]
CS =0008 00000000 ffffffff 00cf9a00 DPL=0 CS32 [-R-]
SS =0010 00000000 ffffffff 00cf9300 DPL=0 DS   [-WA]
DS =0023 00000000 ffffffff 00cff300 DPL=3 DS   [-WA]
FS =0023 00000000 ffffffff 00cff300 DPL=3 DS   [-WA]
GS =0023 00000000 ffffffff 00cff300 DPL=3 DS   [-WA]
LDT=0000 00000000 0000ffff 00008200 DPL=0 LDT
TR =0028 00113020 00000067 00008900 DPL=0 TSS32-avl
GDT=     001130a0 0000002f
IDT=     00113100 000007ff
CR0=80000011 CR2=f000f83d CR3=0000b000 CR4=00000000
DR0=00000000 DR1=00000000 DR2=00000000 DR3=00000000 
DR6=ffff0ff0 DR7=00000400
CCS=00000008 CCD=00139620 CCO=ADDL
EFER=0000000000000000
check_exception old: 0x8 new 0xe
SMM: enter
EAX=00000000 EBX=00000000 ECX=02000000 EDX=02000628
ESI=0000000b EDI=02000000 EBP=06fed140 ESP=00006d54
EIP=000f055d EFL=00000046 [---Z-P-] CPL=0 II=0 A20=1 SMM=0 HLT=0
ES =0010 00000000 ffffffff 00cf9300 DPL=0 DS   [-WA]
CS =0008 00000000 ffffffff 00cf9b00 DPL=0 CS32 [-RA]
SS =0010 00000000 ffffffff 00cf9300 DPL=0 DS   [-WA]
DS =0010 00000000 ffffffff 00cf9300 DPL=0 DS   [-WA]
FS =0010 00000000 ffffffff 00cf9300 DPL=0 DS   [-WA]
GS =0010 00000000 ffffffff 00cf9300 DPL=0 DS   [-WA]
LDT=0000 00000000 0000ffff 00008200 DPL=0 LDT
TR =0000 00000000 0000ffff 00008b00 DPL=0 TSS32-busy
GDT=     000f7420 00000037
IDT=     000f745e 00000000
CR0=00000011 CR2=00000000 CR3=00000000 CR4=00000000
DR0=00000000 DR1=00000000 DR2=00000000 DR3=00000000 
DR6=ffff0ff0 DR7=00000400
CCS=00000044 CCD=ffffffff CCO=EFLAGS
EFER=0000000000000000
SMM: after RSM
EAX=00000000 EBX=00000000 ECX=02000000 EDX=02000628
ESI=0000000b EDI=02000000 EBP=06fed140 ESP=00006d54
EIP=000f055d EFL=00000046 [---Z-P-] CPL=0 II=0 A20=1 SMM=0 HLT=0
ES =0010 00000000 ffffffff 00c09300 DPL=0 DS   [-WA]
CS =0008 00000000 ffffffff 00c09b00 DPL=0 CS32 [-RA]
SS =0010 00000000 ffffffff 00c09300 DPL=0 DS   [-WA]
DS =0010 00000000 ffffffff 00c09300 DPL=0 DS   [-WA]
FS =0010 00000000 ffffffff 00c09300 DPL=0 DS   [-WA]
GS =0010 00000000 ffffffff 00c09300 DPL=0 DS   [-WA]
LDT=0000 00000000 0000ffff 00008200 DPL=0 LDT
TR =0000 00000000 0000ffff 00008b00 DPL=0 TSS32-busy
GDT=     000f7420 00000037
IDT=     000f745e 00000000
CR0=00000011 CR2=00000000 CR3=00000000 CR4=00000000
DR0=00000000 DR1=00000000 DR2=00000000 DR3=00000000 
DR6=ffff0ff0 DR7=00000400
CCS=00000044 CCD=00000000 CCO=EFLAGS
EFER=0000000000000000
Servicing hardware INT=0x08
SMM: enter
EAX=000000b5 EBX=000f86ac ECX=00001234 EDX=00006cff
ESI=00006cc8 EDI=06fff761 EBP=00006c88 ESP=00006c88
EIP=000086a9 EFL=00000006 [-----P-] CPL=0 II=0 A20=1 SMM=0 HLT=0
ES =de80 000de800 ffffffff 008f9300
CS =f000 000f0000 ffffffff 008f9b00
SS =0000 00000000 ffffffff 008f9300
DS =0000 00000000 ffffffff 008f9300
FS =0000 00000000 ffffffff 008f9300
GS =0000 00000000 ffffffff 008f9300
LDT=0000 00000000 0000ffff 00008200
TR =0000 00000000 0000ffff 00008b00
GDT=     00000000 00000000
IDT=     00000000 000003ff
CR0=00000010 CR2=00000000 CR3=00000000 CR4=00000000
DR0=00000000 DR1=00000000 DR2=00000000 DR3=00000000 
DR6=ffff0ff0 DR7=00000400
CCS=00000000 CCD=00006c88 CCO=ADDL
EFER=0000000000000000
SMM: after RSM
EAX=000000b5 EBX=000f86ac ECX=00001234 EDX=00006cff
ESI=00006cc8 EDI=06fff761 EBP=00006c88 ESP=00006c88
EIP=000f86ac EFL=00000046 [---Z-P-] CPL=0 II=0 A20=1 SMM=0 HLT=0
ES =0010 00000000 ffffffff 00c09300 DPL=0 DS   [-WA]
CS =0008 00000000 ffffffff 00c09b00 DPL=0 CS32 [-RA]
SS =0010 00000000 ffffffff 00c09300 DPL=0 DS   [-WA]
DS =0010 00000000 ffffffff 00c09300 DPL=0 DS   [-WA]
FS =0010 00000000 ffffffff 00c09300 DPL=0 DS   [-WA]
GS =0010 00000000 ffffffff 00c09300 DPL=0 DS   [-WA]
LDT=0000 00000000 0000ffff 00008200 DPL=0 LDT
TR =0000 00000000 0000ffff 00008b00 DPL=0 TSS32-busy
GDT=     000f7420 00000037
IDT=     000f745e 00000000
CR0=00000011 CR2=00000000 CR3=00000000 CR4=00000000
DR0=00000000 DR1=00000000 DR2=00000000 DR3=00000000 
DR6=ffff0ff0 DR7=00000400
CCS=00000044 CCD=00000000 CCO=EFLAGS
EFER=0000000000000000
SMM: enter
EAX=000000b5 EBX=000086c6 ECX=00005678 EDX=06fffe68
ESI=000ed6e0 EDI=06fff761 EBP=00006c88 ESP=00006c88
EIP=000f86c3 EFL=00000016 [----AP-] CPL=0 II=0 A20=1 SMM=0 HLT=0
ES =0010 00000000 ffffffff 00c09300 DPL=0 DS   [-WA]
CS =0008 00000000 ffffffff 00c09b00 DPL=0 CS32 [-RA]
SS =0010 00000000 ffffffff 00c09300 DPL=0 DS   [-WA]
DS =0010 00000000 ffffffff 00c09300 DPL=0 DS   [-WA]
FS =0010 00000000 ffffffff 00c09300 DPL=0 DS   [-WA]
GS =0010 00000000 ffffffff 00c09300 DPL=0 DS   [-WA]
LDT=0000 00000000 0000ffff 00008200 DPL=0 LDT
TR =0000 00000000 0000ffff 00008b00 DPL=0 TSS32-busy
GDT=     000f7420 00000037
IDT=     000f745e 00000000
CR0=00000011 CR2=00000000 CR3=00000000 CR4=00000000
DR0=00000000 DR1=00000000 DR2=00000000 DR3=00000000 
DR6=ffff0ff0 DR7=00000400
CCS=00000008 CCD=00006c74 CCO=ADDL
EFER=0000000000000000
SMM: after RSM
EAX=000000b5 EBX=000086c6 ECX=00005678 EDX=06fffe68
ESI=000ed6e0 EDI=06fff761 EBP=00006c88 ESP=00006c88
EIP=000086c6 EFL=00000006 [-----P-] CPL=0 II=0 A20=1 SMM=0 HLT=0
ES =de80 000de800 ffffffff 00809300
CS =f000 000f0000 ffffffff 00809b00
SS =0000 00000000 ffffffff 00809300
DS =0000 00000000 ffffffff 00809300
FS =0000 00000000 ffffffff 00809300
GS =0000 00000000 ffffffff 00809300
LDT=0000 00000000 0000ffff 00008200
TR =0000 00000000 0000ffff 00008b00
GDT=     00000000 00000000
IDT=     00000000 000003ff
CR0=00000010 CR2=00000000 CR3=00000000 CR4=00000000
DR0=00000000 DR1=00000000 DR2=00000000 DR3=00000000 
DR6=ffff0ff0 DR7=00000400
CCS=00000004 CCD=00000001 CCO=EFLAGS
EFER=0000000000000000
SMM: enter
EAX=000000b5 EBX=000f86ac ECX=00001234 EDX=000069ff
ESI=000069ae EDI=06fff761 EBP=0000696e ESP=0000696e
EIP=000086a9 EFL=00000002 [-------] CPL=0 II=0 A20=1 SMM=0 HLT=0
ES =de80 000de800 ffffffff 008f9300
CS =f000 000f0000 ffffffff 008f9b00
SS =0000 00000000 ffffffff 008f9300
DS =0000 00000000 ffffffff 008f9300
FS =0000 00000000 ffffffff 008f9300
GS =c900 000c9000 ffffffff 008f9300
LDT=0000 00000000 0000ffff 00008200
TR =0000 00000000 0000ffff 00008b00
GDT=     00000000 00000000
IDT=     00000000 000003ff
CR0=00000010 CR2=00000000 CR3=00000000 CR4=00000000
DR0=00000000 DR1=00000000 DR2=00000000 DR3=00000000 
DR6=ffff0ff0 DR7=00000400
CCS=00000000 CCD=0000696e CCO=ADDL
EFER=0000000000000000
SMM: after RSM
EAX=000000b5 EBX=000f86ac ECX=00001234 EDX=000069ff
ESI=000069ae EDI=06fff761 EBP=0000696e ESP=0000696e
EIP=000f86ac EFL=00000046 [---Z-P-] CPL=0 II=0 A20=1 SMM=0 HLT=0
ES =0010 00000000 ffffffff 00c09300 DPL=0 DS   [-WA]
CS =0008 00000000 ffffffff 00c09b00 DPL=0 CS32 [-RA]
SS =0010 00000000 ffffffff 00c09300 DPL=0 DS   [-WA]
DS =0010 00000000 ffffffff 00c09300 DPL=0 DS   [-WA]
FS =0010 00000000 ffffffff 00c09300 DPL=0 DS   [-WA]
GS =0010 00000000 ffffffff 00c09300 DPL=0 DS   [-WA]
LDT=0000 00000000 0000ffff 00008200 DPL=0 LDT
TR =0000 00000000 0000ffff 00008b00 DPL=0 TSS32-busy
GDT=     000f7420 00000037
IDT=     000f745e 00000000
CR0=00000011 CR2=00000000 CR3=00000000 CR4=00000000
DR0=00000000 DR1=00000000 DR2=00000000 DR3=00000000 
DR6=ffff0ff0 DR7=00000400
CCS=00000044 CCD=00000000 CCO=EFLAGS
EFER=0000000000000000
SMM: enter
EAX=000000b5 EBX=000086c6 ECX=00005678 EDX=00000005
ESI=00000000 EDI=06fff761 EBP=0000696e ESP=0000696e
EIP=000f86c3 EFL=00000006 [-----P-] CPL=0 II=0 A20=1 SMM=0 HLT=0
ES =0010 00000000 ffffffff 00c09300 DPL=0 DS   [-WA]
CS =0008 00000000 ffffffff 00c09b00 DPL=0 CS32 [-RA]
SS =0010 00000000 ffffffff 00c09300 DPL=0 DS   [-WA]
DS =0010 00000000 ffffffff 00c09300 DPL=0 DS   [-WA]
FS =0010 00000000 ffffffff 00c09300 DPL=0 DS   [-WA]
GS =0010 00000000 ffffffff 00c09300 DPL=0 DS   [-WA]
LDT=0000 00000000 0000ffff 00008200 DPL=0 LDT
TR =0000 00000000 0000ffff 00008b00 DPL=0 TSS32-busy
GDT=     000f7420 00000037
IDT=     000f745e 00000000
CR0=00000011 CR2=00000000 CR3=00000000 CR4=00000000
DR0=00000000 DR1=00000000 DR2=00000000 DR3=00000000 
DR6=ffff0ff0 DR7=00000400
CCS=00000008 CCD=0000695a CCO=ADDL
EFER=0000000000000000
SMM: after RSM
EAX=000000b5 EBX=000086c6 ECX=00005678 EDX=00000005
ESI=00000000 EDI=06fff761 EBP=0000696e ESP=0000696e
EIP=000086c6 EFL=00000002 [-------] CPL=0 II=0 A20=1 SMM=0 HLT=0
ES =de80 000de800 ffffffff 00809300
CS =f000 000f0000 ffffffff 00809b00
SS =0000 00000000 ffffffff 00809300
DS =0000 00000000 ffffffff 00809300
FS =0000 00000000 ffffffff 00809300
GS =c900 000c9000 ffffffff 00809300
LDT=0000 00000000 0000ffff 00008200
TR =0000 00000000 0000ffff 00008b00
GDT=     00000000 00000000
IDT=     00000000 000003ff
CR0=00000010 CR2=00000000 CR3=00000000 CR4=00000000
DR0=00000000 DR1=00000000 DR2=00000000 DR3=00000000 
DR6=ffff0ff0 DR7=00000400
CCS=00000000 CCD=00000001 CCO=EFLAGS
EFER=0000000000000000
SMM: enter
EAX=000000b5 EBX=000f86ac ECX=00001234 EDX=000069ff
ESI=000069a8 EDI=06fff761 EBP=00006968 ESP=00006968
EIP=000086a9 EFL=00000002 [-------] CPL=0 II=0 A20=1 SMM=0 HLT=0
ES =de80 000de800 ffffffff 00809300
CS =f000 000f0000 ffffffff 00809b00
SS =0000 00000000 ffffffff 00809300
DS =0000 00000000 ffffffff 00809300
FS =0000 00000000 ffffffff 00809300
GS =c900 000c9000 ffffffff 00809300
LDT=0000 00000000 0000ffff 00008200
TR =0000 00000000 0000ffff 00008b00
GDT=     00000000 00000000
IDT=     00000000 000003ff
CR0=00000010 CR2=00000000 CR3=00000000 CR4=00000000
DR0=00000000 DR1=00000000 DR2=00000000 DR3=00000000 
DR6=ffff0ff0 DR7=00000400
CCS=00000000 CCD=00006968 CCO=ADDL
EFER=0000000000000000
SMM: after RSM
EAX=000000b5 EBX=000f86ac ECX=00001234 EDX=000069ff
ESI=000069a8 EDI=06fff761 EBP=00006968 ESP=00006968
EIP=000f86ac EFL=00000046 [---Z-P-] CPL=0 II=0 A20=1 SMM=0 HLT=0
ES =0010 00000000 ffffffff 00c09300 DPL=0 DS   [-WA]
CS =0008 00000000 ffffffff 00c09b00 DPL=0 CS32 [-RA]
SS =0010 00000000 ffffffff 00c09300 DPL=0 DS   [-WA]
DS =0010 00000000 ffffffff 00c09300 DPL=0 DS   [-WA]
FS =0010 00000000 ffffffff 00c09300 DPL=0 DS   [-WA]
GS =0010 00000000 ffffffff 00c09300 DPL=0 DS   [-WA]
LDT=0000 00000000 0000ffff 00008200 DPL=0 LDT
TR =0000 00000000 0000ffff 00008b00 DPL=0 TSS32-busy
GDT=     000f7420 00000037
IDT=     000f745e 00000000
CR0=00000011 CR2=00000000 CR3=00000000 CR4=00000000
DR0=00000000 DR1=00000000 DR2=00000000 DR3=00000000 
DR6=ffff0ff0 DR7=00000400
CCS=00000044 CCD=00000000 CCO=EFLAGS
EFER=0000000000000000
SMM: enter
EAX=000000b5 EBX=000086c6 ECX=00005678 EDX=00000003
ESI=06fd40e0 EDI=06fff761 EBP=00006968 ESP=00006968
EIP=000f86c3 EFL=00000012 [----A--] CPL=0 II=0 A20=1 SMM=0 HLT=0
ES =0010 00000000 ffffffff 00c09300 DPL=0 DS   [-WA]
CS =0008 00000000 ffffffff 00c09b00 DPL=0 CS32 [-RA]
SS =0010 00000000 ffffffff 00c09300 DPL=0 DS   [-WA]
DS =0010 00000000 ffffffff 00c09300 DPL=0 DS   [-WA]
FS =0010 00000000 ffffffff 00c09300 DPL=0 DS   [-WA]
GS =0010 00000000 ffffffff 00c09300 DPL=0 DS   [-WA]
LDT=0000 00000000 0000ffff 00008200 DPL=0 LDT
TR =0000 00000000 0000ffff 00008b00 DPL=0 TSS32-busy
GDT=     000f7420 00000037
IDT=     000f745e 00000000
CR0=00000011 CR2=00000000 CR3=00000000 CR4=00000000
DR0=00000000 DR1=00000000 DR2=00000000 DR3=00000000 
DR6=ffff0ff0 DR7=00000400
CCS=00000008 CCD=00006954 CCO=ADDL
EFER=0000000000000000
SMM: after RSM
EAX=000000b5 EBX=000086c6 ECX=00005678 EDX=00000003
ESI=06fd40e0 EDI=06fff761 EBP=00006968 ESP=00006968
EIP=000086c6 EFL=00000002 [-------] CPL=0 II=0 A20=1 SMM=0 HLT=0
ES =de80 000de800 ffffffff 00809300
CS =f000 000f0000 ffffffff 00809b00
SS =0000 00000000 ffffffff 00809300
DS =0000 00000000 ffffffff 00809300
FS =0000 00000000 ffffffff 00809300
GS =c900 000c9000 ffffffff 00809300
LDT=0000 00000000 0000ffff 00008200
TR =0000 00000000 0000ffff 00008b00
GDT=     00000000 00000000
IDT=     00000000 000003ff
CR0=00000010 CR2=00000000 CR3=00000000 CR4=00000000
DR0=00000000 DR1=00000000 DR2=00000000 DR3=00000000 
DR6=ffff0ff0 DR7=00000400
CCS=00000000 CCD=00000001 CCO=EFLAGS
EFER=0000000000000000
SMM: enter
EAX=000000b5 EBX=000f86ac ECX=00001234 EDX=000069ff
ESI=000069ae EDI=06fff761 EBP=0000696e ESP=0000696e
EIP=000086a9 EFL=00000002 [-------] CPL=0 II=0 A20=1 SMM=0 HLT=0
ES =de80 000de800 ffffffff 00809300
CS =f000 000f0000 ffffffff 00809b00
SS =0000 00000000 ffffffff 00809300
DS =0000 00000000 ffffffff 00809300
FS =0000 00000000 ffffffff 00809300
GS =c900 000c9000 ffffffff 00809300
LDT=0000 00000000 0000ffff 00008200
TR =0000 00000000 0000ffff 00008b00
GDT=     00000000 00000000
IDT=     00000000 000003ff
CR0=00000010 CR2=00000000 CR3=00000000 CR4=00000000
DR0=00000000 DR1=00000000 DR2=00000000 DR3=00000000 
DR6=ffff0ff0 DR7=00000400
CCS=00000000 CCD=0000696e CCO=ADDL
EFER=0000000000000000
SMM: after RSM
EAX=000000b5 EBX=000f86ac ECX=00001234 EDX=000069ff
ESI=000069ae EDI=06fff761 EBP=0000696e ESP=0000696e
EIP=000f86ac EFL=00000046 [---Z-P-] CPL=0 II=0 A20=1 SMM=0 HLT=0
ES =0010 00000000 ffffffff 00c09300 DPL=0 DS   [-WA]
CS =0008 00000000 ffffffff 00c09b00 DPL=0 CS32 [-RA]
SS =0010 00000000 ffffffff 00c09300 DPL=0 DS   [-WA]
DS =0010 00000000 ffffffff 00c09300 DPL=0 DS   [-WA]
FS =0010 00000000 ffffffff 00c09300 DPL=0 DS   [-WA]
GS =0010 00000000 ffffffff 00c09300 DPL=0 DS   [-WA]
LDT=0000 00000000 0000ffff 00008200 DPL=0 LDT
TR =0000 00000000 0000ffff 00008b00 DPL=0 TSS32-busy
GDT=     000f7420 00000037
IDT=     000f745e 00000000
CR0=00000011 CR2=00000000 CR3=00000000 CR4=00000000
DR0=00000000 DR1=00000000 DR2=00000000 DR3=00000000 
DR6=ffff0ff0 DR7=00000400
CCS=00000044 CCD=00000000 CCO=EFLAGS
EFER=0000000000000000
SMM: enter
EAX=000000b5 EBX=000086c6 ECX=00005678 EDX=00000005
ESI=00000000 EDI=06fff761 EBP=0000696e ESP=0000696e
EIP=000f86c3 EFL=00000006 [-----P-] CPL=0 II=0 A20=1 SMM=0 HLT=0
ES =0010 00000000 ffffffff 00c09300 DPL=0 DS   [-WA]
CS =0008 00000000 ffffffff 00c09b00 DPL=0 CS32 [-RA]
SS =0010 00000000 ffffffff 00c09300 DPL=0 DS   [-WA]
DS =0010 00000000 ffffffff 00c09300 DPL=0 DS   [-WA]
FS =0010 00000000 ffffffff 00c09300 DPL=0 DS   [-WA]
GS =0010 00000000 ffffffff 00c09300 DPL=0 DS   [-WA]
LDT=0000 00000000 0000ffff 00008200 DPL=0 LDT
TR =0000 00000000 0000ffff 00008b00 DPL=0 TSS32-busy
GDT=     000f7420 00000037
IDT=     000f745e 00000000
CR0=00000011 CR2=00000000 CR3=00000000 CR4=00000000
DR0=00000000 DR1=00000000 DR2=00000000 DR3=00000000 
DR6=ffff0ff0 DR7=00000400
CCS=00000008 CCD=0000695a CCO=ADDL
EFER=0000000000000000
SMM: after RSM
EAX=000000b5 EBX=000086c6 ECX=00005678 EDX=00000005
ESI=00000000 EDI=06fff761 EBP=0000696e ESP=0000696e
EIP=000086c6 EFL=00000002 [-------] CPL=0 II=0 A20=1 SMM=0 HLT=0
ES =de80 000de800 ffffffff 00809300
CS =f000 000f0000 ffffffff 00809b00
SS =0000 00000000 ffffffff 00809300
DS =0000 00000000 ffffffff 00809300
FS =0000 00000000 ffffffff 00809300
GS =c900 000c9000 ffffffff 00809300
LDT=0000 00000000 0000ffff 00008200
TR =0000 00000000 0000ffff 00008b00
GDT=     00000000 00000000
IDT=     00000000 000003ff
CR0=00000010 CR2=00000000 CR3=00000000 CR4=00000000
DR0=00000000 DR1=00000000 DR2=00000000 DR3=00000000 
DR6=ffff0ff0 DR7=00000400
CCS=00000000 CCD=00000001 CCO=EFLAGS
EFER=0000000000000000
SMM: enter
EAX=000000b5 EBX=000f86ac ECX=00001234 EDX=000069ff
ESI=000069a8 EDI=06fff761 EBP=00006968 ESP=00006968
EIP=000086a9 EFL=00000002 [-------] CPL=0 II=0 A20=1 SMM=0 HLT=0
ES =de80 000de800 ffffffff 00809300
CS =f000 000f0000 ffffffff 00809b00
SS =0000 00000000 ffffffff 00809300
DS =0000 00000000 ffffffff 00809300
FS =0000 00000000 ffffffff 00809300
GS =c900 000c9000 ffffffff 00809300
LDT=0000 00000000 0000ffff 00008200
TR =0000 00000000 0000ffff 00008b00
GDT=     00000000 00000000
IDT=     00000000 000003ff
CR0=00000010 CR2=00000000 CR3=00000000 CR4=00000000
DR0=00000000 DR1=00000000 DR2=00000000 DR3=00000000 
DR6=ffff0ff0 DR7=00000400
CCS=00000000 CCD=00006968 CCO=ADDL
EFER=0000000000000000
SMM: after RSM
EAX=000000b5 EBX=000f86ac ECX=00001234 EDX=000069ff
ESI=000069a8 EDI=06fff761 EBP=00006968 ESP=00006968
EIP=000f86ac EFL=00000046 [---Z-P-] CPL=0 II=0 A20=1 SMM=0 HLT=0
ES =0010 00000000 ffffffff 00c09300 DPL=0 DS   [-WA]
CS =0008 00000000 ffffffff 00c09b00 DPL=0 CS32 [-RA]
SS =0010 00000000 ffffffff 00c09300 DPL=0 DS   [-WA]
DS =0010 00000000 ffffffff 00c09300 DPL=0 DS   [-WA]
FS =0010 00000000 ffffffff 00c09300 DPL=0 DS   [-WA]
GS =0010 00000000 ffffffff 00c09300 DPL=0 DS   [-WA]
LDT=0000 00000000 0000ffff 00008200 DPL=0 LDT
TR =0000 00000000 0000ffff 00008b00 DPL=0 TSS32-busy
GDT=     000f7420 00000037
IDT=     000f745e 00000000
CR0=00000011 CR2=00000000 CR3=00000000 CR4=00000000
DR0=00000000 DR1=00000000 DR2=00000000 DR3=00000000 
DR6=ffff0ff0 DR7=00000400
CCS=00000044 CCD=00000000 CCO=EFLAGS
EFER=0000000000000000
SMM: enter
EAX=000000b5 EBX=000086c6 ECX=00005678 EDX=00000003
ESI=06f340e0 EDI=06fff761 EBP=00006968 ESP=00006968
EIP=000f86c3 EFL=00000012 [----A--] CPL=0 II=0 A20=1 SMM=0 HLT=0
ES =0010 00000000 ffffffff 00c09300 DPL=0 DS   [-WA]
CS =0008 00000000 ffffffff 00c09b00 DPL=0 CS32 [-RA]
SS =0010 00000000 ffffffff 00c09300 DPL=0 DS   [-WA]
DS =0010 00000000 ffffffff 00c09300 DPL=0 DS   [-WA]
FS =0010 00000000 ffffffff 00c09300 DPL=0 DS   [-WA]
GS =0010 00000000 ffffffff 00c09300 DPL=0 DS   [-WA]
LDT=0000 00000000 0000ffff 00008200 DPL=0 LDT
TR =0000 00000000 0000ffff 00008b00 DPL=0 TSS32-busy
GDT=     000f7420 00000037
IDT=     000f745e 00000000
CR0=00000011 CR2=00000000 CR3=00000000 CR4=00000000
DR0=00000000 DR1=00000000 DR2=00000000 DR3=00000000 
DR6=ffff0ff0 DR7=00000400
CCS=00000008 CCD=00006954 CCO=ADDL
EFER=0000000000000000
SMM: after RSM
EAX=000000b5 EBX=000086c6 ECX=00005678 EDX=00000003
ESI=06f340e0 EDI=06fff761 EBP=00006968 ESP=00006968
EIP=000086c6 EFL=00000002 [-------] CPL=0 II=0 A20=1 SMM=0 HLT=0
ES =de80 000de800 ffffffff 00809300
CS =f000 000f0000 ffffffff 00809b00
SS =0000 00000000 ffffffff 00809300
DS =0000 00000000 ffffffff 00809300
FS =0000 00000000 ffffffff 00809300
GS =c900 000c9000 ffffffff 00809300
LDT=0000 00000000 0000ffff 00008200
TR =0000 00000000 0000ffff 00008b00
GDT=     00000000 00000000
IDT=     00000000 000003ff
CR0=00000010 CR2=00000000 CR3=00000000 CR4=00000000
DR0=00000000 DR1=00000000 DR2=00000000 DR3=00000000 
DR6=ffff0ff0 DR7=00000400
CCS=00000000 CCD=00000001 CCO=EFLAGS
EFER=0000000000000000
SMM: enter
EAX=000000b5 EBX=000f86ac ECX=00001234 EDX=000069ff
ESI=000069ae EDI=06fff761 EBP=0000696e ESP=0000696e
EIP=000086a9 EFL=00000002 [-------] CPL=0 II=0 A20=1 SMM=0 HLT=0
ES =de80 000de800 ffffffff 008f9300
CS =f000 000f0000 ffffffff 008f9b00
SS =0000 00000000 ffffffff 008f9300
DS =0000 00000000 ffffffff 008f9300
FS =0000 00000000 ffffffff 008f9300
GS =ca00 000ca000 ffffffff 008f9300
LDT=0000 00000000 0000ffff 00008200
TR =0000 00000000 0000ffff 00008b00
GDT=     00000000 00000000
IDT=     00000000 000003ff
CR0=00000010 CR2=00000000 CR3=00000000 CR4=00000000
DR0=00000000 DR1=00000000 DR2=00000000 DR3=00000000 
DR6=ffff0ff0 DR7=00000400
CCS=00000000 CCD=0000696e CCO=ADDL
EFER=0000000000000000
SMM: after RSM
EAX=000000b5 EBX=000f86ac ECX=00001234 EDX=000069ff
ESI=000069ae EDI=06fff761 EBP=0000696e ESP=0000696e
EIP=000f86ac EFL=00000046 [---Z-P-] CPL=0 II=0 A20=1 SMM=0 HLT=0
ES =0010 00000000 ffffffff 00c09300 DPL=0 DS   [-WA]
CS =0008 00000000 ffffffff 00c09b00 DPL=0 CS32 [-RA]
SS =0010 00000000 ffffffff 00c09300 DPL=0 DS   [-WA]
DS =0010 00000000 ffffffff 00c09300 DPL=0 DS   [-WA]
FS =0010 00000000 ffffffff 00c09300 DPL=0 DS   [-WA]
GS =0010 00000000 ffffffff 00c09300 DPL=0 DS   [-WA]
LDT=0000 00000000 0000ffff 00008200 DPL=0 LDT
TR =0000 00000000 0000ffff 00008b00 DPL=0 TSS32-busy
GDT=     000f7420 00000037
IDT=     000f745e 00000000
CR0=00000011 CR2=00000000 CR3=00000000 CR4=00000000
DR0=00000000 DR1=00000000 DR2=00000000 DR3=00000000 
DR6=ffff0ff0 DR7=00000400
CCS=00000044 CCD=00000000 CCO=EFLAGS
EFER=0000000000000000
SMM: enter
EAX=000000b5 EBX=000086c6 ECX=00005678 EDX=00000003
ESI=06fd40e0 EDI=06fff761 EBP=0000696e ESP=0000696e
EIP=000f86c3 EFL=00000006 [-----P-] CPL=0 II=0 A20=1 SMM=0 HLT=0
ES =0010 00000000 ffffffff 00c09300 DPL=0 DS   [-WA]
CS =0008 00000000 ffffffff 00c09b00 DPL=0 CS32 [-RA]
SS =0010 00000000 ffffffff 00c09300 DPL=0 DS   [-WA]
DS =0010 00000000 ffffffff 00c09300 DPL=0 DS   [-WA]
FS =0010 00000000 ffffffff 00c09300 DPL=0 DS   [-WA]
GS =0010 00000000 ffffffff 00c09300 DPL=0 DS   [-WA]
LDT=0000 00000000 0000ffff 00008200 DPL=0 LDT
TR =0000 00000000 0000ffff 00008b00 DPL=0 TSS32-busy
GDT=     000f7420 00000037
IDT=     000f745e 00000000
CR0=00000011 CR2=00000000 CR3=00000000 CR4=00000000
DR0=00000000 DR1=00000000 DR2=00000000 DR3=00000000 
DR6=ffff0ff0 DR7=00000400
CCS=00000008 CCD=0000695a CCO=ADDL
EFER=0000000000000000
SMM: after RSM
EAX=000000b5 EBX=000086c6 ECX=00005678 EDX=00000003
ESI=06fd40e0 EDI=06fff761 EBP=0000696e ESP=0000696e
EIP=000086c6 EFL=00000002 [-------] CPL=0 II=0 A20=1 SMM=0 HLT=0
ES =de80 000de800 ffffffff 00809300
CS =f000 000f0000 ffffffff 00809b00
SS =0000 00000000 ffffffff 00809300
DS =0000 00000000 ffffffff 00809300
FS =0000 00000000 ffffffff 00809300
GS =ca00 000ca000 ffffffff 00809300
LDT=0000 00000000 0000ffff 00008200
TR =0000 00000000 0000ffff 00008b00
GDT=     00000000 00000000
IDT=     00000000 000003ff
CR0=00000010 CR2=00000000 CR3=00000000 CR4=00000000
DR0=00000000 DR1=00000000 DR2=00000000 DR3=00000000 
DR6=ffff0ff0 DR7=00000400
CCS=00000000 CCD=00000001 CCO=EFLAGS
EFER=0000000000000000
SMM: enter
EAX=000000b5 EBX=000f86ac ECX=00001234 EDX=000069ff
ESI=000069ae EDI=06fff761 EBP=0000696e ESP=0000696e
EIP=000086a9 EFL=00000002 [-------] CPL=0 II=0 A20=1 SMM=0 HLT=0
ES =de80 000de800 ffffffff 00809300
CS =f000 000f0000 ffffffff 00809b00
SS =0000 00000000 ffffffff 00809300
DS =0000 00000000 ffffffff 00809300
FS =0000 00000000 ffffffff 00809300
GS =ca00 000ca000 ffffffff 00809300
LDT=0000 00000000 0000ffff 00008200
TR =0000 00000000 0000ffff 00008b00
GDT=     00000000 00000000
IDT=     00000000 000003ff
CR0=00000010 CR2=00000000 CR3=00000000 CR4=00000000
DR0=00000000 DR1=00000000 DR2=00000000 DR3=00000000 
DR6=ffff0ff0 DR7=00000400
CCS=00000000 CCD=0000696e CCO=ADDL
EFER=0000000000000000
SMM: after RSM
EAX=000000b5 EBX=000f86ac ECX=00001234 EDX=000069ff
ESI=000069ae EDI=06fff761 EBP=0000696e ESP=0000696e
EIP=000f86ac EFL=00000046 [---Z-P-] CPL=0 II=0 A20=1 SMM=0 HLT=0
ES =0010 00000000 ffffffff 00c09300 DPL=0 DS   [-WA]
CS =0008 00000000 ffffffff 00c09b00 DPL=0 CS32 [-RA]
SS =0010 00000000 ffffffff 00c09300 DPL=0 DS   [-WA]
DS =0010 00000000 ffffffff 00c09300 DPL=0 DS   [-WA]
FS =0010 00000000 ffffffff 00c09300 DPL=0 DS   [-WA]
GS =0010 00000000 ffffffff 00c09300 DPL=0 DS   [-WA]
LDT=0000 00000000 0000ffff 00008200 DPL=0 LDT
TR =0000 00000000 0000ffff 00008b00 DPL=0 TSS32-busy
GDT=     000f7420 00000037
IDT=     000f745e 00000000
CR0=00000011 CR2=00000000 CR3=00000000 CR4=00000000
DR0=00000000 DR1=00000000 DR2=00000000 DR3=00000000 
DR6=ffff0ff0 DR7=00000400
CCS=00000044 CCD=00000000 CCO=EFLAGS
EFER=0000000000000000
SMM: enter
EAX=000000b5 EBX=000086c6 ECX=00005678 EDX=00000003
ESI=06f340e0 EDI=06fff761 EBP=0000696e ESP=0000696e
EIP=000f86c3 EFL=00000006 [-----P-] CPL=0 II=0 A20=1 SMM=0 HLT=0
ES =0010 00000000 ffffffff 00c09300 DPL=0 DS   [-WA]
CS =0008 00000000 ffffffff 00c09b00 DPL=0 CS32 [-RA]
SS =0010 00000000 ffffffff 00c09300 DPL=0 DS   [-WA]
DS =0010 00000000 ffffffff 00c09300 DPL=0 DS   [-WA]
FS =0010 00000000 ffffffff 00c09300 DPL=0 DS   [-WA]
GS =0010 00000000 ffffffff 00c09300 DPL=0 DS   [-WA]
LDT=0000 00000000 0000ffff 00008200 DPL=0 LDT
TR =0000 00000000 0000ffff 00008b00 DPL=0 TSS32-busy
GDT=     000f7420 00000037
IDT=     000f745e 00000000
CR0=00000011 CR2=00000000 CR3=00000000 CR4=00000000
DR0=00000000 DR1=00000000 DR2=00000000 DR3=00000000 
DR6=ffff0ff0 DR7=00000400
CCS=00000008 CCD=0000695a CCO=ADDL
EFER=0000000000000000
SMM: after RSM
EAX=000000b5 EBX=000086c6 ECX=00005678 EDX=00000003
ESI=06f340e0 EDI=06fff761 EBP=0000696e ESP=0000696e
EIP=000086c6 EFL=00000002 [-------] CPL=0 II=0 A20=1 SMM=0 HLT=0
ES =de80 000de800 ffffffff 00809300
CS =f000 000f0000 ffffffff 00809b00
SS =0000 00000000 ffffffff 00809300
DS =0000 00000000 ffffffff 00809300
FS =0000 00000000 ffffffff 00809300
GS =ca00 000ca000 ffffffff 00809300
LDT=0000 00000000 0000ffff 00008200
TR =0000 00000000 0000ffff 00008b00
GDT=     00000000 00000000
IDT=     00000000 000003ff
CR0=00000010 CR2=00000000 CR3=00000000 CR4=00000000
DR0=00000000 DR1=00000000 DR2=00000000 DR3=00000000 
DR6=ffff0ff0 DR7=00000400
CCS=00000000 CCD=00000001 CCO=EFLAGS
EFER=0000000000000000
Servicing hardware INT=0x0e
Servicing hardware INT=0x0e
Servicing hardware INT=0x08
Servicing hardware INT=0x0e
Servicing hardware INT=0x0e
Servicing hardware INT=0x08
Servicing hardware INT=0x0e
Servicing hardware INT=0x08
Servicing hardware INT=0x08
Servicing hardware INT=0x08
Servicing hardware INT=0x08
Servicing hardware INT=0x08
   341: v=03 e=0000 i=1 cpl=0 IP=0008:001005cd pc=001005cd SP=0010:00112eb8 env->regs[R_EAX]=0000000d
EAX=0000000d EBX=00010000 ECX=00000000 EDX=000003f8
ESI=2badb002 EDI=00000000 EBP=00000000 ESP=00112eb8
EIP=001005cd EFL=00000216 [----AP-] CPL=0 II=0 A20=1 SMM=0 HLT=0
ES =0010 00000000 ffffffff 00cf9300 DPL=0 DS   [-WA]
CS =0008 00000000 ffffffff 00cf9a00 DPL=0 CS32 [-R-]
SS =0010 00000000 ffffffff 00cf9300 DPL=0 DS   [-WA]
DS =0010 00000000 ffffffff 00cf9300 DPL=0 DS   [-WA]
FS =0010 00000000 ffffffff 00cf9300 DPL=0 DS   [-WA]
GS =0010 00000000 ffffffff 00cf9300 DPL=0 DS   [-WA]
LDT=0000 00000000 0000ffff 00008200 DPL=0 LDT
TR =0028 00113020 00000067 00008900 DPL=0 TSS32-avl
GDT=     001130a0 0000002f
IDT=     00113100 000007ff
CR0=80000011 CR2=00000000 CR3=0011f000 CR4=00000000
DR0=00000000 DR1=00000000 DR2=00000000 DR3=00000000 
DR6=ffff0ff0 DR7=00000400
CCS=0000000c CCD=00112eb4 CCO=ADDL
EFER=0000000000000000
Servicing hardware INT=0x20
   342: v=20 e=0000 i=0 cpl=0 IP=0008:00100f1c pc=00100f1c SP=0010:00112e80 env->regs[R_EAX]=000000fe
EAX=000000fe EBX=000100fe ECX=00000000 EDX=00000021
ESI=2badb002 EDI=00000000 EBP=00000000 ESP=00112e80
EIP=00100f1c EFL=00000282 [--S----] CPL=0 II=0 A20=1 SMM=0 HLT=0
ES =0010 00000000 ffffffff 00cf9300 DPL=0 DS   [-WA]
CS =0008 00000000 ffffffff 00cf9a00 DPL=0 CS32 [-R-]
SS =0010 00000000 ffffffff 00cf9300 DPL=0 DS   [-WA]
DS =0010 00000000 ffffffff 00cf9300 DPL=0 DS   [-WA]
FS =0010 00000000 ffffffff 00cf9300 DPL=0 DS   [-WA]
GS =0010 00000000 ffffffff 00cf9300 DPL=0 DS   [-WA]
LDT=0000 00000000 0000ffff 00008200 DPL=0 LDT
TR =0028 00113020 00000067 00008900 DPL=0 TSS32-avl
GDT=     001130a0 0000002f
IDT=     00113100 000007ff
CR0=80000011 CR2=00000000 CR3=0011f000 CR4=00000000
DR0=00000000 DR1=00000000 DR2=00000000 DR3=00000000 
DR6=ffff0ff0 DR7=00000400
CCS=000000a1 CCD=000000fe CCO=LOGICB
EFER=0000000000000000
Servicing hardware INT=0x20
   343: v=20 e=0000 i=0 cpl=0 IP=0008:00104831 pc=00104831 SP=0010:00112eb4 env->regs[R_EAX]=00000064
EAX=00000064 EBX=00010000 ECX=00000000 EDX=00000064
ESI=00000000 EDI=00000000 EBP=00000000 ESP=00112eb4
EIP=00104831 EFL=00000297 [--S-APC] CPL=0 II=0 A20=1 SMM=0 HLT=0
ES =0010 00000000 ffffffff 00cf9300 DPL=0 DS   [-WA]
CS =0008 00000000 ffffffff 00cf9a00 DPL=0 CS32 [-R-]
SS =0010 00000000 ffffffff 00cf9300 DPL=0 DS   [-WA]
DS =0010 00000000 ffffffff 00cf9300 DPL=0 DS   [-WA]
FS =0010 00000000 ffffffff 00cf9300 DPL=0 DS   [-WA]
GS =0010 00000000 ffffffff 00cf9300 DPL=0 DS   [-WA]
LDT=0000 00000000 0000ffff 00008200 DPL=0 LDT
TR =0028 00113020 00000067 00008900 DPL=0 TSS32-avl
GDT=     001130a0 0000002f
IDT=     00113100 000007ff
CR0=80000011 CR2=00000000 CR3=0011f000 CR4=00000000
DR0=00000000 DR1=00000000 DR2=00000000 DR3=00000000 
DR6=ffff0ff0 DR7=00000400
CCS=00000095 CCD=ffffff9c CCO=EFLAGS
EFER=0000000000000000
Servicing hardware INT=0x20
   344: v=20 e=0000 i=0 cpl=0 IP=0008:00104831 pc=00104831 SP=0010:00112eb4 env->regs[R_EAX]=00000064
EAX=00000064 EBX=00010000 ECX=00000000 EDX=00000064
ESI=00000000 EDI=00000000 EBP=00000000 ESP=00112eb4
EIP=00104831 EFL=00000293 [--S-A-C] CPL=0 II=0 A20=1 SMM=0 HLT=0
ES =0010 00000000 ffffffff 00cf9300 DPL=0 DS   [-WA]
CS =0008 00000000 ffffffff 00cf9a00 DPL=0 CS32 [-R-]
SS =0010 00000000 ffffffff 00cf9300 DPL=0 DS   [-WA]
DS =0010 00000000 ffffffff 00cf9300 DPL=0 DS   [-WA]
FS =0010 00000000 ffffffff 00cf9300 DPL=0 DS   [-WA]
GS =0010 00000000 ffffffff 00cf9300 DPL=0 DS   [-WA]
LDT=0000 00000000 0000ffff 00008200 DPL=0 LDT
TR =0028 00113020 00000067 00008900 DPL=0 TSS32-avl
GDT=     001130a0 0000002f
IDT=     00113100 000007ff
CR0=80000011 CR2=00000000 CR3=0011f000 CR4=00000000
DR0=00000000 DR1=00000000 DR2=00000000 DR3=00000000 
DR6=ffff0ff0 DR7=00000400
CCS=00000091 CCD=ffffff9d CCO=EFLAGS
EFER=0000000000000000
Servicing hardware INT=0x20
   345: v=20 e=0000 i=0 cpl=0 IP=0008:00104831 pc=00104831 SP=0010:00112eb4 env->regs[R_EAX]=00000064
EAX=00000064 EBX=00010000 ECX=00000000 EDX=00000064
ESI=00000000 EDI=00000000 EBP=00000000 ESP=00112eb4
EIP=00104831 EFL=00000293 [--S-A-C] CPL=0 II=0 A20=1 SMM=0 HLT=0
ES =0010 00000000 ffffffff 00cf9300 DPL=0 DS   [-WA]
CS =0008 00000000 ffffffff 00cf9a00 DPL=0 CS32 [-R-]
SS =0010 00000000 ffffffff 00cf9300 DPL=0 DS   [-WA]
DS =0010 00000000 ffffffff 00cf9300 DPL=0 DS   [-WA]
FS =0010 00000000 ffffffff 00cf9300 DPL=0 DS   [-WA]
GS =0010 00000000 ffffffff 00cf9300 DPL=0 DS   [-WA]
LDT=0000 00000000 0000ffff 00008200 DPL=0 LDT
TR =0028 00113020 00000067 00008900 DPL=0 TSS32-avl
GDT=     001130a0 0000002f
IDT=     00113100 000007ff
CR0=80000011 CR2=00000000 CR3=0011f000 CR4=00000000
DR0=00000000 DR1=00000000 DR2=00000000 DR3=00000000 
DR6=ffff0ff0 DR7=00000400
CCS=00000091 CCD=ffffff9e CCO=EFLAGS
EFER=0000000000000000
Servicing hardware INT=0x20
   346: v=20 e=0000 i=0 cpl=0 IP=0008:00104831 pc=00104831 SP=0010:00112eb4 env->regs[R_EAX]=00000064
EAX=00000064 EBX=00010000 ECX=00000000 EDX=00000064
ESI=00000000 EDI=00000000 EBP=00000000 ESP=00112eb4
EIP=00104831 EFL=00000297 [--S-APC] CPL=0 II=0 A20=1 SMM=0 HLT=0
ES =0010 00000000 ffffffff 00cf9300 DPL=0 DS   [-WA]
CS =0008 00000000 ffffffff 00cf9a00 DPL=0 CS32 [-R-]
SS =0010 00000000 ffffffff 00cf9300 DPL=0 DS   [-WA]
DS =0010 00000000 ffffffff 00cf9300 DPL=0 DS   [-WA]
FS =0010 00000000 ffffffff 00cf9300 DPL=0 DS   [-WA]
GS =0010 00000000 ffffffff 00cf9300 DPL=0 DS   [-WA]
LDT=0000 00000000 0000ffff 00008200 DPL=0 LDT
TR =0028 00113020 00000067 00008900 DPL=0 TSS32-avl
GDT=     001130a0 0000002f
IDT=     00113100 000007ff
CR0=80000011 CR2=00000000 CR3=0011f000 CR4=00000000
DR0=00000000 DR1=00000000 DR2=00000000 DR3=00000000 
DR6=ffff0ff0 DR7=00000400
CCS=00000095 CCD=ffffff9f CCO=EFLAGS
EFER=0000000000000000
Servicing hardware INT=0x20
   347: v=20 e=0000 i=0 cpl=0 IP=0008:00104831 pc=00104831 SP=0010:00112eb4 env->regs[R_EAX]=00000064
EAX=00000064 EBX=00010000 ECX=00000000 EDX=00000064
ESI=00000000 EDI=00000000 EBP=00000000 ESP=00112eb4
EIP=00104831 EFL=00000287 [--S--PC] CPL=0 II=0 A20=1 SMM=0 HLT=0
ES =0010 00000000 ffffffff 00cf9300 DPL=0 DS   [-WA]
CS =0008 00000000 ffffffff 00cf9a00 DPL=0 CS32 [-R-]
SS =0010 00000000 ffffffff 00cf9300 DPL=0 DS   [-WA]
DS =0010 00000000 ffffffff 00cf9300 DPL=0 DS   [-WA]
FS =0010 00000000 ffffffff 00cf9300 DPL=0 DS   [-WA]
GS =0010 00000000 ffffffff 00cf9300 DPL=0 DS   [-WA]
LDT=0000 00000000 0000ffff 00008200 DPL=0 LDT
TR =0028 00113020 00000067 00008900 DPL=0 TSS32-avl
GDT=     001130a0 0000002f
IDT=     00113100 000007ff
CR0=80000011 CR2=00000000 CR3=0011f000 CR4=00000000
DR0=00000000 DR1=00000000 DR2=00000000 DR3=00000000 
DR6=ffff0ff0 DR7=00000400
CCS=00000085 CCD=ffffffa0 CCO=EFLAGS
EFER=0000000000000000
Servicing hardware INT=0x20
   348: v=20 e=0000 i=0 cpl=0 IP=0008:00104831 pc=00104831 SP=0010:00112eb4 env->regs[R_EAX]=00000064
EAX=00000064 EBX=00010000 ECX=00000000 EDX=00000064
ESI=00000000 EDI=00000000 EBP=00000000 ESP=00112eb4
EIP=00104831 EFL=00000283 [--S---C] CPL=0 II=0 A20=1 SMM=0 HLT=0
ES =0010 00000000 ffffffff 00cf9300 DPL=0 DS   [-WA]
CS =0008 00000000 ffffffff 00cf9a00 DPL=0 CS32 [-R-]
SS =0010 00000000 ffffffff 00cf9300 DPL=0 DS   [-WA]
DS =0010 00000000 ffffffff 00cf9300 DPL=0 DS   [-WA]
FS =0010 00000000 ffffffff 00cf9300 DPL=0 DS   [-WA]
GS =0010 00000000 ffffffff 00cf9300 DPL=0 DS   [-WA]
LDT=0000 00000000 0000ffff 00008200 DPL=0 LDT
TR =0028 00113020 00000067 00008900 DPL=0 TSS32-avl
GDT=     001130a0 0000002f
IDT=     00113100 000007ff
CR0=80000011 CR2=00000000 CR3=0011f000 CR4=00000000
DR0=00000000 DR1=00000000 DR2=00000000 DR3=00000000 
DR6=ffff0ff0 DR7=00000400
CCS=00000081 CCD=ffffffa1 CCO=EFLAGS
EFER=0000000000000000
Servicing hardware INT=0x20
   349: v=20 e=0000 i=0 cpl=0 IP=0008:00104831 pc=00104831 SP=0010:00112eb4 env->regs[R_EAX]=00000064
EAX=00000064 EBX=00010000 ECX=00000000 EDX=00000064
ESI=00000000 EDI=00000000 EBP=00000000 ESP=00112eb4
EIP=00104831 EFL=00000283 [--S---C] CPL=0 II=0 A20=1 SMM=0 HLT=0
ES =0010 00000000 ffffffff 00cf9300 DPL=0 DS   [-WA]
CS =0008 00000000 ffffffff 00cf9a00 DPL=0 CS32 [-R-]
SS =0010 00000000 ffffffff 00cf9300 DPL=0 DS   [-WA]
DS =0010 00000000 ffffffff 00cf9300 DPL=0 DS   [-WA]
FS =0010 00000000 ffffffff 00cf9300 DPL=0 DS   [-WA]
GS =0010 00000000 ffffffff 00cf9300 DPL=0 DS   [-WA]
LDT=0000 00000000 0000ffff 00008200 DPL=0 LDT
TR =0028 00113020 00000067 00008900 DPL=0 TSS32-avl
GDT=     001130a0 0000002f
IDT=     00113100 000007ff
CR0=80000011 CR2=00000000 CR3=0011f000 CR4=00000000
DR0=00000000 DR1=00000000 DR2=00000000 DR3=00000000 
DR6=ffff0ff0 DR7=00000400
CCS=00000081 CCD=ffffffa2 CCO=EFLAGS
EFER=0000000000000000
Servicing hardware INT=0x20
   350: v=20 e=0000 i=0 cpl=0 IP=0008:00104831 pc=00104831 SP=0010:00112eb4 env->regs[R_EAX]=00000064
EAX=00000064 EBX=00010000 ECX=00000000 EDX=00000064
ESI=00000000 EDI=00000000 EBP=00000000 ESP=00112eb4
EIP=00104831 EFL=00000287 [--S--PC] CPL=0 II=0 A20=1 SMM=0 HLT=0
ES =0010 00000000 ffffffff 00cf9300 DPL=0 DS   [-WA]
CS =0008 00000000 ffffffff 00cf9a00 DPL=0 CS32 [-R-]
SS =0010 00000000 ffffffff 00cf9300 DPL=0 DS   [-WA]
DS =0010 00000000 ffffffff 00cf9300 DPL=0 DS   [-WA]
FS =0010 00000000 ffffffff 00cf9300 DPL=0 DS   [-WA]
GS =0010 00000000 ffffffff 00cf9300 DPL=0 DS   [-WA]
LDT=0000 00000000 0000ffff 00008200 DPL=0 LDT
TR =0028 00113020 00000067 00008900 DPL=0 TSS32-avl
GDT=     001130a0 0000002f
IDT=     00113100 000007ff
CR0=80000011 CR2=00000000 CR3=0011f000 CR4=00000000
DR0=00000000 DR1=00000000 DR2=00000000 DR3=00000000 
DR6=ffff0ff0 DR7=00000400
CCS=00000085 CCD=ffffffa3 CCO=EFLAGS
EFER=0000000000000000
Servicing hardware INT=0x20
   351: v=20 e=0000 i=0 cpl=0 IP=0008:00104831 pc=00104831 SP=0010:00112eb4 env->regs[R_EAX]=00000064
EAX=00000064 EBX=00010000 ECX=00000000 EDX=00000064
ESI=00000000 EDI=00000000 EBP=00000000 ESP=00112eb4
EIP=00104831 EFL=00000283 [--S---C] CPL=0 II=0 A20=1 SMM=0 HLT=0
ES =0010 00000000 ffffffff 00cf9300 DPL=0 DS   [-WA]
CS =0008 00000000 ffffffff 00cf9a00 DPL=0 CS32 [-R-]
SS =0010 00000000 ffffffff 00cf9300 DPL=0 DS   [-WA]
DS =0010 00000000 ffffffff 00cf9300 DPL=0 DS   [-WA]
FS =0010 00000000 ffffffff 00cf9300 DPL=0 DS   [-WA]
GS =0010 00000000 ffffffff 00cf9300 DPL=0 DS   [-WA]
LDT=0000 00000000 0000ffff 00008200 DPL=0 LDT
TR =0028 00113020 00000067 00008900 DPL=0 TSS32-avl
GDT=     001130a0 0000002f
IDT=     00113100 000007ff
CR0=80000011 CR2=00000000 CR3=0011f000 CR4=00000000
DR0=00000000 DR1=00000000 DR2=00000000 DR3=00000000 
DR6=ffff0ff0 DR7=00000400
CCS=00000081 CCD=ffffffa4 CCO=EFLAGS
EFER=0000000000000000
Servicing hardware INT=0x20
   352: v=20 e=0000 i=0 cpl=0 IP=0008:00104831 pc=00104831 SP=0010:00112eb4 env->regs[R_EAX]=00000064
EAX=00000064 EBX=00010000 ECX=00000000 EDX=00000064
ESI=00000000 EDI=00000000 EBP=00000000 ESP=00112eb4
EIP=00104831 EFL=00000287 [--S--PC] CPL=0 II=0 A20=1 SMM=0 HLT=0
ES =0010 00000000 ffffffff 00cf9300 DPL=0 DS   [-WA]
CS =0008 00000000 ffffffff 00cf9a00 DPL=0 CS32 [-R-]
SS =0010 00000000 ffffffff 00cf9300 DPL=0 DS   [-WA]
DS =0010 00000000 ffffffff 00cf9300 DPL=0 DS   [-WA]
FS =0010 00000000 ffffffff 00cf9300 DPL=0 DS   [-WA]
GS =0010 00000000 ffffffff 00cf9300 DPL=0 DS   [-WA]
LDT=0000 00000000 0000ffff 00008200 DPL=0 LDT
TR =0028 00113020 00000067 00008900 DPL=0 TSS32-avl
GDT=     001130a0 0000002f
IDT=     00113100 000007ff
CR0=80000011 CR2=00000000 CR3=0011f000 CR4=00000000
DR0=00000000 DR1=00000000 DR2=00000000 DR3=00000000 
DR6=ffff0ff0 DR7=00000400
CCS=00000085 CCD=ffffffa5 CCO=EFLAGS
EFER=0000000000000000
Servicing hardware INT=0x20
   353: v=20 e=0000 i=0 cpl=0 IP=0008:00104831 pc=00104831 SP=0010:00112eb4 env->regs[R_EAX]=00000064
EAX=00000064 EBX=00010000 ECX=00000000 EDX=00000064
ESI=00000000 EDI=00000000 EBP=00000000 ESP=00112eb4
EIP=00104831 EFL=00000287 [--S--PC] CPL=0 II=0 A20=1 SMM=0 HLT=0
ES =0010 00000000 ffffffff 00cf9300 DPL=0 DS   [-WA]
CS =0008 00000000 ffffffff 00cf9a00 DPL=0 CS32 [-R-]
SS =0010 00000000 ffffffff 00cf9300 DPL=0 DS   [-WA]
DS =0010 00000000 ffffffff 00cf9300 DPL=0 DS   [-WA]
FS =0010 00000000 ffffffff 00cf9300 DPL=0 DS   [-WA]
GS =0010 00000000 ffffffff 00cf9300 DPL=0 DS   [-WA]
LDT=0000 00000000 0000ffff 00008200 DPL=0 LDT
TR =0028 00113020 00000067 00008900 DPL=0 TSS32-avl
GDT=     001130a0 0000002f
IDT=     00113100 000007ff
CR0=80000011 CR2=00000000 CR3=0011f000 CR4=00000000
DR0=00000000 DR1=00000000 DR2=00000000 DR3=00000000 
DR6=ffff0ff0 DR7=00000400
CCS=00000085 CCD=ffffffa6 CCO=EFLAGS
EFER=0000000000000000
Servicing hardware INT=0x20
   354: v=20 e=0000 i=0 cpl=0 IP=0008:00104831 pc=00104831 SP=0010:00112eb4 env->regs[R_EAX]=00000064
EAX=00000064 EBX=00010000 ECX=00000000 EDX=00000064
ESI=00000000 EDI=00000000 EBP=00000000 ESP=00112eb4
EIP=00104831 EFL=00000283 [--S---C] CPL=0 II=0 A20=1 SMM=0 HLT=0
ES =0010 00000000 ffffffff 00cf9300 DPL=0 DS   [-WA]
CS =0008 00000000 ffffffff 00cf9a00 DPL=0 CS32 [-R-]
SS =0010 00000000 ffffffff 00cf9300 DPL=0 DS   [-WA]
DS =0010 00000000 ffffffff 00cf9300 DPL=0 DS   [-WA]
FS =0010 00000000 ffffffff 00cf9300 DPL=0 DS   [-WA]
GS =0010 00000000 ffffffff 00cf9300 DPL=0 DS   [-WA]
LDT=0000 00000000 0000ffff 00008200 DPL=0 LDT
TR =0028 00113020 00000067 00008900 DPL=0 TSS32-avl
GDT=     001130a0 0000002f
IDT=     00113100 000007ff
CR0=80000011 CR2=00000000 CR3=0011f000 CR4=00000000
DR0=00000000 DR1=00000000 DR2=00000000 DR3=00000000 
DR6=ffff0ff0 DR7=00000400
CCS=00000081 CCD=ffffffa7 CCO=EFLAGS
EFER=0000000000000000
Servicing hardware INT=0x20
   355: v=20 e=0000 i=0 cpl=0 IP=0008:00104831 pc=00104831 SP=0010:00112eb4 env->regs[R_EAX]=00000064
EAX=00000064 EBX=00010000 ECX=00000000 EDX=00000064
ESI=00000000 EDI=00000000 EBP=00000000 ESP=00112eb4
EIP=00104831 EFL=00000283 [--S---C] CPL=0 II=0 A20=1 SMM=0 HLT=0
ES =0010 00000000 ffffffff 00cf9300 DPL=0 DS   [-WA]
CS =0008 00000000 ffffffff 00cf9a00 DPL=0 CS32 [-R-]
SS =0010 00000000 ffffffff 00cf9300 DPL=0 DS   [-WA]
DS =0010 00000000 ffffffff 00cf9300 DPL=0 DS   [-WA]
FS =0010 00000000 ffffffff 00cf9300 DPL=0 DS   [-WA]
GS =0010 00000000 ffffffff 00cf9300 DPL=0 DS   [-WA]
LDT=0000 00000000 0000ffff 00008200 DPL=0 LDT
TR =0028 00113020 00000067 00008900 DPL=0 TSS32-avl
GDT=     001130a0 0000002f
IDT=     00113100 000007ff
CR0=80000011 CR2=00000000 CR3=0011f000 CR4=00000000
DR0=00000000 DR1=00000000 DR2=00000000 DR3=00000000 
DR6=ffff0ff0 DR7=00000400
CCS=00000081 CCD=ffffffa8 CCO=EFLAGS
EFER=0000000000000000
Servicing hardware INT=0x20
   356: v=20 e=0000 i=0 cpl=0 IP=0008:00104831 pc=00104831 SP=0010:00112eb4 env->regs[R_EAX]=00000064
EAX=00000064 EBX=00010000 ECX=00000000 EDX=00000064
ESI=00000000 EDI=00000000 EBP=00000000 ESP=00112eb4
EIP=00104831 EFL=00000287 [--S--PC] CPL=0 II=0 A20=1 SMM=0 HLT=0
ES =0010 00000000 ffffffff 00cf9300 DPL=0 DS   [-WA]
CS =0008 00000000 ffffffff 00cf9a00 DPL=0 CS32 [-R-]
SS =0010 00000000 ffffffff 00cf9300 DPL=0 DS   [-WA]
DS =0010 00000000 ffffffff 00cf9300 DPL=0 DS   [-WA]
FS =0010 00000000 ffffffff 00cf9300 DPL=0 DS   [-WA]
GS =0010 00000000 ffffffff 00cf9300 DPL=0 DS   [-WA]
LDT=0000 00000000 0000ffff 00008200 DPL=0 LDT
TR =0028 00113020 00000067 00008900 DPL=0 TSS32-avl
GDT=     001130a0 0000002f
IDT=     00113100 000007ff
CR0=80000011 CR2=00000000 CR3=0011f000 CR4=00000000
DR0=00000000 DR1=00000000 DR2=00000000 DR3=00000000 
DR6=ffff0ff0 DR7=00000400
CCS=00000085 CCD=ffffffa9 CCO=EFLAGS
EFER=0000000000000000
