SMM: enter
EAX=00000000 EBX=00000000 ECX=02000000 EDX=02000628
ESI=0000000b EDI=02000000 EBP=06fed140 ESP=00006d54
EIP=000f055d EFL=00000046 [---Z-P-] CPL=0 II=0 A20=1 SMM=0 HLT=0
ES =0010 00000000 ffffffff 00cf9300 DPL=0 DS   [-WA]
CS =0008 00000000 ffffffff 00cf9b00 DPL=0 CS32 [-RA]
SS =0010 00000000 ffffffff 00cf9300 DPL=0 DS   [-WA]
DS =0010 00000000 ffffffff 00cf9300 DPL=0 DS   [-WA]
FS =0010 00000000 ffffffff 00cf9300 DPL=0 DS   [-WA]
GS =0010 00000000 ffffffff 00cf9300 DPL=0 DS   [-WA]
LDT=0000 00000000 0000ffff 00008200 DPL=0 LDT
TR =0000 00000000 0000ffff 00008b00 DPL=0 TSS32-busy
GDT=     000f7420 00000037
IDT=     000f745e 00000000
CR0=00000011 CR2=00000000 CR3=00000000 CR4=00000000
DR0=00000000 DR1=00000000 DR2=00000000 DR3=00000000 
DR6=ffff0ff0 DR7=00000400
CCS=00000044 CCD=ffffffff CCO=EFLAGS
EFER=0000000000000000
SMM: after RSM
EAX=00000000 EBX=00000000 ECX=02000000 EDX=02000628
ESI=0000000b EDI=02000000 EBP=06fed140 ESP=00006d54
EIP=000f055d EFL=00000046 [---Z-P-] CPL=0 II=0 A20=1 SMM=0 HLT=0
ES =0010 00000000 ffffffff 00c09300 DPL=0 DS   [-WA]
CS =0008 00000000 ffffffff 00c09b00 DPL=0 CS32 [-RA]
SS =0010 00000000 ffffffff 00c09300 DPL=0 DS   [-WA]
DS =0010 00000000 ffffffff 00c09300 DPL=0 DS   [-WA]
FS =0010 00000000 ffffffff 00c09300 DPL=0 DS   [-WA]
GS =0010 00000000 ffffffff 00c09300 DPL=0 DS   [-WA]
LDT=0000 00000000 0000ffff 00008200 DPL=0 LDT
TR =0000 00000000 0000ffff 00008b00 DPL=0 TSS32-busy
GDT=     000f7420 00000037
IDT=     000f745e 00000000
CR0=00000011 CR2=00000000 CR3=00000000 CR4=00000000
DR0=00000000 DR1=00000000 DR2=00000000 DR3=00000000 
DR6=ffff0ff0 DR7=00000400
CCS=00000044 CCD=00000000 CCO=EFLAGS
EFER=0000000000000000
SMM: enter
EAX=000000b5 EBX=000f86ac ECX=00001234 EDX=00006cff
ESI=00006cc8 EDI=06fff761 EBP=00006c88 ESP=00006c88
EIP=000086a9 EFL=00000006 [-----P-] CPL=0 II=0 A20=1 SMM=0 HLT=0
ES =de80 000de800 ffffffff 008f9300
CS =f000 000f0000 ffffffff 008f9b00
SS =0000 00000000 ffffffff 008f9300
DS =0000 00000000 ffffffff 008f9300
FS =0000 00000000 ffffffff 008f9300
GS =0000 00000000 ffffffff 008f9300
LDT=0000 00000000 0000ffff 00008200
TR =0000 00000000 0000ffff 00008b00
GDT=     00000000 00000000
IDT=     00000000 000003ff
CR0=00000010 CR2=00000000 CR3=00000000 CR4=00000000
DR0=00000000 DR1=00000000 DR2=00000000 DR3=00000000 
DR6=ffff0ff0 DR7=00000400
CCS=00000000 CCD=00006c88 CCO=ADDL
EFER=0000000000000000
SMM: after RSM
EAX=000000b5 EBX=000f86ac ECX=00001234 EDX=00006cff
ESI=00006cc8 EDI=06fff761 EBP=00006c88 ESP=00006c88
EIP=000f86ac EFL=00000046 [---Z-P-] CPL=0 II=0 A20=1 SMM=0 HLT=0
ES =0010 00000000 ffffffff 00c09300 DPL=0 DS   [-WA]
CS =0008 00000000 ffffffff 00c09b00 DPL=0 CS32 [-RA]
SS =0010 00000000 ffffffff 00c09300 DPL=0 DS   [-WA]
DS =0010 00000000 ffffffff 00c09300 DPL=0 DS   [-WA]
FS =0010 00000000 ffffffff 00c09300 DPL=0 DS   [-WA]
GS =0010 00000000 ffffffff 00c09300 DPL=0 DS   [-WA]
LDT=0000 00000000 0000ffff 00008200 DPL=0 LDT
TR =0000 00000000 0000ffff 00008b00 DPL=0 TSS32-busy
GDT=     000f7420 00000037
IDT=     000f745e 00000000
CR0=00000011 CR2=00000000 CR3=00000000 CR4=00000000
DR0=00000000 DR1=00000000 DR2=00000000 DR3=00000000 
DR6=ffff0ff0 DR7=00000400
CCS=00000044 CCD=00000000 CCO=EFLAGS
EFER=0000000000000000
SMM: enter
EAX=000000b5 EBX=000086c6 ECX=00005678 EDX=06fffe68
ESI=000ed6e0 EDI=06fff761 EBP=00006c88 ESP=00006c88
EIP=000f86c3 EFL=00000016 [----AP-] CPL=0 II=0 A20=1 SMM=0 HLT=0
ES =0010 00000000 ffffffff 00c09300 DPL=0 DS   [-WA]
CS =0008 00000000 ffffffff 00c09b00 DPL=0 CS32 [-RA]
SS =0010 00000000 ffffffff 00c09300 DPL=0 DS   [-WA]
DS =0010 00000000 ffffffff 00c09300 DPL=0 DS   [-WA]
FS =0010 00000000 ffffffff 00c09300 DPL=0 DS   [-WA]
GS =0010 00000000 ffffffff 00c09300 DPL=0 DS   [-WA]
LDT=0000 00000000 0000ffff 00008200 DPL=0 LDT
TR =0000 00000000 0000ffff 00008b00 DPL=0 TSS32-busy
GDT=     000f7420 00000037
IDT=     000f745e 00000000
CR0=00000011 CR2=00000000 CR3=00000000 CR4=00000000
DR0=00000000 DR1=00000000 DR2=00000000 DR3=00000000 
DR6=ffff0ff0 DR7=00000400
CCS=00000008 CCD=00006c74 CCO=ADDL
EFER=0000000000000000
SMM: after RSM
EAX=000000b5 EBX=000086c6 ECX=00005678 EDX=06fffe68
ESI=000ed6e0 EDI=06fff761 EBP=00006c88 ESP=00006c88
EIP=000086c6 EFL=00000006 [-----P-] CPL=0 II=0 A20=1 SMM=0 HLT=0
ES =de80 000de800 ffffffff 00809300
CS =f000 000f0000 ffffffff 00809b00
SS =0000 00000000 ffffffff 00809300
DS =0000 00000000 ffffffff 00809300
FS =0000 00000000 ffffffff 00809300
GS =0000 00000000 ffffffff 00809300
LDT=0000 00000000 0000ffff 00008200
TR =0000 00000000 0000ffff 00008b00
GDT=     00000000 00000000
IDT=     00000000 000003ff
CR0=00000010 CR2=00000000 CR3=00000000 CR4=00000000
DR0=00000000 DR1=00000000 DR2=00000000 DR3=00000000 
DR6=ffff0ff0 DR7=00000400
CCS=00000004 CCD=00000001 CCO=EFLAGS
EFER=0000000000000000
SMM: enter
EAX=000000b5 EBX=000f86ac ECX=00001234 EDX=000069ff
ESI=000069ae EDI=06fff761 EBP=0000696e ESP=0000696e
EIP=000086a9 EFL=00000002 [-------] CPL=0 II=0 A20=1 SMM=0 HLT=0
ES =de80 000de800 ffffffff 008f9300
CS =f000 000f0000 ffffffff 008f9b00
SS =0000 00000000 ffffffff 008f9300
DS =0000 00000000 ffffffff 008f9300
FS =0000 00000000 ffffffff 008f9300
GS =c900 000c9000 ffffffff 008f9300
LDT=0000 00000000 0000ffff 00008200
TR =0000 00000000 0000ffff 00008b00
GDT=     00000000 00000000
IDT=     00000000 000003ff
CR0=00000010 CR2=00000000 CR3=00000000 CR4=00000000
DR0=00000000 DR1=00000000 DR2=00000000 DR3=00000000 
DR6=ffff0ff0 DR7=00000400
CCS=00000000 CCD=0000696e CCO=ADDL
EFER=0000000000000000
SMM: after RSM
EAX=000000b5 EBX=000f86ac ECX=00001234 EDX=000069ff
ESI=000069ae EDI=06fff761 EBP=0000696e ESP=0000696e
EIP=000f86ac EFL=00000046 [---Z-P-] CPL=0 II=0 A20=1 SMM=0 HLT=0
ES =0010 00000000 ffffffff 00c09300 DPL=0 DS   [-WA]
CS =0008 00000000 ffffffff 00c09b00 DPL=0 CS32 [-RA]
SS =0010 00000000 ffffffff 00c09300 DPL=0 DS   [-WA]
DS =0010 00000000 ffffffff 00c09300 DPL=0 DS   [-WA]
FS =0010 00000000 ffffffff 00c09300 DPL=0 DS   [-WA]
GS =0010 00000000 ffffffff 00c09300 DPL=0 DS   [-WA]
LDT=0000 00000000 0000ffff 00008200 DPL=0 LDT
TR =0000 00000000 0000ffff 00008b00 DPL=0 TSS32-busy
GDT=     000f7420 00000037
IDT=     000f745e 00000000
CR0=00000011 CR2=00000000 CR3=00000000 CR4=00000000
DR0=00000000 DR1=00000000 DR2=00000000 DR3=00000000 
DR6=ffff0ff0 DR7=00000400
CCS=00000044 CCD=00000000 CCO=EFLAGS
EFER=0000000000000000
SMM: enter
EAX=000000b5 EBX=000086c6 ECX=00005678 EDX=00000005
ESI=00000000 EDI=06fff761 EBP=0000696e ESP=0000696e
EIP=000f86c3 EFL=00000006 [-----P-] CPL=0 II=0 A20=1 SMM=0 HLT=0
ES =0010 00000000 ffffffff 00c09300 DPL=0 DS   [-WA]
CS =0008 00000000 ffffffff 00c09b00 DPL=0 CS32 [-RA]
SS =0010 00000000 ffffffff 00c09300 DPL=0 DS   [-WA]
DS =0010 00000000 ffffffff 00c09300 DPL=0 DS   [-WA]
FS =0010 00000000 ffffffff 00c09300 DPL=0 DS   [-WA]
GS =0010 00000000 ffffffff 00c09300 DPL=0 DS   [-WA]
LDT=0000 00000000 0000ffff 00008200 DPL=0 LDT
TR =0000 00000000 0000ffff 00008b00 DPL=0 TSS32-busy
GDT=     000f7420 00000037
IDT=     000f745e 00000000
CR0=00000011 CR2=00000000 CR3=00000000 CR4=00000000
DR0=00000000 DR1=00000000 DR2=00000000 DR3=00000000 
DR6=ffff0ff0 DR7=00000400
CCS=00000008 CCD=0000695a CCO=ADDL
EFER=0000000000000000
SMM: after RSM
EAX=000000b5 EBX=000086c6 ECX=00005678 EDX=00000005
ESI=00000000 EDI=06fff761 EBP=0000696e ESP=0000696e
EIP=000086c6 EFL=00000002 [-------] CPL=0 II=0 A20=1 SMM=0 HLT=0
ES =de80 000de800 ffffffff 00809300
CS =f000 000f0000 ffffffff 00809b00
SS =0000 00000000 ffffffff 00809300
DS =0000 00000000 ffffffff 00809300
FS =0000 00000000 ffffffff 00809300
GS =c900 000c9000 ffffffff 00809300
LDT=0000 00000000 0000ffff 00008200
TR =0000 00000000 0000ffff 00008b00
GDT=     00000000 00000000
IDT=     00000000 000003ff
CR0=00000010 CR2=00000000 CR3=00000000 CR4=00000000
DR0=00000000 DR1=00000000 DR2=00000000 DR3=00000000 
DR6=ffff0ff0 DR7=00000400
CCS=00000000 CCD=00000001 CCO=EFLAGS
EFER=0000000000000000
SMM: enter
EAX=000000b5 EBX=000f86ac ECX=00001234 EDX=000069ff
ESI=000069a8 EDI=06fff761 EBP=00006968 ESP=00006968
EIP=000086a9 EFL=00000002 [-------] CPL=0 II=0 A20=1 SMM=0 HLT=0
ES =de80 000de800 ffffffff 00809300
CS =f000 000f0000 ffffffff 00809b00
SS =0000 00000000 ffffffff 00809300
DS =0000 00000000 ffffffff 00809300
FS =0000 00000000 ffffffff 00809300
GS =c900 000c9000 ffffffff 00809300
LDT=0000 00000000 0000ffff 00008200
TR =0000 00000000 0000ffff 00008b00
GDT=     00000000 00000000
IDT=     00000000 000003ff
CR0=00000010 CR2=00000000 CR3=00000000 CR4=00000000
DR0=00000000 DR1=00000000 DR2=00000000 DR3=00000000 
DR6=ffff0ff0 DR7=00000400
CCS=00000000 CCD=00006968 CCO=ADDL
EFER=0000000000000000
SMM: after RSM
EAX=000000b5 EBX=000f86ac ECX=00001234 EDX=000069ff
ESI=000069a8 EDI=06fff761 EBP=00006968 ESP=00006968
EIP=000f86ac EFL=00000046 [---Z-P-] CPL=0 II=0 A20=1 SMM=0 HLT=0
ES =0010 00000000 ffffffff 00c09300 DPL=0 DS   [-WA]
CS =0008 00000000 ffffffff 00c09b00 DPL=0 CS32 [-RA]
SS =0010 00000000 ffffffff 00c09300 DPL=0 DS   [-WA]
DS =0010 00000000 ffffffff 00c09300 DPL=0 DS   [-WA]
FS =0010 00000000 ffffffff 00c09300 DPL=0 DS   [-WA]
GS =0010 00000000 ffffffff 00c09300 DPL=0 DS   [-WA]
LDT=0000 00000000 0000ffff 00008200 DPL=0 LDT
TR =0000 00000000 0000ffff 00008b00 DPL=0 TSS32-busy
GDT=     000f7420 00000037
IDT=     000f745e 00000000
CR0=00000011 CR2=00000000 CR3=00000000 CR4=00000000
DR0=00000000 DR1=00000000 DR2=00000000 DR3=00000000 
DR6=ffff0ff0 DR7=00000400
CCS=00000044 CCD=00000000 CCO=EFLAGS
EFER=0000000000000000
SMM: enter
EAX=000000b5 EBX=000086c6 ECX=00005678 EDX=00000003
ESI=06fd40e0 EDI=06fff761 EBP=00006968 ESP=00006968
EIP=000f86c3 EFL=00000012 [----A--] CPL=0 II=0 A20=1 SMM=0 HLT=0
ES =0010 00000000 ffffffff 00c09300 DPL=0 DS   [-WA]
CS =0008 00000000 ffffffff 00c09b00 DPL=0 CS32 [-RA]
SS =0010 00000000 ffffffff 00c09300 DPL=0 DS   [-WA]
DS =0010 00000000 ffffffff 00c09300 DPL=0 DS   [-WA]
FS =0010 00000000 ffffffff 00c09300 DPL=0 DS   [-WA]
GS =0010 00000000 ffffffff 00c09300 DPL=0 DS   [-WA]
LDT=0000 00000000 0000ffff 00008200 DPL=0 LDT
TR =0000 00000000 0000ffff 00008b00 DPL=0 TSS32-busy
GDT=     000f7420 00000037
IDT=     000f745e 00000000
CR0=00000011 CR2=00000000 CR3=00000000 CR4=00000000
DR0=00000000 DR1=00000000 DR2=00000000 DR3=00000000 
DR6=ffff0ff0 DR7=00000400
CCS=00000008 CCD=00006954 CCO=ADDL
EFER=0000000000000000
SMM: after RSM
EAX=000000b5 EBX=000086c6 ECX=00005678 EDX=00000003
ESI=06fd40e0 EDI=06fff761 EBP=00006968 ESP=00006968
EIP=000086c6 EFL=00000002 [-------] CPL=0 II=0 A20=1 SMM=0 HLT=0
ES =de80 000de800 ffffffff 00809300
CS =f000 000f0000 ffffffff 00809b00
SS =0000 00000000 ffffffff 00809300
DS =0000 00000000 ffffffff 00809300
FS =0000 00000000 ffffffff 00809300
GS =c900 000c9000 ffffffff 00809300
LDT=0000 00000000 0000ffff 00008200
TR =0000 00000000 0000ffff 00008b00
GDT=     00000000 00000000
IDT=     00000000 000003ff
CR0=00000010 CR2=00000000 CR3=00000000 CR4=00000000
DR0=00000000 DR1=00000000 DR2=00000000 DR3=00000000 
DR6=ffff0ff0 DR7=00000400
CCS=00000000 CCD=00000001 CCO=EFLAGS
EFER=0000000000000000
SMM: enter
EAX=000000b5 EBX=000f86ac ECX=00001234 EDX=000069ff
ESI=000069ae EDI=06fff761 EBP=0000696e ESP=0000696e
EIP=000086a9 EFL=00000002 [-------] CPL=0 II=0 A20=1 SMM=0 HLT=0
ES =de80 000de800 ffffffff 00809300
CS =f000 000f0000 ffffffff 00809b00
SS =0000 00000000 ffffffff 00809300
DS =0000 00000000 ffffffff 00809300
FS =0000 00000000 ffffffff 00809300
GS =c900 000c9000 ffffffff 00809300
LDT=0000 00000000 0000ffff 00008200
TR =0000 00000000 0000ffff 00008b00
GDT=     00000000 00000000
IDT=     00000000 000003ff
CR0=00000010 CR2=00000000 CR3=00000000 CR4=00000000
DR0=00000000 DR1=00000000 DR2=00000000 DR3=00000000 
DR6=ffff0ff0 DR7=00000400
CCS=00000000 CCD=0000696e CCO=ADDL
EFER=0000000000000000
SMM: after RSM
EAX=000000b5 EBX=000f86ac ECX=00001234 EDX=000069ff
ESI=000069ae EDI=06fff761 EBP=0000696e ESP=0000696e
EIP=000f86ac EFL=00000046 [---Z-P-] CPL=0 II=0 A20=1 SMM=0 HLT=0
ES =0010 00000000 ffffffff 00c09300 DPL=0 DS   [-WA]
CS =0008 00000000 ffffffff 00c09b00 DPL=0 CS32 [-RA]
SS =0010 00000000 ffffffff 00c09300 DPL=0 DS   [-WA]
DS =0010 00000000 ffffffff 00c09300 DPL=0 DS   [-WA]
FS =0010 00000000 ffffffff 00c09300 DPL=0 DS   [-WA]
GS =0010 00000000 ffffffff 00c09300 DPL=0 DS   [-WA]
LDT=0000 00000000 0000ffff 00008200 DPL=0 LDT
TR =0000 00000000 0000ffff 00008b00 DPL=0 TSS32-busy
GDT=     000f7420 00000037
IDT=     000f745e 00000000
CR0=00000011 CR2=00000000 CR3=00000000 CR4=00000000
DR0=00000000 DR1=00000000 DR2=00000000 DR3=00000000 
DR6=ffff0ff0 DR7=00000400
CCS=00000044 CCD=00000000 CCO=EFLAGS
EFER=0000000000000000
SMM: enter
EAX=000000b5 EBX=000086c6 ECX=00005678 EDX=00000005
ESI=00000000 EDI=06fff761 EBP=0000696e ESP=0000696e
EIP=000f86c3 EFL=00000006 [-----P-] CPL=0 II=0 A20=1 SMM=0 HLT=0
ES =0010 00000000 ffffffff 00c09300 DPL=0 DS   [-WA]
CS =0008 00000000 ffffffff 00c09b00 DPL=0 CS32 [-RA]
SS =0010 00000000 ffffffff 00c09300 DPL=0 DS   [-WA]
DS =0010 00000000 ffffffff 00c09300 DPL=0 DS   [-WA]
FS =0010 00000000 ffffffff 00c09300 DPL=0 DS   [-WA]
GS =0010 00000000 ffffffff 00c09300 DPL=0 DS   [-WA]
LDT=0000 00000000 0000ffff 00008200 DPL=0 LDT
TR =0000 00000000 0000ffff 00008b00 DPL=0 TSS32-busy
GDT=     000f7420 00000037
IDT=     000f745e 00000000
CR0=00000011 CR2=00000000 CR3=00000000 CR4=00000000
DR0=00000000 DR1=00000000 DR2=00000000 DR3=00000000 
DR6=ffff0ff0 DR7=00000400
CCS=00000008 CCD=0000695a CCO=ADDL
EFER=0000000000000000
SMM: after RSM
EAX=000000b5 EBX=000086c6 ECX=00005678 EDX=00000005
ESI=00000000 EDI=06fff761 EBP=0000696e ESP=0000696e
EIP=000086c6 EFL=00000002 [-------] CPL=0 II=0 A20=1 SMM=0 HLT=0
ES =de80 000de800 ffffffff 00809300
CS =f000 000f0000 ffffffff 00809b00
SS =0000 00000000 ffffffff 00809300
DS =0000 00000000 ffffffff 00809300
FS =0000 00000000 ffffffff 00809300
GS =c900 000c9000 ffffffff 00809300
LDT=0000 00000000 0000ffff 00008200
TR =0000 00000000 0000ffff 00008b00
GDT=     00000000 00000000
IDT=     00000000 000003ff
CR0=00000010 CR2=00000000 CR3=00000000 CR4=00000000
DR0=00000000 DR1=00000000 DR2=00000000 DR3=00000000 
DR6=ffff0ff0 DR7=00000400
CCS=00000000 CCD=00000001 CCO=EFLAGS
EFER=0000000000000000
SMM: enter
EAX=000000b5 EBX=000f86ac ECX=00001234 EDX=000069ff
ESI=000069a8 EDI=06fff761 EBP=00006968 ESP=00006968
EIP=000086a9 EFL=00000002 [-------] CPL=0 II=0 A20=1 SMM=0 HLT=0
ES =de80 000de800 ffffffff 00809300
CS =f000 000f0000 ffffffff 00809b00
SS =0000 00000000 ffffffff 00809300
DS =0000 00000000 ffffffff 00809300
FS =0000 00000000 ffffffff 00809300
GS =c900 000c9000 ffffffff 00809300
LDT=0000 00000000 0000ffff 00008200
TR =0000 00000000 0000ffff 00008b00
GDT=     00000000 00000000
IDT=     00000000 000003ff
CR0=00000010 CR2=00000000 CR3=00000000 CR4=00000000
DR0=00000000 DR1=00000000 DR2=00000000 DR3=00000000 
DR6=ffff0ff0 DR7=00000400
CCS=00000000 CCD=00006968 CCO=ADDL
EFER=0000000000000000
SMM: after RSM
EAX=000000b5 EBX=000f86ac ECX=00001234 EDX=000069ff
ESI=000069a8 EDI=06fff761 EBP=00006968 ESP=00006968
EIP=000f86ac EFL=00000046 [---Z-P-] CPL=0 II=0 A20=1 SMM=0 HLT=0
ES =0010 00000000 ffffffff 00c09300 DPL=0 DS   [-WA]
CS =0008 00000000 ffffffff 00c09b00 DPL=0 CS32 [-RA]
SS =0010 00000000 ffffffff 00c09300 DPL=0 DS   [-WA]
DS =0010 00000000 ffffffff 00c09300 DPL=0 DS   [-WA]
FS =0010 00000000 ffffffff 00c09300 DPL=0 DS   [-WA]
GS =0010 00000000 ffffffff 00c09300 DPL=0 DS   [-WA]
LDT=0000 00000000 0000ffff 00008200 DPL=0 LDT
TR =0000 00000000 0000ffff 00008b00 DPL=0 TSS32-busy
GDT=     000f7420 00000037
IDT=     000f745e 00000000
CR0=00000011 CR2=00000000 CR3=00000000 CR4=00000000
DR0=00000000 DR1=00000000 DR2=00000000 DR3=00000000 
DR6=ffff0ff0 DR7=00000400
CCS=00000044 CCD=00000000 CCO=EFLAGS
EFER=0000000000000000
SMM: enter
EAX=000000b5 EBX=000086c6 ECX=00005678 EDX=00000003
ESI=06f340e0 EDI=06fff761 EBP=00006968 ESP=00006968
EIP=000f86c3 EFL=00000012 [----A--] CPL=0 II=0 A20=1 SMM=0 HLT=0
ES =0010 00000000 ffffffff 00c09300 DPL=0 DS   [-WA]
CS =0008 00000000 ffffffff 00c09b00 DPL=0 CS32 [-RA]
SS =0010 00000000 ffffffff 00c09300 DPL=0 DS   [-WA]
DS =0010 00000000 ffffffff 00c09300 DPL=0 DS   [-WA]
FS =0010 00000000 ffffffff 00c09300 DPL=0 DS   [-WA]
GS =0010 00000000 ffffffff 00c09300 DPL=0 DS   [-WA]
LDT=0000 00000000 0000ffff 00008200 DPL=0 LDT
TR =0000 00000000 0000ffff 00008b00 DPL=0 TSS32-busy
GDT=     000f7420 00000037
IDT=     000f745e 00000000
CR0=00000011 CR2=00000000 CR3=00000000 CR4=00000000
DR0=00000000 DR1=00000000 DR2=00000000 DR3=00000000 
DR6=ffff0ff0 DR7=00000400
CCS=00000008 CCD=00006954 CCO=ADDL
EFER=0000000000000000
SMM: after RSM
EAX=000000b5 EBX=000086c6 ECX=00005678 EDX=00000003
ESI=06f340e0 EDI=06fff761 EBP=00006968 ESP=00006968
EIP=000086c6 EFL=00000002 [-------] CPL=0 II=0 A20=1 SMM=0 HLT=0
ES =de80 000de800 ffffffff 00809300
CS =f000 000f0000 ffffffff 00809b00
SS =0000 00000000 ffffffff 00809300
DS =0000 00000000 ffffffff 00809300
FS =0000 00000000 ffffffff 00809300
GS =c900 000c9000 ffffffff 00809300
LDT=0000 00000000 0000ffff 00008200
TR =0000 00000000 0000ffff 00008b00
GDT=     00000000 00000000
IDT=     00000000 000003ff
CR0=00000010 CR2=00000000 CR3=00000000 CR4=00000000
DR0=00000000 DR1=00000000 DR2=00000000 DR3=00000000 
DR6=ffff0ff0 DR7=00000400
CCS=00000000 CCD=00000001 CCO=EFLAGS
EFER=0000000000000000
SMM: enter
EAX=000000b5 EBX=000f86ac ECX=00001234 EDX=000069ff
ESI=000069ae EDI=06fff761 EBP=0000696e ESP=0000696e
EIP=000086a9 EFL=00000002 [-------] CPL=0 II=0 A20=1 SMM=0 HLT=0
ES =de80 000de800 ffffffff 008f9300
CS =f000 000f0000 ffffffff 008f9b00
SS =0000 00000000 ffffffff 008f9300
DS =0000 00000000 ffffffff 008f9300
FS =0000 00000000 ffffffff 008f9300
GS =ca00 000ca000 ffffffff 008f9300
LDT=0000 00000000 0000ffff 00008200
TR =0000 00000000 0000ffff 00008b00
GDT=     00000000 00000000
IDT=     00000000 000003ff
CR0=00000010 CR2=00000000 CR3=00000000 CR4=00000000
DR0=00000000 DR1=00000000 DR2=00000000 DR3=00000000 
DR6=ffff0ff0 DR7=00000400
CCS=00000000 CCD=0000696e CCO=ADDL
EFER=0000000000000000
SMM: after RSM
EAX=000000b5 EBX=000f86ac ECX=00001234 EDX=000069ff
ESI=000069ae EDI=06fff761 EBP=0000696e ESP=0000696e
EIP=000f86ac EFL=00000046 [---Z-P-] CPL=0 II=0 A20=1 SMM=0 HLT=0
ES =0010 00000000 ffffffff 00c09300 DPL=0 DS   [-WA]
CS =0008 00000000 ffffffff 00c09b00 DPL=0 CS32 [-RA]
SS =0010 00000000 ffffffff 00c09300 DPL=0 DS   [-WA]
DS =0010 00000000 ffffffff 00c09300 DPL=0 DS   [-WA]
FS =0010 00000000 ffffffff 00c09300 DPL=0 DS   [-WA]
GS =0010 00000000 ffffffff 00c09300 DPL=0 DS   [-WA]
LDT=0000 00000000 0000ffff 00008200 DPL=0 LDT
TR =0000 00000000 0000ffff 00008b00 DPL=0 TSS32-busy
GDT=     000f7420 00000037
IDT=     000f745e 00000000
CR0=00000011 CR2=00000000 CR3=00000000 CR4=00000000
DR0=00000000 DR1=00000000 DR2=00000000 DR3=00000000 
DR6=ffff0ff0 DR7=00000400
CCS=00000044 CCD=00000000 CCO=EFLAGS
EFER=0000000000000000
SMM: enter
EAX=000000b5 EBX=000086c6 ECX=00005678 EDX=00000003
ESI=06fd40e0 EDI=06fff761 EBP=0000696e ESP=0000696e
EIP=000f86c3 EFL=00000006 [-----P-] CPL=0 II=0 A20=1 SMM=0 HLT=0
ES =0010 00000000 ffffffff 00c09300 DPL=0 DS   [-WA]
CS =0008 00000000 ffffffff 00c09b00 DPL=0 CS32 [-RA]
SS =0010 00000000 ffffffff 00c09300 DPL=0 DS   [-WA]
DS =0010 00000000 ffffffff 00c09300 DPL=0 DS   [-WA]
FS =0010 00000000 ffffffff 00c09300 DPL=0 DS   [-WA]
GS =0010 00000000 ffffffff 00c09300 DPL=0 DS   [-WA]
LDT=0000 00000000 0000ffff 00008200 DPL=0 LDT
TR =0000 00000000 0000ffff 00008b00 DPL=0 TSS32-busy
GDT=     000f7420 00000037
IDT=     000f745e 00000000
CR0=00000011 CR2=00000000 CR3=00000000 CR4=00000000
DR0=00000000 DR1=00000000 DR2=00000000 DR3=00000000 
DR6=ffff0ff0 DR7=00000400
CCS=00000008 CCD=0000695a CCO=ADDL
EFER=0000000000000000
SMM: after RSM
EAX=000000b5 EBX=000086c6 ECX=00005678 EDX=00000003
ESI=06fd40e0 EDI=06fff761 EBP=0000696e ESP=0000696e
EIP=000086c6 EFL=00000002 [-------] CPL=0 II=0 A20=1 SMM=0 HLT=0
ES =de80 000de800 ffffffff 00809300
CS =f000 000f0000 ffffffff 00809b00
SS =0000 00000000 ffffffff 00809300
DS =0000 00000000 ffffffff 00809300
FS =0000 00000000 ffffffff 00809300
GS =ca00 000ca000 ffffffff 00809300
LDT=0000 00000000 0000ffff 00008200
TR =0000 00000000 0000ffff 00008b00
GDT=     00000000 00000000
IDT=     00000000 000003ff
CR0=00000010 CR2=00000000 CR3=00000000 CR4=00000000
DR0=00000000 DR1=00000000 DR2=00000000 DR3=00000000 
DR6=ffff0ff0 DR7=00000400
CCS=00000000 CCD=00000001 CCO=EFLAGS
EFER=0000000000000000
SMM: enter
EAX=000000b5 EBX=000f86ac ECX=00001234 EDX=000069ff
ESI=000069ae EDI=06fff761 EBP=0000696e ESP=0000696e
EIP=000086a9 EFL=00000002 [-------] CPL=0 II=0 A20=1 SMM=0 HLT=0
ES =de80 000de800 ffffffff 00809300
CS =f000 000f0000 ffffffff 00809b00
SS =0000 00000000 ffffffff 00809300
DS =0000 00000000 ffffffff 00809300
FS =0000 00000000 ffffffff 00809300
GS =ca00 000ca000 ffffffff 00809300
LDT=0000 00000000 0000ffff 00008200
TR =0000 00000000 0000ffff 00008b00
GDT=     00000000 00000000
IDT=     00000000 000003ff
CR0=00000010 CR2=00000000 CR3=00000000 CR4=00000000
DR0=00000000 DR1=00000000 DR2=00000000 DR3=00000000 
DR6=ffff0ff0 DR7=00000400
CCS=00000000 CCD=0000696e CCO=ADDL
EFER=0000000000000000
SMM: after RSM
EAX=000000b5 EBX=000f86ac ECX=00001234 EDX=000069ff
ESI=000069ae EDI=06fff761 EBP=0000696e ESP=0000696e
EIP=000f86ac EFL=00000046 [---Z-P-] CPL=0 II=0 A20=1 SMM=0 HLT=0
ES =0010 00000000 ffffffff 00c09300 DPL=0 DS   [-WA]
CS =0008 00000000 ffffffff 00c09b00 DPL=0 CS32 [-RA]
SS =0010 00000000 ffffffff 00c09300 DPL=0 DS   [-WA]
DS =0010 00000000 ffffffff 00c09300 DPL=0 DS   [-WA]
FS =0010 00000000 ffffffff 00c09300 DPL=0 DS   [-WA]
GS =0010 00000000 ffffffff 00c09300 DPL=0 DS   [-WA]
LDT=0000 00000000 0000ffff 00008200 DPL=0 LDT
TR =0000 00000000 0000ffff 00008b00 DPL=0 TSS32-busy
GDT=     000f7420 00000037
IDT=     000f745e 00000000
CR0=00000011 CR2=00000000 CR3=00000000 CR4=00000000
DR0=00000000 DR1=00000000 DR2=00000000 DR3=00000000 
DR6=ffff0ff0 DR7=00000400
CCS=00000044 CCD=00000000 CCO=EFLAGS
EFER=0000000000000000
SMM: enter
EAX=000000b5 EBX=000086c6 ECX=00005678 EDX=00000003
ESI=06f340e0 EDI=06fff761 EBP=0000696e ESP=0000696e
EIP=000f86c3 EFL=00000006 [-----P-] CPL=0 II=0 A20=1 SMM=0 HLT=0
ES =0010 00000000 ffffffff 00c09300 DPL=0 DS   [-WA]
CS =0008 00000000 ffffffff 00c09b00 DPL=0 CS32 [-RA]
SS =0010 00000000 ffffffff 00c09300 DPL=0 DS   [-WA]
DS =0010 00000000 ffffffff 00c09300 DPL=0 DS   [-WA]
FS =0010 00000000 ffffffff 00c09300 DPL=0 DS   [-WA]
GS =0010 00000000 ffffffff 00c09300 DPL=0 DS   [-WA]
LDT=0000 00000000 0000ffff 00008200 DPL=0 LDT
TR =0000 00000000 0000ffff 00008b00 DPL=0 TSS32-busy
GDT=     000f7420 00000037
IDT=     000f745e 00000000
CR0=00000011 CR2=00000000 CR3=00000000 CR4=00000000
DR0=00000000 DR1=00000000 DR2=00000000 DR3=00000000 
DR6=ffff0ff0 DR7=00000400
CCS=00000008 CCD=0000695a CCO=ADDL
EFER=0000000000000000
SMM: after RSM
EAX=000000b5 EBX=000086c6 ECX=00005678 EDX=00000003
ESI=06f340e0 EDI=06fff761 EBP=0000696e ESP=0000696e
EIP=000086c6 EFL=00000002 [-------] CPL=0 II=0 A20=1 SMM=0 HLT=0
ES =de80 000de800 ffffffff 00809300
CS =f000 000f0000 ffffffff 00809b00
SS =0000 00000000 ffffffff 00809300
DS =0000 00000000 ffffffff 00809300
FS =0000 00000000 ffffffff 00809300
GS =ca00 000ca000 ffffffff 00809300
LDT=0000 00000000 0000ffff 00008200
TR =0000 00000000 0000ffff 00008b00
GDT=     00000000 00000000
IDT=     00000000 000003ff
CR0=00000010 CR2=00000000 CR3=00000000 CR4=00000000
DR0=00000000 DR1=00000000 DR2=00000000 DR3=00000000 
DR6=ffff0ff0 DR7=00000400
CCS=00000000 CCD=00000001 CCO=EFLAGS
EFER=0000000000000000
Servicing hardware INT=0x0e
Servicing hardware INT=0x0e
Servicing hardware INT=0x08
Servicing hardware INT=0x0e
Servicing hardware INT=0x0e
Servicing hardware INT=0x0e
Servicing hardware INT=0x08
Servicing hardware INT=0x08
Servicing hardware INT=0x08
Servicing hardware INT=0x08
Servicing hardware INT=0x08
     0: v=03 e=0000 i=1 cpl=0 IP=0008:001005cd pc=001005cd SP=0010:00114db8 env->regs[R_EAX]=0000000d
EAX=0000000d EBX=00010000 ECX=00000000 EDX=000003f8
ESI=2badb002 EDI=00000000 EBP=00000000 ESP=00114db8
EIP=001005cd EFL=00000216 [----AP-] CPL=0 II=0 A20=1 SMM=0 HLT=0
ES =0010 00000000 ffffffff 00cf9300 DPL=0 DS   [-WA]
CS =0008 00000000 ffffffff 00cf9a00 DPL=0 CS32 [-R-]
SS =0010 00000000 ffffffff 00cf9300 DPL=0 DS   [-WA]
DS =0010 00000000 ffffffff 00cf9300 DPL=0 DS   [-WA]
FS =0010 00000000 ffffffff 00cf9300 DPL=0 DS   [-WA]
GS =0010 00000000 ffffffff 00cf9300 DPL=0 DS   [-WA]
LDT=0000 00000000 0000ffff 00008200 DPL=0 LDT
TR =0028 00115020 00000067 00008900 DPL=0 TSS32-avl
GDT=     001150a0 0000002f
IDT=     00115100 000007ff
CR0=80000011 CR2=00000000 CR3=00122000 CR4=00000000
DR0=00000000 DR1=00000000 DR2=00000000 DR3=00000000 
DR6=ffff0ff0 DR7=00000400
CCS=0000000c CCD=00114db4 CCO=ADDL
EFER=0000000000000000
Servicing hardware INT=0x20
     1: v=20 e=0000 i=0 cpl=0 IP=0008:00100ffc pc=00100ffc SP=0010:00114d80 env->regs[R_EAX]=000000fe
EAX=000000fe EBX=000100fe ECX=00000000 EDX=00000021
ESI=2badb002 EDI=00000000 EBP=00000000 ESP=00114d80
EIP=00100ffc EFL=00000282 [--S----] CPL=0 II=0 A20=1 SMM=0 HLT=0
ES =0010 00000000 ffffffff 00cf9300 DPL=0 DS   [-WA]
CS =0008 00000000 ffffffff 00cf9a00 DPL=0 CS32 [-R-]
SS =0010 00000000 ffffffff 00cf9300 DPL=0 DS   [-WA]
DS =0010 00000000 ffffffff 00cf9300 DPL=0 DS   [-WA]
FS =0010 00000000 ffffffff 00cf9300 DPL=0 DS   [-WA]
GS =0010 00000000 ffffffff 00cf9300 DPL=0 DS   [-WA]
LDT=0000 00000000 0000ffff 00008200 DPL=0 LDT
TR =0028 00115020 00000067 00008900 DPL=0 TSS32-avl
GDT=     001150a0 0000002f
IDT=     00115100 000007ff
CR0=80000011 CR2=00000000 CR3=00122000 CR4=00000000
DR0=00000000 DR1=00000000 DR2=00000000 DR3=00000000 
DR6=ffff0ff0 DR7=00000400
CCS=000000a1 CCD=000000fe CCO=LOGICB
EFER=0000000000000000
Servicing hardware INT=0x20
     2: v=20 e=0000 i=0 cpl=0 IP=0008:00104f21 pc=00104f21 SP=0010:00114db4 env->regs[R_EAX]=00000064
EAX=00000064 EBX=00010000 ECX=00000000 EDX=00000064
ESI=00000000 EDI=00000000 EBP=00000000 ESP=00114db4
EIP=00104f21 EFL=00000297 [--S-APC] CPL=0 II=0 A20=1 SMM=0 HLT=0
ES =0010 00000000 ffffffff 00cf9300 DPL=0 DS   [-WA]
CS =0008 00000000 ffffffff 00cf9a00 DPL=0 CS32 [-R-]
SS =0010 00000000 ffffffff 00cf9300 DPL=0 DS   [-WA]
DS =0010 00000000 ffffffff 00cf9300 DPL=0 DS   [-WA]
FS =0010 00000000 ffffffff 00cf9300 DPL=0 DS   [-WA]
GS =0010 00000000 ffffffff 00cf9300 DPL=0 DS   [-WA]
LDT=0000 00000000 0000ffff 00008200 DPL=0 LDT
TR =0028 00115020 00000067 00008900 DPL=0 TSS32-avl
GDT=     001150a0 0000002f
IDT=     00115100 000007ff
CR0=80000011 CR2=00000000 CR3=00122000 CR4=00000000
DR0=00000000 DR1=00000000 DR2=00000000 DR3=00000000 
DR6=ffff0ff0 DR7=00000400
CCS=00000095 CCD=ffffff9c CCO=EFLAGS
EFER=0000000000000000
Servicing hardware INT=0x20
     3: v=20 e=0000 i=0 cpl=0 IP=0008:00104f21 pc=00104f21 SP=0010:00114db4 env->regs[R_EAX]=00000064
EAX=00000064 EBX=00010000 ECX=00000000 EDX=00000064
ESI=00000000 EDI=00000000 EBP=00000000 ESP=00114db4
EIP=00104f21 EFL=00000293 [--S-A-C] CPL=0 II=0 A20=1 SMM=0 HLT=0
ES =0010 00000000 ffffffff 00cf9300 DPL=0 DS   [-WA]
CS =0008 00000000 ffffffff 00cf9a00 DPL=0 CS32 [-R-]
SS =0010 00000000 ffffffff 00cf9300 DPL=0 DS   [-WA]
DS =0010 00000000 ffffffff 00cf9300 DPL=0 DS   [-WA]
FS =0010 00000000 ffffffff 00cf9300 DPL=0 DS   [-WA]
GS =0010 00000000 ffffffff 00cf9300 DPL=0 DS   [-WA]
LDT=0000 00000000 0000ffff 00008200 DPL=0 LDT
TR =0028 00115020 00000067 00008900 DPL=0 TSS32-avl
GDT=     001150a0 0000002f
IDT=     00115100 000007ff
CR0=80000011 CR2=00000000 CR3=00122000 CR4=00000000
DR0=00000000 DR1=00000000 DR2=00000000 DR3=00000000 
DR6=ffff0ff0 DR7=00000400
CCS=00000091 CCD=ffffff9d CCO=EFLAGS
EFER=0000000000000000
Servicing hardware INT=0x20
     4: v=20 e=0000 i=0 cpl=0 IP=0008:00104f21 pc=00104f21 SP=0010:00114db4 env->regs[R_EAX]=00000064
EAX=00000064 EBX=00010000 ECX=00000000 EDX=00000064
ESI=00000000 EDI=00000000 EBP=00000000 ESP=00114db4
EIP=00104f21 EFL=00000293 [--S-A-C] CPL=0 II=0 A20=1 SMM=0 HLT=0
ES =0010 00000000 ffffffff 00cf9300 DPL=0 DS   [-WA]
CS =0008 00000000 ffffffff 00cf9a00 DPL=0 CS32 [-R-]
SS =0010 00000000 ffffffff 00cf9300 DPL=0 DS   [-WA]
DS =0010 00000000 ffffffff 00cf9300 DPL=0 DS   [-WA]
FS =0010 00000000 ffffffff 00cf9300 DPL=0 DS   [-WA]
GS =0010 00000000 ffffffff 00cf9300 DPL=0 DS   [-WA]
LDT=0000 00000000 0000ffff 00008200 DPL=0 LDT
TR =0028 00115020 00000067 00008900 DPL=0 TSS32-avl
GDT=     001150a0 0000002f
IDT=     00115100 000007ff
CR0=80000011 CR2=00000000 CR3=00122000 CR4=00000000
DR0=00000000 DR1=00000000 DR2=00000000 DR3=00000000 
DR6=ffff0ff0 DR7=00000400
CCS=00000091 CCD=ffffff9e CCO=EFLAGS
EFER=0000000000000000
Servicing hardware INT=0x20
     5: v=20 e=0000 i=0 cpl=0 IP=0008:00104f21 pc=00104f21 SP=0010:00114db4 env->regs[R_EAX]=00000064
EAX=00000064 EBX=00010000 ECX=00000000 EDX=00000064
ESI=00000000 EDI=00000000 EBP=00000000 ESP=00114db4
EIP=00104f21 EFL=00000297 [--S-APC] CPL=0 II=0 A20=1 SMM=0 HLT=0
ES =0010 00000000 ffffffff 00cf9300 DPL=0 DS   [-WA]
CS =0008 00000000 ffffffff 00cf9a00 DPL=0 CS32 [-R-]
SS =0010 00000000 ffffffff 00cf9300 DPL=0 DS   [-WA]
DS =0010 00000000 ffffffff 00cf9300 DPL=0 DS   [-WA]
FS =0010 00000000 ffffffff 00cf9300 DPL=0 DS   [-WA]
GS =0010 00000000 ffffffff 00cf9300 DPL=0 DS   [-WA]
LDT=0000 00000000 0000ffff 00008200 DPL=0 LDT
TR =0028 00115020 00000067 00008900 DPL=0 TSS32-avl
GDT=     001150a0 0000002f
IDT=     00115100 000007ff
CR0=80000011 CR2=00000000 CR3=00122000 CR4=00000000
DR0=00000000 DR1=00000000 DR2=00000000 DR3=00000000 
DR6=ffff0ff0 DR7=00000400
CCS=00000095 CCD=ffffff9f CCO=EFLAGS
EFER=0000000000000000
Servicing hardware INT=0x20
     6: v=20 e=0000 i=0 cpl=0 IP=0008:00104f21 pc=00104f21 SP=0010:00114db4 env->regs[R_EAX]=00000064
EAX=00000064 EBX=00010000 ECX=00000000 EDX=00000064
ESI=00000000 EDI=00000000 EBP=00000000 ESP=00114db4
EIP=00104f21 EFL=00000287 [--S--PC] CPL=0 II=0 A20=1 SMM=0 HLT=0
ES =0010 00000000 ffffffff 00cf9300 DPL=0 DS   [-WA]
CS =0008 00000000 ffffffff 00cf9a00 DPL=0 CS32 [-R-]
SS =0010 00000000 ffffffff 00cf9300 DPL=0 DS   [-WA]
DS =0010 00000000 ffffffff 00cf9300 DPL=0 DS   [-WA]
FS =0010 00000000 ffffffff 00cf9300 DPL=0 DS   [-WA]
GS =0010 00000000 ffffffff 00cf9300 DPL=0 DS   [-WA]
LDT=0000 00000000 0000ffff 00008200 DPL=0 LDT
TR =0028 00115020 00000067 00008900 DPL=0 TSS32-avl
GDT=     001150a0 0000002f
IDT=     00115100 000007ff
CR0=80000011 CR2=00000000 CR3=00122000 CR4=00000000
DR0=00000000 DR1=00000000 DR2=00000000 DR3=00000000 
DR6=ffff0ff0 DR7=00000400
CCS=00000085 CCD=ffffffa0 CCO=EFLAGS
EFER=0000000000000000
Servicing hardware INT=0x20
     7: v=20 e=0000 i=0 cpl=0 IP=0008:00104f21 pc=00104f21 SP=0010:00114db4 env->regs[R_EAX]=00000064
EAX=00000064 EBX=00010000 ECX=00000000 EDX=00000064
ESI=00000000 EDI=00000000 EBP=00000000 ESP=00114db4
EIP=00104f21 EFL=00000283 [--S---C] CPL=0 II=0 A20=1 SMM=0 HLT=0
ES =0010 00000000 ffffffff 00cf9300 DPL=0 DS   [-WA]
CS =0008 00000000 ffffffff 00cf9a00 DPL=0 CS32 [-R-]
SS =0010 00000000 ffffffff 00cf9300 DPL=0 DS   [-WA]
DS =0010 00000000 ffffffff 00cf9300 DPL=0 DS   [-WA]
FS =0010 00000000 ffffffff 00cf9300 DPL=0 DS   [-WA]
GS =0010 00000000 ffffffff 00cf9300 DPL=0 DS   [-WA]
LDT=0000 00000000 0000ffff 00008200 DPL=0 LDT
TR =0028 00115020 00000067 00008900 DPL=0 TSS32-avl
GDT=     001150a0 0000002f
IDT=     00115100 000007ff
CR0=80000011 CR2=00000000 CR3=00122000 CR4=00000000
DR0=00000000 DR1=00000000 DR2=00000000 DR3=00000000 
DR6=ffff0ff0 DR7=00000400
CCS=00000081 CCD=ffffffa1 CCO=EFLAGS
EFER=0000000000000000
Servicing hardware INT=0x20
     8: v=20 e=0000 i=0 cpl=0 IP=0008:00104f21 pc=00104f21 SP=0010:00114db4 env->regs[R_EAX]=00000064
EAX=00000064 EBX=00010000 ECX=00000000 EDX=00000064
ESI=00000000 EDI=00000000 EBP=00000000 ESP=00114db4
EIP=00104f21 EFL=00000283 [--S---C] CPL=0 II=0 A20=1 SMM=0 HLT=0
ES =0010 00000000 ffffffff 00cf9300 DPL=0 DS   [-WA]
CS =0008 00000000 ffffffff 00cf9a00 DPL=0 CS32 [-R-]
SS =0010 00000000 ffffffff 00cf9300 DPL=0 DS   [-WA]
DS =0010 00000000 ffffffff 00cf9300 DPL=0 DS   [-WA]
FS =0010 00000000 ffffffff 00cf9300 DPL=0 DS   [-WA]
GS =0010 00000000 ffffffff 00cf9300 DPL=0 DS   [-WA]
LDT=0000 00000000 0000ffff 00008200 DPL=0 LDT
TR =0028 00115020 00000067 00008900 DPL=0 TSS32-avl
GDT=     001150a0 0000002f
IDT=     00115100 000007ff
CR0=80000011 CR2=00000000 CR3=00122000 CR4=00000000
DR0=00000000 DR1=00000000 DR2=00000000 DR3=00000000 
DR6=ffff0ff0 DR7=00000400
CCS=00000081 CCD=ffffffa2 CCO=EFLAGS
EFER=0000000000000000
Servicing hardware INT=0x20
     9: v=20 e=0000 i=0 cpl=0 IP=0008:00104f21 pc=00104f21 SP=0010:00114db4 env->regs[R_EAX]=00000064
EAX=00000064 EBX=00010000 ECX=00000000 EDX=00000064
ESI=00000000 EDI=00000000 EBP=00000000 ESP=00114db4
EIP=00104f21 EFL=00000287 [--S--PC] CPL=0 II=0 A20=1 SMM=0 HLT=0
ES =0010 00000000 ffffffff 00cf9300 DPL=0 DS   [-WA]
CS =0008 00000000 ffffffff 00cf9a00 DPL=0 CS32 [-R-]
SS =0010 00000000 ffffffff 00cf9300 DPL=0 DS   [-WA]
DS =0010 00000000 ffffffff 00cf9300 DPL=0 DS   [-WA]
FS =0010 00000000 ffffffff 00cf9300 DPL=0 DS   [-WA]
GS =0010 00000000 ffffffff 00cf9300 DPL=0 DS   [-WA]
LDT=0000 00000000 0000ffff 00008200 DPL=0 LDT
TR =0028 00115020 00000067 00008900 DPL=0 TSS32-avl
GDT=     001150a0 0000002f
IDT=     00115100 000007ff
CR0=80000011 CR2=00000000 CR3=00122000 CR4=00000000
DR0=00000000 DR1=00000000 DR2=00000000 DR3=00000000 
DR6=ffff0ff0 DR7=00000400
CCS=00000085 CCD=ffffffa3 CCO=EFLAGS
EFER=0000000000000000
Servicing hardware INT=0x20
    10: v=20 e=0000 i=0 cpl=0 IP=0008:00104f21 pc=00104f21 SP=0010:00114db4 env->regs[R_EAX]=00000064
EAX=00000064 EBX=00010000 ECX=00000000 EDX=00000064
ESI=00000000 EDI=00000000 EBP=00000000 ESP=00114db4
EIP=00104f21 EFL=00000283 [--S---C] CPL=0 II=0 A20=1 SMM=0 HLT=0
ES =0010 00000000 ffffffff 00cf9300 DPL=0 DS   [-WA]
CS =0008 00000000 ffffffff 00cf9a00 DPL=0 CS32 [-R-]
SS =0010 00000000 ffffffff 00cf9300 DPL=0 DS   [-WA]
DS =0010 00000000 ffffffff 00cf9300 DPL=0 DS   [-WA]
FS =0010 00000000 ffffffff 00cf9300 DPL=0 DS   [-WA]
GS =0010 00000000 ffffffff 00cf9300 DPL=0 DS   [-WA]
LDT=0000 00000000 0000ffff 00008200 DPL=0 LDT
TR =0028 00115020 00000067 00008900 DPL=0 TSS32-avl
GDT=     001150a0 0000002f
IDT=     00115100 000007ff
CR0=80000011 CR2=00000000 CR3=00122000 CR4=00000000
DR0=00000000 DR1=00000000 DR2=00000000 DR3=00000000 
DR6=ffff0ff0 DR7=00000400
CCS=00000081 CCD=ffffffa4 CCO=EFLAGS
EFER=0000000000000000
Servicing hardware INT=0x20
    11: v=20 e=0000 i=0 cpl=0 IP=0008:00104f21 pc=00104f21 SP=0010:00114db4 env->regs[R_EAX]=00000064
EAX=00000064 EBX=00010000 ECX=00000000 EDX=00000064
ESI=00000000 EDI=00000000 EBP=00000000 ESP=00114db4
EIP=00104f21 EFL=00000287 [--S--PC] CPL=0 II=0 A20=1 SMM=0 HLT=0
ES =0010 00000000 ffffffff 00cf9300 DPL=0 DS   [-WA]
CS =0008 00000000 ffffffff 00cf9a00 DPL=0 CS32 [-R-]
SS =0010 00000000 ffffffff 00cf9300 DPL=0 DS   [-WA]
DS =0010 00000000 ffffffff 00cf9300 DPL=0 DS   [-WA]
FS =0010 00000000 ffffffff 00cf9300 DPL=0 DS   [-WA]
GS =0010 00000000 ffffffff 00cf9300 DPL=0 DS   [-WA]
LDT=0000 00000000 0000ffff 00008200 DPL=0 LDT
TR =0028 00115020 00000067 00008900 DPL=0 TSS32-avl
GDT=     001150a0 0000002f
IDT=     00115100 000007ff
CR0=80000011 CR2=00000000 CR3=00122000 CR4=00000000
DR0=00000000 DR1=00000000 DR2=00000000 DR3=00000000 
DR6=ffff0ff0 DR7=00000400
CCS=00000085 CCD=ffffffa5 CCO=EFLAGS
EFER=0000000000000000
Servicing hardware INT=0x20
    12: v=20 e=0000 i=0 cpl=0 IP=0008:00104f21 pc=00104f21 SP=0010:00114db4 env->regs[R_EAX]=00000064
EAX=00000064 EBX=00010000 ECX=00000000 EDX=00000064
ESI=00000000 EDI=00000000 EBP=00000000 ESP=00114db4
EIP=00104f21 EFL=00000287 [--S--PC] CPL=0 II=0 A20=1 SMM=0 HLT=0
ES =0010 00000000 ffffffff 00cf9300 DPL=0 DS   [-WA]
CS =0008 00000000 ffffffff 00cf9a00 DPL=0 CS32 [-R-]
SS =0010 00000000 ffffffff 00cf9300 DPL=0 DS   [-WA]
DS =0010 00000000 ffffffff 00cf9300 DPL=0 DS   [-WA]
FS =0010 00000000 ffffffff 00cf9300 DPL=0 DS   [-WA]
GS =0010 00000000 ffffffff 00cf9300 DPL=0 DS   [-WA]
LDT=0000 00000000 0000ffff 00008200 DPL=0 LDT
TR =0028 00115020 00000067 00008900 DPL=0 TSS32-avl
GDT=     001150a0 0000002f
IDT=     00115100 000007ff
CR0=80000011 CR2=00000000 CR3=00122000 CR4=00000000
DR0=00000000 DR1=00000000 DR2=00000000 DR3=00000000 
DR6=ffff0ff0 DR7=00000400
CCS=00000085 CCD=ffffffa6 CCO=EFLAGS
EFER=0000000000000000
Servicing hardware INT=0x20
    13: v=20 e=0000 i=0 cpl=0 IP=0008:00104f21 pc=00104f21 SP=0010:00114db4 env->regs[R_EAX]=00000064
EAX=00000064 EBX=00010000 ECX=00000000 EDX=00000064
ESI=00000000 EDI=00000000 EBP=00000000 ESP=00114db4
EIP=00104f21 EFL=00000283 [--S---C] CPL=0 II=0 A20=1 SMM=0 HLT=0
ES =0010 00000000 ffffffff 00cf9300 DPL=0 DS   [-WA]
CS =0008 00000000 ffffffff 00cf9a00 DPL=0 CS32 [-R-]
SS =0010 00000000 ffffffff 00cf9300 DPL=0 DS   [-WA]
DS =0010 00000000 ffffffff 00cf9300 DPL=0 DS   [-WA]
FS =0010 00000000 ffffffff 00cf9300 DPL=0 DS   [-WA]
GS =0010 00000000 ffffffff 00cf9300 DPL=0 DS   [-WA]
LDT=0000 00000000 0000ffff 00008200 DPL=0 LDT
TR =0028 00115020 00000067 00008900 DPL=0 TSS32-avl
GDT=     001150a0 0000002f
IDT=     00115100 000007ff
CR0=80000011 CR2=00000000 CR3=00122000 CR4=00000000
DR0=00000000 DR1=00000000 DR2=00000000 DR3=00000000 
DR6=ffff0ff0 DR7=00000400
CCS=00000081 CCD=ffffffa7 CCO=EFLAGS
EFER=0000000000000000
Servicing hardware INT=0x20
    14: v=20 e=0000 i=0 cpl=0 IP=0008:00104f21 pc=00104f21 SP=0010:00114db4 env->regs[R_EAX]=00000064
EAX=00000064 EBX=00010000 ECX=00000000 EDX=00000064
ESI=00000000 EDI=00000000 EBP=00000000 ESP=00114db4
EIP=00104f21 EFL=00000283 [--S---C] CPL=0 II=0 A20=1 SMM=0 HLT=0
ES =0010 00000000 ffffffff 00cf9300 DPL=0 DS   [-WA]
CS =0008 00000000 ffffffff 00cf9a00 DPL=0 CS32 [-R-]
SS =0010 00000000 ffffffff 00cf9300 DPL=0 DS   [-WA]
DS =0010 00000000 ffffffff 00cf9300 DPL=0 DS   [-WA]
FS =0010 00000000 ffffffff 00cf9300 DPL=0 DS   [-WA]
GS =0010 00000000 ffffffff 00cf9300 DPL=0 DS   [-WA]
LDT=0000 00000000 0000ffff 00008200 DPL=0 LDT
TR =0028 00115020 00000067 00008900 DPL=0 TSS32-avl
GDT=     001150a0 0000002f
IDT=     00115100 000007ff
CR0=80000011 CR2=00000000 CR3=00122000 CR4=00000000
DR0=00000000 DR1=00000000 DR2=00000000 DR3=00000000 
DR6=ffff0ff0 DR7=00000400
CCS=00000081 CCD=ffffffa8 CCO=EFLAGS
EFER=0000000000000000
Servicing hardware INT=0x20
    15: v=20 e=0000 i=0 cpl=0 IP=0008:00104f21 pc=00104f21 SP=0010:00114db4 env->regs[R_EAX]=00000064
EAX=00000064 EBX=00010000 ECX=00000000 EDX=00000064
ESI=00000000 EDI=00000000 EBP=00000000 ESP=00114db4
EIP=00104f21 EFL=00000287 [--S--PC] CPL=0 II=0 A20=1 SMM=0 HLT=0
ES =0010 00000000 ffffffff 00cf9300 DPL=0 DS   [-WA]
CS =0008 00000000 ffffffff 00cf9a00 DPL=0 CS32 [-R-]
SS =0010 00000000 ffffffff 00cf9300 DPL=0 DS   [-WA]
DS =0010 00000000 ffffffff 00cf9300 DPL=0 DS   [-WA]
FS =0010 00000000 ffffffff 00cf9300 DPL=0 DS   [-WA]
GS =0010 00000000 ffffffff 00cf9300 DPL=0 DS   [-WA]
LDT=0000 00000000 0000ffff 00008200 DPL=0 LDT
TR =0028 00115020 00000067 00008900 DPL=0 TSS32-avl
GDT=     001150a0 0000002f
IDT=     00115100 000007ff
CR0=80000011 CR2=00000000 CR3=00122000 CR4=00000000
DR0=00000000 DR1=00000000 DR2=00000000 DR3=00000000 
DR6=ffff0ff0 DR7=00000400
CCS=00000085 CCD=ffffffa9 CCO=EFLAGS
EFER=0000000000000000
Servicing hardware INT=0x20
    16: v=20 e=0000 i=0 cpl=0 IP=0008:00104f21 pc=00104f21 SP=0010:00114db4 env->regs[R_EAX]=00000064
EAX=00000064 EBX=00010000 ECX=00000000 EDX=00000064
ESI=00000000 EDI=00000000 EBP=00000000 ESP=00114db4
EIP=00104f21 EFL=00000287 [--S--PC] CPL=0 II=0 A20=1 SMM=0 HLT=0
ES =0010 00000000 ffffffff 00cf9300 DPL=0 DS   [-WA]
CS =0008 00000000 ffffffff 00cf9a00 DPL=0 CS32 [-R-]
SS =0010 00000000 ffffffff 00cf9300 DPL=0 DS   [-WA]
DS =0010 00000000 ffffffff 00cf9300 DPL=0 DS   [-WA]
FS =0010 00000000 ffffffff 00cf9300 DPL=0 DS   [-WA]
GS =0010 00000000 ffffffff 00cf9300 DPL=0 DS   [-WA]
LDT=0000 00000000 0000ffff 00008200 DPL=0 LDT
TR =0028 00115020 00000067 00008900 DPL=0 TSS32-avl
GDT=     001150a0 0000002f
IDT=     00115100 000007ff
CR0=80000011 CR2=00000000 CR3=00122000 CR4=00000000
DR0=00000000 DR1=00000000 DR2=00000000 DR3=00000000 
DR6=ffff0ff0 DR7=00000400
CCS=00000085 CCD=ffffffaa CCO=EFLAGS
EFER=0000000000000000
Servicing hardware INT=0x20
    17: v=20 e=0000 i=0 cpl=0 IP=0008:00104f21 pc=00104f21 SP=0010:00114db4 env->regs[R_EAX]=00000064
EAX=00000064 EBX=00010000 ECX=00000000 EDX=00000064
ESI=00000000 EDI=00000000 EBP=00000000 ESP=00114db4
EIP=00104f21 EFL=00000283 [--S---C] CPL=0 II=0 A20=1 SMM=0 HLT=0
ES =0010 00000000 ffffffff 00cf9300 DPL=0 DS   [-WA]
CS =0008 00000000 ffffffff 00cf9a00 DPL=0 CS32 [-R-]
SS =0010 00000000 ffffffff 00cf9300 DPL=0 DS   [-WA]
DS =0010 00000000 ffffffff 00cf9300 DPL=0 DS   [-WA]
FS =0010 00000000 ffffffff 00cf9300 DPL=0 DS   [-WA]
GS =0010 00000000 ffffffff 00cf9300 DPL=0 DS   [-WA]
LDT=0000 00000000 0000ffff 00008200 DPL=0 LDT
TR =0028 00115020 00000067 00008900 DPL=0 TSS32-avl
GDT=     001150a0 0000002f
IDT=     00115100 000007ff
CR0=80000011 CR2=00000000 CR3=00122000 CR4=00000000
DR0=00000000 DR1=00000000 DR2=00000000 DR3=00000000 
DR6=ffff0ff0 DR7=00000400
CCS=00000081 CCD=ffffffab CCO=EFLAGS
EFER=0000000000000000
Servicing hardware INT=0x20
    18: v=20 e=0000 i=0 cpl=0 IP=0008:00104f21 pc=00104f21 SP=0010:00114db4 env->regs[R_EAX]=00000064
EAX=00000064 EBX=00010000 ECX=00000000 EDX=00000064
ESI=00000000 EDI=00000000 EBP=00000000 ESP=00114db4
EIP=00104f21 EFL=00000297 [--S-APC] CPL=0 II=0 A20=1 SMM=0 HLT=0
ES =0010 00000000 ffffffff 00cf9300 DPL=0 DS   [-WA]
CS =0008 00000000 ffffffff 00cf9a00 DPL=0 CS32 [-R-]
SS =0010 00000000 ffffffff 00cf9300 DPL=0 DS   [-WA]
DS =0010 00000000 ffffffff 00cf9300 DPL=0 DS   [-WA]
FS =0010 00000000 ffffffff 00cf9300 DPL=0 DS   [-WA]
GS =0010 00000000 ffffffff 00cf9300 DPL=0 DS   [-WA]
LDT=0000 00000000 0000ffff 00008200 DPL=0 LDT
TR =0028 00115020 00000067 00008900 DPL=0 TSS32-avl
GDT=     001150a0 0000002f
IDT=     00115100 000007ff
CR0=80000011 CR2=00000000 CR3=00122000 CR4=00000000
DR0=00000000 DR1=00000000 DR2=00000000 DR3=00000000 
DR6=ffff0ff0 DR7=00000400
CCS=00000095 CCD=ffffffac CCO=EFLAGS
EFER=0000000000000000
Servicing hardware INT=0x20
    19: v=20 e=0000 i=0 cpl=0 IP=0008:00104f21 pc=00104f21 SP=0010:00114db4 env->regs[R_EAX]=00000064
EAX=00000064 EBX=00010000 ECX=00000000 EDX=00000064
ESI=00000000 EDI=00000000 EBP=00000000 ESP=00114db4
EIP=00104f21 EFL=00000293 [--S-A-C] CPL=0 II=0 A20=1 SMM=0 HLT=0
ES =0010 00000000 ffffffff 00cf9300 DPL=0 DS   [-WA]
CS =0008 00000000 ffffffff 00cf9a00 DPL=0 CS32 [-R-]
SS =0010 00000000 ffffffff 00cf9300 DPL=0 DS   [-WA]
DS =0010 00000000 ffffffff 00cf9300 DPL=0 DS   [-WA]
FS =0010 00000000 ffffffff 00cf9300 DPL=0 DS   [-WA]
GS =0010 00000000 ffffffff 00cf9300 DPL=0 DS   [-WA]
LDT=0000 00000000 0000ffff 00008200 DPL=0 LDT
TR =0028 00115020 00000067 00008900 DPL=0 TSS32-avl
GDT=     001150a0 0000002f
IDT=     00115100 000007ff
CR0=80000011 CR2=00000000 CR3=00122000 CR4=00000000
DR0=00000000 DR1=00000000 DR2=00000000 DR3=00000000 
DR6=ffff0ff0 DR7=00000400
CCS=00000091 CCD=ffffffad CCO=EFLAGS
EFER=0000000000000000
Servicing hardware INT=0x20
    20: v=20 e=0000 i=0 cpl=0 IP=0008:00104f21 pc=00104f21 SP=0010:00114db4 env->regs[R_EAX]=00000064
EAX=00000064 EBX=00010000 ECX=00000000 EDX=00000064
ESI=00000000 EDI=00000000 EBP=00000000 ESP=00114db4
EIP=00104f21 EFL=00000293 [--S-A-C] CPL=0 II=0 A20=1 SMM=0 HLT=0
ES =0010 00000000 ffffffff 00cf9300 DPL=0 DS   [-WA]
CS =0008 00000000 ffffffff 00cf9a00 DPL=0 CS32 [-R-]
SS =0010 00000000 ffffffff 00cf9300 DPL=0 DS   [-WA]
DS =0010 00000000 ffffffff 00cf9300 DPL=0 DS   [-WA]
FS =0010 00000000 ffffffff 00cf9300 DPL=0 DS   [-WA]
GS =0010 00000000 ffffffff 00cf9300 DPL=0 DS   [-WA]
LDT=0000 00000000 0000ffff 00008200 DPL=0 LDT
TR =0028 00115020 00000067 00008900 DPL=0 TSS32-avl
GDT=     001150a0 0000002f
IDT=     00115100 000007ff
CR0=80000011 CR2=00000000 CR3=00122000 CR4=00000000
DR0=00000000 DR1=00000000 DR2=00000000 DR3=00000000 
DR6=ffff0ff0 DR7=00000400
CCS=00000091 CCD=ffffffae CCO=EFLAGS
EFER=0000000000000000
Servicing hardware INT=0x20
    21: v=20 e=0000 i=0 cpl=0 IP=0008:00104f21 pc=00104f21 SP=0010:00114db4 env->regs[R_EAX]=00000064
EAX=00000064 EBX=00010000 ECX=00000000 EDX=00000064
ESI=00000000 EDI=00000000 EBP=00000000 ESP=00114db4
EIP=00104f21 EFL=00000297 [--S-APC] CPL=0 II=0 A20=1 SMM=0 HLT=0
ES =0010 00000000 ffffffff 00cf9300 DPL=0 DS   [-WA]
CS =0008 00000000 ffffffff 00cf9a00 DPL=0 CS32 [-R-]
SS =0010 00000000 ffffffff 00cf9300 DPL=0 DS   [-WA]
DS =0010 00000000 ffffffff 00cf9300 DPL=0 DS   [-WA]
FS =0010 00000000 ffffffff 00cf9300 DPL=0 DS   [-WA]
GS =0010 00000000 ffffffff 00cf9300 DPL=0 DS   [-WA]
LDT=0000 00000000 0000ffff 00008200 DPL=0 LDT
TR =0028 00115020 00000067 00008900 DPL=0 TSS32-avl
GDT=     001150a0 0000002f
IDT=     00115100 000007ff
CR0=80000011 CR2=00000000 CR3=00122000 CR4=00000000
DR0=00000000 DR1=00000000 DR2=00000000 DR3=00000000 
DR6=ffff0ff0 DR7=00000400
CCS=00000095 CCD=ffffffaf CCO=EFLAGS
EFER=0000000000000000
Servicing hardware INT=0x20
    22: v=20 e=0000 i=0 cpl=0 IP=0008:00104f21 pc=00104f21 SP=0010:00114db4 env->regs[R_EAX]=00000064
EAX=00000064 EBX=00010000 ECX=00000000 EDX=00000064
ESI=00000000 EDI=00000000 EBP=00000000 ESP=00114db4
EIP=00104f21 EFL=00000283 [--S---C] CPL=0 II=0 A20=1 SMM=0 HLT=0
ES =0010 00000000 ffffffff 00cf9300 DPL=0 DS   [-WA]
CS =0008 00000000 ffffffff 00cf9a00 DPL=0 CS32 [-R-]
SS =0010 00000000 ffffffff 00cf9300 DPL=0 DS   [-WA]
DS =0010 00000000 ffffffff 00cf9300 DPL=0 DS   [-WA]
FS =0010 00000000 ffffffff 00cf9300 DPL=0 DS   [-WA]
GS =0010 00000000 ffffffff 00cf9300 DPL=0 DS   [-WA]
LDT=0000 00000000 0000ffff 00008200 DPL=0 LDT
TR =0028 00115020 00000067 00008900 DPL=0 TSS32-avl
GDT=     001150a0 0000002f
IDT=     00115100 000007ff
CR0=80000011 CR2=00000000 CR3=00122000 CR4=00000000
DR0=00000000 DR1=00000000 DR2=00000000 DR3=00000000 
DR6=ffff0ff0 DR7=00000400
CCS=00000081 CCD=ffffffb0 CCO=EFLAGS
EFER=0000000000000000
Servicing hardware INT=0x20
    23: v=20 e=0000 i=0 cpl=0 IP=0008:00104f21 pc=00104f21 SP=0010:00114db4 env->regs[R_EAX]=00000064
EAX=00000064 EBX=00010000 ECX=00000000 EDX=00000064
ESI=00000000 EDI=00000000 EBP=00000000 ESP=00114db4
EIP=00104f21 EFL=00000287 [--S--PC] CPL=0 II=0 A20=1 SMM=0 HLT=0
ES =0010 00000000 ffffffff 00cf9300 DPL=0 DS   [-WA]
CS =0008 00000000 ffffffff 00cf9a00 DPL=0 CS32 [-R-]
SS =0010 00000000 ffffffff 00cf9300 DPL=0 DS   [-WA]
DS =0010 00000000 ffffffff 00cf9300 DPL=0 DS   [-WA]
FS =0010 00000000 ffffffff 00cf9300 DPL=0 DS   [-WA]
GS =0010 00000000 ffffffff 00cf9300 DPL=0 DS   [-WA]
LDT=0000 00000000 0000ffff 00008200 DPL=0 LDT
TR =0028 00115020 00000067 00008900 DPL=0 TSS32-avl
GDT=     001150a0 0000002f
IDT=     00115100 000007ff
CR0=80000011 CR2=00000000 CR3=00122000 CR4=00000000
DR0=00000000 DR1=00000000 DR2=00000000 DR3=00000000 
DR6=ffff0ff0 DR7=00000400
CCS=00000085 CCD=ffffffb1 CCO=EFLAGS
EFER=0000000000000000
Servicing hardware INT=0x20
    24: v=20 e=0000 i=0 cpl=0 IP=0008:00104f21 pc=00104f21 SP=0010:00114db4 env->regs[R_EAX]=00000064
EAX=00000064 EBX=00010000 ECX=00000000 EDX=00000064
ESI=00000000 EDI=00000000 EBP=00000000 ESP=00114db4
EIP=00104f21 EFL=00000287 [--S--PC] CPL=0 II=0 A20=1 SMM=0 HLT=0
ES =0010 00000000 ffffffff 00cf9300 DPL=0 DS   [-WA]
CS =0008 00000000 ffffffff 00cf9a00 DPL=0 CS32 [-R-]
SS =0010 00000000 ffffffff 00cf9300 DPL=0 DS   [-WA]
DS =0010 00000000 ffffffff 00cf9300 DPL=0 DS   [-WA]
FS =0010 00000000 ffffffff 00cf9300 DPL=0 DS   [-WA]
GS =0010 00000000 ffffffff 00cf9300 DPL=0 DS   [-WA]
LDT=0000 00000000 0000ffff 00008200 DPL=0 LDT
TR =0028 00115020 00000067 00008900 DPL=0 TSS32-avl
GDT=     001150a0 0000002f
IDT=     00115100 000007ff
CR0=80000011 CR2=00000000 CR3=00122000 CR4=00000000
DR0=00000000 DR1=00000000 DR2=00000000 DR3=00000000 
DR6=ffff0ff0 DR7=00000400
CCS=00000085 CCD=ffffffb2 CCO=EFLAGS
EFER=0000000000000000
Servicing hardware INT=0x20
    25: v=20 e=0000 i=0 cpl=0 IP=0008:00104f21 pc=00104f21 SP=0010:00114db4 env->regs[R_EAX]=00000064
EAX=00000064 EBX=00010000 ECX=00000000 EDX=00000064
ESI=00000000 EDI=00000000 EBP=00000000 ESP=00114db4
EIP=00104f21 EFL=00000283 [--S---C] CPL=0 II=0 A20=1 SMM=0 HLT=0
ES =0010 00000000 ffffffff 00cf9300 DPL=0 DS   [-WA]
CS =0008 00000000 ffffffff 00cf9a00 DPL=0 CS32 [-R-]
SS =0010 00000000 ffffffff 00cf9300 DPL=0 DS   [-WA]
DS =0010 00000000 ffffffff 00cf9300 DPL=0 DS   [-WA]
FS =0010 00000000 ffffffff 00cf9300 DPL=0 DS   [-WA]
GS =0010 00000000 ffffffff 00cf9300 DPL=0 DS   [-WA]
LDT=0000 00000000 0000ffff 00008200 DPL=0 LDT
TR =0028 00115020 00000067 00008900 DPL=0 TSS32-avl
GDT=     001150a0 0000002f
IDT=     00115100 000007ff
CR0=80000011 CR2=00000000 CR3=00122000 CR4=00000000
DR0=00000000 DR1=00000000 DR2=00000000 DR3=00000000 
DR6=ffff0ff0 DR7=00000400
CCS=00000081 CCD=ffffffb3 CCO=EFLAGS
EFER=0000000000000000
Servicing hardware INT=0x20
    26: v=20 e=0000 i=0 cpl=0 IP=0008:00104f21 pc=00104f21 SP=0010:00114db4 env->regs[R_EAX]=00000064
EAX=00000064 EBX=00010000 ECX=00000000 EDX=00000064
ESI=00000000 EDI=00000000 EBP=00000000 ESP=00114db4
EIP=00104f21 EFL=00000287 [--S--PC] CPL=0 II=0 A20=1 SMM=0 HLT=0
ES =0010 00000000 ffffffff 00cf9300 DPL=0 DS   [-WA]
CS =0008 00000000 ffffffff 00cf9a00 DPL=0 CS32 [-R-]
SS =0010 00000000 ffffffff 00cf9300 DPL=0 DS   [-WA]
DS =0010 00000000 ffffffff 00cf9300 DPL=0 DS   [-WA]
FS =0010 00000000 ffffffff 00cf9300 DPL=0 DS   [-WA]
GS =0010 00000000 ffffffff 00cf9300 DPL=0 DS   [-WA]
LDT=0000 00000000 0000ffff 00008200 DPL=0 LDT
TR =0028 00115020 00000067 00008900 DPL=0 TSS32-avl
GDT=     001150a0 0000002f
IDT=     00115100 000007ff
CR0=80000011 CR2=00000000 CR3=00122000 CR4=00000000
DR0=00000000 DR1=00000000 DR2=00000000 DR3=00000000 
DR6=ffff0ff0 DR7=00000400
CCS=00000085 CCD=ffffffb4 CCO=EFLAGS
EFER=0000000000000000
Servicing hardware INT=0x20
    27: v=20 e=0000 i=0 cpl=0 IP=0008:00104f21 pc=00104f21 SP=0010:00114db4 env->regs[R_EAX]=00000064
EAX=00000064 EBX=00010000 ECX=00000000 EDX=00000064
ESI=00000000 EDI=00000000 EBP=00000000 ESP=00114db4
EIP=00104f21 EFL=00000283 [--S---C] CPL=0 II=0 A20=1 SMM=0 HLT=0
ES =0010 00000000 ffffffff 00cf9300 DPL=0 DS   [-WA]
CS =0008 00000000 ffffffff 00cf9a00 DPL=0 CS32 [-R-]
SS =0010 00000000 ffffffff 00cf9300 DPL=0 DS   [-WA]
DS =0010 00000000 ffffffff 00cf9300 DPL=0 DS   [-WA]
FS =0010 00000000 ffffffff 00cf9300 DPL=0 DS   [-WA]
GS =0010 00000000 ffffffff 00cf9300 DPL=0 DS   [-WA]
LDT=0000 00000000 0000ffff 00008200 DPL=0 LDT
TR =0028 00115020 00000067 00008900 DPL=0 TSS32-avl
GDT=     001150a0 0000002f
IDT=     00115100 000007ff
CR0=80000011 CR2=00000000 CR3=00122000 CR4=00000000
DR0=00000000 DR1=00000000 DR2=00000000 DR3=00000000 
DR6=ffff0ff0 DR7=00000400
CCS=00000081 CCD=ffffffb5 CCO=EFLAGS
EFER=0000000000000000
Servicing hardware INT=0x20
    28: v=20 e=0000 i=0 cpl=0 IP=0008:00104f21 pc=00104f21 SP=0010:00114db4 env->regs[R_EAX]=00000064
EAX=00000064 EBX=00010000 ECX=00000000 EDX=00000064
ESI=00000000 EDI=00000000 EBP=00000000 ESP=00114db4
EIP=00104f21 EFL=00000283 [--S---C] CPL=0 II=0 A20=1 SMM=0 HLT=0
ES =0010 00000000 ffffffff 00cf9300 DPL=0 DS   [-WA]
CS =0008 00000000 ffffffff 00cf9a00 DPL=0 CS32 [-R-]
SS =0010 00000000 ffffffff 00cf9300 DPL=0 DS   [-WA]
DS =0010 00000000 ffffffff 00cf9300 DPL=0 DS   [-WA]
FS =0010 00000000 ffffffff 00cf9300 DPL=0 DS   [-WA]
GS =0010 00000000 ffffffff 00cf9300 DPL=0 DS   [-WA]
LDT=0000 00000000 0000ffff 00008200 DPL=0 LDT
TR =0028 00115020 00000067 00008900 DPL=0 TSS32-avl
GDT=     001150a0 0000002f
IDT=     00115100 000007ff
CR0=80000011 CR2=00000000 CR3=00122000 CR4=00000000
DR0=00000000 DR1=00000000 DR2=00000000 DR3=00000000 
DR6=ffff0ff0 DR7=00000400
CCS=00000081 CCD=ffffffb6 CCO=EFLAGS
EFER=0000000000000000
Servicing hardware INT=0x20
    29: v=20 e=0000 i=0 cpl=0 IP=0008:00104f21 pc=00104f21 SP=0010:00114db4 env->regs[R_EAX]=00000064
EAX=00000064 EBX=00010000 ECX=00000000 EDX=00000064
ESI=00000000 EDI=00000000 EBP=00000000 ESP=00114db4
EIP=00104f21 EFL=00000287 [--S--PC] CPL=0 II=0 A20=1 SMM=0 HLT=0
ES =0010 00000000 ffffffff 00cf9300 DPL=0 DS   [-WA]
CS =0008 00000000 ffffffff 00cf9a00 DPL=0 CS32 [-R-]
SS =0010 00000000 ffffffff 00cf9300 DPL=0 DS   [-WA]
DS =0010 00000000 ffffffff 00cf9300 DPL=0 DS   [-WA]
FS =0010 00000000 ffffffff 00cf9300 DPL=0 DS   [-WA]
GS =0010 00000000 ffffffff 00cf9300 DPL=0 DS   [-WA]
LDT=0000 00000000 0000ffff 00008200 DPL=0 LDT
TR =0028 00115020 00000067 00008900 DPL=0 TSS32-avl
GDT=     001150a0 0000002f
IDT=     00115100 000007ff
CR0=80000011 CR2=00000000 CR3=00122000 CR4=00000000
DR0=00000000 DR1=00000000 DR2=00000000 DR3=00000000 
DR6=ffff0ff0 DR7=00000400
CCS=00000085 CCD=ffffffb7 CCO=EFLAGS
EFER=0000000000000000
Servicing hardware INT=0x20
    30: v=20 e=0000 i=0 cpl=0 IP=0008:00104f21 pc=00104f21 SP=0010:00114db4 env->regs[R_EAX]=00000064
EAX=00000064 EBX=00010000 ECX=00000000 EDX=00000064
ESI=00000000 EDI=00000000 EBP=00000000 ESP=00114db4
EIP=00104f21 EFL=00000287 [--S--PC] CPL=0 II=0 A20=1 SMM=0 HLT=0
ES =0010 00000000 ffffffff 00cf9300 DPL=0 DS   [-WA]
CS =0008 00000000 ffffffff 00cf9a00 DPL=0 CS32 [-R-]
SS =0010 00000000 ffffffff 00cf9300 DPL=0 DS   [-WA]
DS =0010 00000000 ffffffff 00cf9300 DPL=0 DS   [-WA]
FS =0010 00000000 ffffffff 00cf9300 DPL=0 DS   [-WA]
GS =0010 00000000 ffffffff 00cf9300 DPL=0 DS   [-WA]
LDT=0000 00000000 0000ffff 00008200 DPL=0 LDT
TR =0028 00115020 00000067 00008900 DPL=0 TSS32-avl
GDT=     001150a0 0000002f
IDT=     00115100 000007ff
CR0=80000011 CR2=00000000 CR3=00122000 CR4=00000000
DR0=00000000 DR1=00000000 DR2=00000000 DR3=00000000 
DR6=ffff0ff0 DR7=00000400
CCS=00000085 CCD=ffffffb8 CCO=EFLAGS
EFER=0000000000000000
Servicing hardware INT=0x20
    31: v=20 e=0000 i=0 cpl=0 IP=0008:00104f21 pc=00104f21 SP=0010:00114db4 env->regs[R_EAX]=00000064
EAX=00000064 EBX=00010000 ECX=00000000 EDX=00000064
ESI=00000000 EDI=00000000 EBP=00000000 ESP=00114db4
EIP=00104f21 EFL=00000283 [--S---C] CPL=0 II=0 A20=1 SMM=0 HLT=0
ES =0010 00000000 ffffffff 00cf9300 DPL=0 DS   [-WA]
CS =0008 00000000 ffffffff 00cf9a00 DPL=0 CS32 [-R-]
SS =0010 00000000 ffffffff 00cf9300 DPL=0 DS   [-WA]
DS =0010 00000000 ffffffff 00cf9300 DPL=0 DS   [-WA]
FS =0010 00000000 ffffffff 00cf9300 DPL=0 DS   [-WA]
GS =0010 00000000 ffffffff 00cf9300 DPL=0 DS   [-WA]
LDT=0000 00000000 0000ffff 00008200 DPL=0 LDT
TR =0028 00115020 00000067 00008900 DPL=0 TSS32-avl
GDT=     001150a0 0000002f
IDT=     00115100 000007ff
CR0=80000011 CR2=00000000 CR3=00122000 CR4=00000000
DR0=00000000 DR1=00000000 DR2=00000000 DR3=00000000 
DR6=ffff0ff0 DR7=00000400
CCS=00000081 CCD=ffffffb9 CCO=EFLAGS
EFER=0000000000000000
Servicing hardware INT=0x20
    32: v=20 e=0000 i=0 cpl=0 IP=0008:00104f21 pc=00104f21 SP=0010:00114db4 env->regs[R_EAX]=00000064
EAX=00000064 EBX=00010000 ECX=00000000 EDX=00000064
ESI=00000000 EDI=00000000 EBP=00000000 ESP=00114db4
EIP=00104f21 EFL=00000283 [--S---C] CPL=0 II=0 A20=1 SMM=0 HLT=0
ES =0010 00000000 ffffffff 00cf9300 DPL=0 DS   [-WA]
CS =0008 00000000 ffffffff 00cf9a00 DPL=0 CS32 [-R-]
SS =0010 00000000 ffffffff 00cf9300 DPL=0 DS   [-WA]
DS =0010 00000000 ffffffff 00cf9300 DPL=0 DS   [-WA]
FS =0010 00000000 ffffffff 00cf9300 DPL=0 DS   [-WA]
GS =0010 00000000 ffffffff 00cf9300 DPL=0 DS   [-WA]
LDT=0000 00000000 0000ffff 00008200 DPL=0 LDT
TR =0028 00115020 00000067 00008900 DPL=0 TSS32-avl
GDT=     001150a0 0000002f
IDT=     00115100 000007ff
CR0=80000011 CR2=00000000 CR3=00122000 CR4=00000000
DR0=00000000 DR1=00000000 DR2=00000000 DR3=00000000 
DR6=ffff0ff0 DR7=00000400
CCS=00000081 CCD=ffffffba CCO=EFLAGS
EFER=0000000000000000
Servicing hardware INT=0x20
    33: v=20 e=0000 i=0 cpl=0 IP=0008:00104f21 pc=00104f21 SP=0010:00114db4 env->regs[R_EAX]=00000064
EAX=00000064 EBX=00010000 ECX=00000000 EDX=00000064
ESI=00000000 EDI=00000000 EBP=00000000 ESP=00114db4
EIP=00104f21 EFL=00000287 [--S--PC] CPL=0 II=0 A20=1 SMM=0 HLT=0
ES =0010 00000000 ffffffff 00cf9300 DPL=0 DS   [-WA]
CS =0008 00000000 ffffffff 00cf9a00 DPL=0 CS32 [-R-]
SS =0010 00000000 ffffffff 00cf9300 DPL=0 DS   [-WA]
DS =0010 00000000 ffffffff 00cf9300 DPL=0 DS   [-WA]
FS =0010 00000000 ffffffff 00cf9300 DPL=0 DS   [-WA]
GS =0010 00000000 ffffffff 00cf9300 DPL=0 DS   [-WA]
LDT=0000 00000000 0000ffff 00008200 DPL=0 LDT
TR =0028 00115020 00000067 00008900 DPL=0 TSS32-avl
GDT=     001150a0 0000002f
IDT=     00115100 000007ff
CR0=80000011 CR2=00000000 CR3=00122000 CR4=00000000
DR0=00000000 DR1=00000000 DR2=00000000 DR3=00000000 
DR6=ffff0ff0 DR7=00000400
CCS=00000085 CCD=ffffffbb CCO=EFLAGS
EFER=0000000000000000
Servicing hardware INT=0x20
    34: v=20 e=0000 i=0 cpl=0 IP=0008:00104f21 pc=00104f21 SP=0010:00114db4 env->regs[R_EAX]=00000064
EAX=00000064 EBX=00010000 ECX=00000000 EDX=00000064
ESI=00000000 EDI=00000000 EBP=00000000 ESP=00114db4
EIP=00104f21 EFL=00000293 [--S-A-C] CPL=0 II=0 A20=1 SMM=0 HLT=0
ES =0010 00000000 ffffffff 00cf9300 DPL=0 DS   [-WA]
CS =0008 00000000 ffffffff 00cf9a00 DPL=0 CS32 [-R-]
SS =0010 00000000 ffffffff 00cf9300 DPL=0 DS   [-WA]
DS =0010 00000000 ffffffff 00cf9300 DPL=0 DS   [-WA]
FS =0010 00000000 ffffffff 00cf9300 DPL=0 DS   [-WA]
GS =0010 00000000 ffffffff 00cf9300 DPL=0 DS   [-WA]
LDT=0000 00000000 0000ffff 00008200 DPL=0 LDT
TR =0028 00115020 00000067 00008900 DPL=0 TSS32-avl
GDT=     001150a0 0000002f
IDT=     00115100 000007ff
CR0=80000011 CR2=00000000 CR3=00122000 CR4=00000000
DR0=00000000 DR1=00000000 DR2=00000000 DR3=00000000 
DR6=ffff0ff0 DR7=00000400
CCS=00000091 CCD=ffffffbc CCO=EFLAGS
EFER=0000000000000000
Servicing hardware INT=0x20
    35: v=20 e=0000 i=0 cpl=0 IP=0008:00104f21 pc=00104f21 SP=0010:00114db4 env->regs[R_EAX]=00000064
EAX=00000064 EBX=00010000 ECX=00000000 EDX=00000064
ESI=00000000 EDI=00000000 EBP=00000000 ESP=00114db4
EIP=00104f21 EFL=00000297 [--S-APC] CPL=0 II=0 A20=1 SMM=0 HLT=0
ES =0010 00000000 ffffffff 00cf9300 DPL=0 DS   [-WA]
CS =0008 00000000 ffffffff 00cf9a00 DPL=0 CS32 [-R-]
SS =0010 00000000 ffffffff 00cf9300 DPL=0 DS   [-WA]
DS =0010 00000000 ffffffff 00cf9300 DPL=0 DS   [-WA]
FS =0010 00000000 ffffffff 00cf9300 DPL=0 DS   [-WA]
GS =0010 00000000 ffffffff 00cf9300 DPL=0 DS   [-WA]
LDT=0000 00000000 0000ffff 00008200 DPL=0 LDT
TR =0028 00115020 00000067 00008900 DPL=0 TSS32-avl
GDT=     001150a0 0000002f
IDT=     00115100 000007ff
CR0=80000011 CR2=00000000 CR3=00122000 CR4=00000000
DR0=00000000 DR1=00000000 DR2=00000000 DR3=00000000 
DR6=ffff0ff0 DR7=00000400
CCS=00000095 CCD=ffffffbd CCO=EFLAGS
EFER=0000000000000000
Servicing hardware INT=0x20
    36: v=20 e=0000 i=0 cpl=0 IP=0008:00104f21 pc=00104f21 SP=0010:00114db4 env->regs[R_EAX]=00000064
EAX=00000064 EBX=00010000 ECX=00000000 EDX=00000064
ESI=00000000 EDI=00000000 EBP=00000000 ESP=00114db4
EIP=00104f21 EFL=00000297 [--S-APC] CPL=0 II=0 A20=1 SMM=0 HLT=0
ES =0010 00000000 ffffffff 00cf9300 DPL=0 DS   [-WA]
CS =0008 00000000 ffffffff 00cf9a00 DPL=0 CS32 [-R-]
SS =0010 00000000 ffffffff 00cf9300 DPL=0 DS   [-WA]
DS =0010 00000000 ffffffff 00cf9300 DPL=0 DS   [-WA]
FS =0010 00000000 ffffffff 00cf9300 DPL=0 DS   [-WA]
GS =0010 00000000 ffffffff 00cf9300 DPL=0 DS   [-WA]
LDT=0000 00000000 0000ffff 00008200 DPL=0 LDT
TR =0028 00115020 00000067 00008900 DPL=0 TSS32-avl
GDT=     001150a0 0000002f
IDT=     00115100 000007ff
CR0=80000011 CR2=00000000 CR3=00122000 CR4=00000000
DR0=00000000 DR1=00000000 DR2=00000000 DR3=00000000 
DR6=ffff0ff0 DR7=00000400
CCS=00000095 CCD=ffffffbe CCO=EFLAGS
EFER=0000000000000000
Servicing hardware INT=0x20
    37: v=20 e=0000 i=0 cpl=0 IP=0008:00104f21 pc=00104f21 SP=0010:00114db4 env->regs[R_EAX]=00000064
EAX=00000064 EBX=00010000 ECX=00000000 EDX=00000064
ESI=00000000 EDI=00000000 EBP=00000000 ESP=00114db4
EIP=00104f21 EFL=00000293 [--S-A-C] CPL=0 II=0 A20=1 SMM=0 HLT=0
ES =0010 00000000 ffffffff 00cf9300 DPL=0 DS   [-WA]
CS =0008 00000000 ffffffff 00cf9a00 DPL=0 CS32 [-R-]
SS =0010 00000000 ffffffff 00cf9300 DPL=0 DS   [-WA]
DS =0010 00000000 ffffffff 00cf9300 DPL=0 DS   [-WA]
FS =0010 00000000 ffffffff 00cf9300 DPL=0 DS   [-WA]
GS =0010 00000000 ffffffff 00cf9300 DPL=0 DS   [-WA]
LDT=0000 00000000 0000ffff 00008200 DPL=0 LDT
TR =0028 00115020 00000067 00008900 DPL=0 TSS32-avl
GDT=     001150a0 0000002f
IDT=     00115100 000007ff
CR0=80000011 CR2=00000000 CR3=00122000 CR4=00000000
DR0=00000000 DR1=00000000 DR2=00000000 DR3=00000000 
DR6=ffff0ff0 DR7=00000400
CCS=00000091 CCD=ffffffbf CCO=EFLAGS
EFER=0000000000000000
Servicing hardware INT=0x20
    38: v=20 e=0000 i=0 cpl=0 IP=0008:00104f21 pc=00104f21 SP=0010:00114db4 env->regs[R_EAX]=00000064
EAX=00000064 EBX=00010000 ECX=00000000 EDX=00000064
ESI=00000000 EDI=00000000 EBP=00000000 ESP=00114db4
EIP=00104f21 EFL=00000287 [--S--PC] CPL=0 II=0 A20=1 SMM=0 HLT=0
ES =0010 00000000 ffffffff 00cf9300 DPL=0 DS   [-WA]
CS =0008 00000000 ffffffff 00cf9a00 DPL=0 CS32 [-R-]
SS =0010 00000000 ffffffff 00cf9300 DPL=0 DS   [-WA]
DS =0010 00000000 ffffffff 00cf9300 DPL=0 DS   [-WA]
FS =0010 00000000 ffffffff 00cf9300 DPL=0 DS   [-WA]
GS =0010 00000000 ffffffff 00cf9300 DPL=0 DS   [-WA]
LDT=0000 00000000 0000ffff 00008200 DPL=0 LDT
TR =0028 00115020 00000067 00008900 DPL=0 TSS32-avl
GDT=     001150a0 0000002f
IDT=     00115100 000007ff
CR0=80000011 CR2=00000000 CR3=00122000 CR4=00000000
DR0=00000000 DR1=00000000 DR2=00000000 DR3=00000000 
DR6=ffff0ff0 DR7=00000400
CCS=00000085 CCD=ffffffc0 CCO=EFLAGS
EFER=0000000000000000
Servicing hardware INT=0x20
    39: v=20 e=0000 i=0 cpl=0 IP=0008:00104f21 pc=00104f21 SP=0010:00114db4 env->regs[R_EAX]=00000064
EAX=00000064 EBX=00010000 ECX=00000000 EDX=00000064
ESI=00000000 EDI=00000000 EBP=00000000 ESP=00114db4
EIP=00104f21 EFL=00000283 [--S---C] CPL=0 II=0 A20=1 SMM=0 HLT=0
ES =0010 00000000 ffffffff 00cf9300 DPL=0 DS   [-WA]
CS =0008 00000000 ffffffff 00cf9a00 DPL=0 CS32 [-R-]
SS =0010 00000000 ffffffff 00cf9300 DPL=0 DS   [-WA]
DS =0010 00000000 ffffffff 00cf9300 DPL=0 DS   [-WA]
FS =0010 00000000 ffffffff 00cf9300 DPL=0 DS   [-WA]
GS =0010 00000000 ffffffff 00cf9300 DPL=0 DS   [-WA]
LDT=0000 00000000 0000ffff 00008200 DPL=0 LDT
TR =0028 00115020 00000067 00008900 DPL=0 TSS32-avl
GDT=     001150a0 0000002f
IDT=     00115100 000007ff
CR0=80000011 CR2=00000000 CR3=00122000 CR4=00000000
DR0=00000000 DR1=00000000 DR2=00000000 DR3=00000000 
DR6=ffff0ff0 DR7=00000400
CCS=00000081 CCD=ffffffc1 CCO=EFLAGS
EFER=0000000000000000
Servicing hardware INT=0x20
    40: v=20 e=0000 i=0 cpl=0 IP=0008:00104f21 pc=00104f21 SP=0010:00114db4 env->regs[R_EAX]=00000064
EAX=00000064 EBX=00010000 ECX=00000000 EDX=00000064
ESI=00000000 EDI=00000000 EBP=00000000 ESP=00114db4
EIP=00104f21 EFL=00000283 [--S---C] CPL=0 II=0 A20=1 SMM=0 HLT=0
ES =0010 00000000 ffffffff 00cf9300 DPL=0 DS   [-WA]
CS =0008 00000000 ffffffff 00cf9a00 DPL=0 CS32 [-R-]
SS =0010 00000000 ffffffff 00cf9300 DPL=0 DS   [-WA]
DS =0010 00000000 ffffffff 00cf9300 DPL=0 DS   [-WA]
FS =0010 00000000 ffffffff 00cf9300 DPL=0 DS   [-WA]
GS =0010 00000000 ffffffff 00cf9300 DPL=0 DS   [-WA]
LDT=0000 00000000 0000ffff 00008200 DPL=0 LDT
TR =0028 00115020 00000067 00008900 DPL=0 TSS32-avl
GDT=     001150a0 0000002f
IDT=     00115100 000007ff
CR0=80000011 CR2=00000000 CR3=00122000 CR4=00000000
DR0=00000000 DR1=00000000 DR2=00000000 DR3=00000000 
DR6=ffff0ff0 DR7=00000400
CCS=00000081 CCD=ffffffc2 CCO=EFLAGS
EFER=0000000000000000
Servicing hardware INT=0x20
    41: v=20 e=0000 i=0 cpl=0 IP=0008:00104f21 pc=00104f21 SP=0010:00114db4 env->regs[R_EAX]=00000064
EAX=00000064 EBX=00010000 ECX=00000000 EDX=00000064
ESI=00000000 EDI=00000000 EBP=00000000 ESP=00114db4
EIP=00104f21 EFL=00000287 [--S--PC] CPL=0 II=0 A20=1 SMM=0 HLT=0
ES =0010 00000000 ffffffff 00cf9300 DPL=0 DS   [-WA]
CS =0008 00000000 ffffffff 00cf9a00 DPL=0 CS32 [-R-]
SS =0010 00000000 ffffffff 00cf9300 DPL=0 DS   [-WA]
DS =0010 00000000 ffffffff 00cf9300 DPL=0 DS   [-WA]
FS =0010 00000000 ffffffff 00cf9300 DPL=0 DS   [-WA]
GS =0010 00000000 ffffffff 00cf9300 DPL=0 DS   [-WA]
LDT=0000 00000000 0000ffff 00008200 DPL=0 LDT
TR =0028 00115020 00000067 00008900 DPL=0 TSS32-avl
GDT=     001150a0 0000002f
IDT=     00115100 000007ff
CR0=80000011 CR2=00000000 CR3=00122000 CR4=00000000
DR0=00000000 DR1=00000000 DR2=00000000 DR3=00000000 
DR6=ffff0ff0 DR7=00000400
CCS=00000085 CCD=ffffffc3 CCO=EFLAGS
EFER=0000000000000000
Servicing hardware INT=0x20
    42: v=20 e=0000 i=0 cpl=0 IP=0008:00104f21 pc=00104f21 SP=0010:00114db4 env->regs[R_EAX]=00000064
EAX=00000064 EBX=00010000 ECX=00000000 EDX=00000064
ESI=00000000 EDI=00000000 EBP=00000000 ESP=00114db4
EIP=00104f21 EFL=00000283 [--S---C] CPL=0 II=0 A20=1 SMM=0 HLT=0
ES =0010 00000000 ffffffff 00cf9300 DPL=0 DS   [-WA]
CS =0008 00000000 ffffffff 00cf9a00 DPL=0 CS32 [-R-]
SS =0010 00000000 ffffffff 00cf9300 DPL=0 DS   [-WA]
DS =0010 00000000 ffffffff 00cf9300 DPL=0 DS   [-WA]
FS =0010 00000000 ffffffff 00cf9300 DPL=0 DS   [-WA]
GS =0010 00000000 ffffffff 00cf9300 DPL=0 DS   [-WA]
LDT=0000 00000000 0000ffff 00008200 DPL=0 LDT
TR =0028 00115020 00000067 00008900 DPL=0 TSS32-avl
GDT=     001150a0 0000002f
IDT=     00115100 000007ff
CR0=80000011 CR2=00000000 CR3=00122000 CR4=00000000
DR0=00000000 DR1=00000000 DR2=00000000 DR3=00000000 
DR6=ffff0ff0 DR7=00000400
CCS=00000081 CCD=ffffffc4 CCO=EFLAGS
EFER=0000000000000000
Servicing hardware INT=0x20
    43: v=20 e=0000 i=0 cpl=0 IP=0008:00104f21 pc=00104f21 SP=0010:00114db4 env->regs[R_EAX]=00000064
EAX=00000064 EBX=00010000 ECX=00000000 EDX=00000064
ESI=00000000 EDI=00000000 EBP=00000000 ESP=00114db4
EIP=00104f21 EFL=00000287 [--S--PC] CPL=0 II=0 A20=1 SMM=0 HLT=0
ES =0010 00000000 ffffffff 00cf9300 DPL=0 DS   [-WA]
CS =0008 00000000 ffffffff 00cf9a00 DPL=0 CS32 [-R-]
SS =0010 00000000 ffffffff 00cf9300 DPL=0 DS   [-WA]
DS =0010 00000000 ffffffff 00cf9300 DPL=0 DS   [-WA]
FS =0010 00000000 ffffffff 00cf9300 DPL=0 DS   [-WA]
GS =0010 00000000 ffffffff 00cf9300 DPL=0 DS   [-WA]
LDT=0000 00000000 0000ffff 00008200 DPL=0 LDT
TR =0028 00115020 00000067 00008900 DPL=0 TSS32-avl
GDT=     001150a0 0000002f
IDT=     00115100 000007ff
CR0=80000011 CR2=00000000 CR3=00122000 CR4=00000000
DR0=00000000 DR1=00000000 DR2=00000000 DR3=00000000 
DR6=ffff0ff0 DR7=00000400
CCS=00000085 CCD=ffffffc5 CCO=EFLAGS
EFER=0000000000000000
Servicing hardware INT=0x20
    44: v=20 e=0000 i=0 cpl=0 IP=0008:00104f21 pc=00104f21 SP=0010:00114db4 env->regs[R_EAX]=00000064
EAX=00000064 EBX=00010000 ECX=00000000 EDX=00000064
ESI=00000000 EDI=00000000 EBP=00000000 ESP=00114db4
EIP=00104f21 EFL=00000287 [--S--PC] CPL=0 II=0 A20=1 SMM=0 HLT=0
ES =0010 00000000 ffffffff 00cf9300 DPL=0 DS   [-WA]
CS =0008 00000000 ffffffff 00cf9a00 DPL=0 CS32 [-R-]
SS =0010 00000000 ffffffff 00cf9300 DPL=0 DS   [-WA]
DS =0010 00000000 ffffffff 00cf9300 DPL=0 DS   [-WA]
FS =0010 00000000 ffffffff 00cf9300 DPL=0 DS   [-WA]
GS =0010 00000000 ffffffff 00cf9300 DPL=0 DS   [-WA]
LDT=0000 00000000 0000ffff 00008200 DPL=0 LDT
TR =0028 00115020 00000067 00008900 DPL=0 TSS32-avl
GDT=     001150a0 0000002f
IDT=     00115100 000007ff
CR0=80000011 CR2=00000000 CR3=00122000 CR4=00000000
DR0=00000000 DR1=00000000 DR2=00000000 DR3=00000000 
DR6=ffff0ff0 DR7=00000400
CCS=00000085 CCD=ffffffc6 CCO=EFLAGS
EFER=0000000000000000
Servicing hardware INT=0x20
    45: v=20 e=0000 i=0 cpl=0 IP=0008:00104f21 pc=00104f21 SP=0010:00114db4 env->regs[R_EAX]=00000064
EAX=00000064 EBX=00010000 ECX=00000000 EDX=00000064
ESI=00000000 EDI=00000000 EBP=00000000 ESP=00114db4
EIP=00104f21 EFL=00000283 [--S---C] CPL=0 II=0 A20=1 SMM=0 HLT=0
ES =0010 00000000 ffffffff 00cf9300 DPL=0 DS   [-WA]
CS =0008 00000000 ffffffff 00cf9a00 DPL=0 CS32 [-R-]
SS =0010 00000000 ffffffff 00cf9300 DPL=0 DS   [-WA]
DS =0010 00000000 ffffffff 00cf9300 DPL=0 DS   [-WA]
FS =0010 00000000 ffffffff 00cf9300 DPL=0 DS   [-WA]
GS =0010 00000000 ffffffff 00cf9300 DPL=0 DS   [-WA]
LDT=0000 00000000 0000ffff 00008200 DPL=0 LDT
TR =0028 00115020 00000067 00008900 DPL=0 TSS32-avl
GDT=     001150a0 0000002f
IDT=     00115100 000007ff
CR0=80000011 CR2=00000000 CR3=00122000 CR4=00000000
DR0=00000000 DR1=00000000 DR2=00000000 DR3=00000000 
DR6=ffff0ff0 DR7=00000400
CCS=00000081 CCD=ffffffc7 CCO=EFLAGS
EFER=0000000000000000
Servicing hardware INT=0x20
    46: v=20 e=0000 i=0 cpl=0 IP=0008:00104f21 pc=00104f21 SP=0010:00114db4 env->regs[R_EAX]=00000064
EAX=00000064 EBX=00010000 ECX=00000000 EDX=00000064
ESI=00000000 EDI=00000000 EBP=00000000 ESP=00114db4
EIP=00104f21 EFL=00000283 [--S---C] CPL=0 II=0 A20=1 SMM=0 HLT=0
ES =0010 00000000 ffffffff 00cf9300 DPL=0 DS   [-WA]
CS =0008 00000000 ffffffff 00cf9a00 DPL=0 CS32 [-R-]
SS =0010 00000000 ffffffff 00cf9300 DPL=0 DS   [-WA]
DS =0010 00000000 ffffffff 00cf9300 DPL=0 DS   [-WA]
FS =0010 00000000 ffffffff 00cf9300 DPL=0 DS   [-WA]
GS =0010 00000000 ffffffff 00cf9300 DPL=0 DS   [-WA]
LDT=0000 00000000 0000ffff 00008200 DPL=0 LDT
TR =0028 00115020 00000067 00008900 DPL=0 TSS32-avl
GDT=     001150a0 0000002f
IDT=     00115100 000007ff
CR0=80000011 CR2=00000000 CR3=00122000 CR4=00000000
DR0=00000000 DR1=00000000 DR2=00000000 DR3=00000000 
DR6=ffff0ff0 DR7=00000400
CCS=00000081 CCD=ffffffc8 CCO=EFLAGS
EFER=0000000000000000
Servicing hardware INT=0x20
    47: v=20 e=0000 i=0 cpl=0 IP=0008:00104f21 pc=00104f21 SP=0010:00114db4 env->regs[R_EAX]=00000064
EAX=00000064 EBX=00010000 ECX=00000000 EDX=00000064
ESI=00000000 EDI=00000000 EBP=00000000 ESP=00114db4
EIP=00104f21 EFL=00000287 [--S--PC] CPL=0 II=0 A20=1 SMM=0 HLT=0
ES =0010 00000000 ffffffff 00cf9300 DPL=0 DS   [-WA]
CS =0008 00000000 ffffffff 00cf9a00 DPL=0 CS32 [-R-]
SS =0010 00000000 ffffffff 00cf9300 DPL=0 DS   [-WA]
DS =0010 00000000 ffffffff 00cf9300 DPL=0 DS   [-WA]
FS =0010 00000000 ffffffff 00cf9300 DPL=0 DS   [-WA]
GS =0010 00000000 ffffffff 00cf9300 DPL=0 DS   [-WA]
LDT=0000 00000000 0000ffff 00008200 DPL=0 LDT
TR =0028 00115020 00000067 00008900 DPL=0 TSS32-avl
GDT=     001150a0 0000002f
IDT=     00115100 000007ff
CR0=80000011 CR2=00000000 CR3=00122000 CR4=00000000
DR0=00000000 DR1=00000000 DR2=00000000 DR3=00000000 
DR6=ffff0ff0 DR7=00000400
CCS=00000085 CCD=ffffffc9 CCO=EFLAGS
EFER=0000000000000000
Servicing hardware INT=0x20
    48: v=20 e=0000 i=0 cpl=0 IP=0008:00104f21 pc=00104f21 SP=0010:00114db4 env->regs[R_EAX]=00000064
EAX=00000064 EBX=00010000 ECX=00000000 EDX=00000064
ESI=00000000 EDI=00000000 EBP=00000000 ESP=00114db4
EIP=00104f21 EFL=00000287 [--S--PC] CPL=0 II=0 A20=1 SMM=0 HLT=0
ES =0010 00000000 ffffffff 00cf9300 DPL=0 DS   [-WA]
CS =0008 00000000 ffffffff 00cf9a00 DPL=0 CS32 [-R-]
SS =0010 00000000 ffffffff 00cf9300 DPL=0 DS   [-WA]
DS =0010 00000000 ffffffff 00cf9300 DPL=0 DS   [-WA]
FS =0010 00000000 ffffffff 00cf9300 DPL=0 DS   [-WA]
GS =0010 00000000 ffffffff 00cf9300 DPL=0 DS   [-WA]
LDT=0000 00000000 0000ffff 00008200 DPL=0 LDT
TR =0028 00115020 00000067 00008900 DPL=0 TSS32-avl
GDT=     001150a0 0000002f
IDT=     00115100 000007ff
CR0=80000011 CR2=00000000 CR3=00122000 CR4=00000000
DR0=00000000 DR1=00000000 DR2=00000000 DR3=00000000 
DR6=ffff0ff0 DR7=00000400
CCS=00000085 CCD=ffffffca CCO=EFLAGS
EFER=0000000000000000
Servicing hardware INT=0x20
    49: v=20 e=0000 i=0 cpl=0 IP=0008:00104f21 pc=00104f21 SP=0010:00114db4 env->regs[R_EAX]=00000064
EAX=00000064 EBX=00010000 ECX=00000000 EDX=00000064
ESI=00000000 EDI=00000000 EBP=00000000 ESP=00114db4
EIP=00104f21 EFL=00000283 [--S---C] CPL=0 II=0 A20=1 SMM=0 HLT=0
ES =0010 00000000 ffffffff 00cf9300 DPL=0 DS   [-WA]
CS =0008 00000000 ffffffff 00cf9a00 DPL=0 CS32 [-R-]
SS =0010 00000000 ffffffff 00cf9300 DPL=0 DS   [-WA]
DS =0010 00000000 ffffffff 00cf9300 DPL=0 DS   [-WA]
FS =0010 00000000 ffffffff 00cf9300 DPL=0 DS   [-WA]
GS =0010 00000000 ffffffff 00cf9300 DPL=0 DS   [-WA]
LDT=0000 00000000 0000ffff 00008200 DPL=0 LDT
TR =0028 00115020 00000067 00008900 DPL=0 TSS32-avl
GDT=     001150a0 0000002f
IDT=     00115100 000007ff
CR0=80000011 CR2=00000000 CR3=00122000 CR4=00000000
DR0=00000000 DR1=00000000 DR2=00000000 DR3=00000000 
DR6=ffff0ff0 DR7=00000400
CCS=00000081 CCD=ffffffcb CCO=EFLAGS
EFER=0000000000000000
Servicing hardware INT=0x20
    50: v=20 e=0000 i=0 cpl=0 IP=0008:00104f21 pc=00104f21 SP=0010:00114db4 env->regs[R_EAX]=00000064
EAX=00000064 EBX=00010000 ECX=00000000 EDX=00000064
ESI=00000000 EDI=00000000 EBP=00000000 ESP=00114db4
EIP=00104f21 EFL=00000297 [--S-APC] CPL=0 II=0 A20=1 SMM=0 HLT=0
ES =0010 00000000 ffffffff 00cf9300 DPL=0 DS   [-WA]
CS =0008 00000000 ffffffff 00cf9a00 DPL=0 CS32 [-R-]
SS =0010 00000000 ffffffff 00cf9300 DPL=0 DS   [-WA]
DS =0010 00000000 ffffffff 00cf9300 DPL=0 DS   [-WA]
FS =0010 00000000 ffffffff 00cf9300 DPL=0 DS   [-WA]
GS =0010 00000000 ffffffff 00cf9300 DPL=0 DS   [-WA]
LDT=0000 00000000 0000ffff 00008200 DPL=0 LDT
TR =0028 00115020 00000067 00008900 DPL=0 TSS32-avl
GDT=     001150a0 0000002f
IDT=     00115100 000007ff
CR0=80000011 CR2=00000000 CR3=00122000 CR4=00000000
DR0=00000000 DR1=00000000 DR2=00000000 DR3=00000000 
DR6=ffff0ff0 DR7=00000400
CCS=00000095 CCD=ffffffcc CCO=EFLAGS
EFER=0000000000000000
Servicing hardware INT=0x20
    51: v=20 e=0000 i=0 cpl=0 IP=0008:00104f21 pc=00104f21 SP=0010:00114db4 env->regs[R_EAX]=00000064
EAX=00000064 EBX=00010000 ECX=00000000 EDX=00000064
ESI=00000000 EDI=00000000 EBP=00000000 ESP=00114db4
EIP=00104f21 EFL=00000293 [--S-A-C] CPL=0 II=0 A20=1 SMM=0 HLT=0
ES =0010 00000000 ffffffff 00cf9300 DPL=0 DS   [-WA]
CS =0008 00000000 ffffffff 00cf9a00 DPL=0 CS32 [-R-]
SS =0010 00000000 ffffffff 00cf9300 DPL=0 DS   [-WA]
DS =0010 00000000 ffffffff 00cf9300 DPL=0 DS   [-WA]
FS =0010 00000000 ffffffff 00cf9300 DPL=0 DS   [-WA]
GS =0010 00000000 ffffffff 00cf9300 DPL=0 DS   [-WA]
LDT=0000 00000000 0000ffff 00008200 DPL=0 LDT
TR =0028 00115020 00000067 00008900 DPL=0 TSS32-avl
GDT=     001150a0 0000002f
IDT=     00115100 000007ff
CR0=80000011 CR2=00000000 CR3=00122000 CR4=00000000
DR0=00000000 DR1=00000000 DR2=00000000 DR3=00000000 
DR6=ffff0ff0 DR7=00000400
CCS=00000091 CCD=ffffffcd CCO=EFLAGS
EFER=0000000000000000
Servicing hardware INT=0x20
    52: v=20 e=0000 i=0 cpl=0 IP=0008:00104f21 pc=00104f21 SP=0010:00114db4 env->regs[R_EAX]=00000064
EAX=00000064 EBX=00010000 ECX=00000000 EDX=00000064
ESI=00000000 EDI=00000000 EBP=00000000 ESP=00114db4
EIP=00104f21 EFL=00000293 [--S-A-C] CPL=0 II=0 A20=1 SMM=0 HLT=0
ES =0010 00000000 ffffffff 00cf9300 DPL=0 DS   [-WA]
CS =0008 00000000 ffffffff 00cf9a00 DPL=0 CS32 [-R-]
SS =0010 00000000 ffffffff 00cf9300 DPL=0 DS   [-WA]
DS =0010 00000000 ffffffff 00cf9300 DPL=0 DS   [-WA]
FS =0010 00000000 ffffffff 00cf9300 DPL=0 DS   [-WA]
GS =0010 00000000 ffffffff 00cf9300 DPL=0 DS   [-WA]
LDT=0000 00000000 0000ffff 00008200 DPL=0 LDT
TR =0028 00115020 00000067 00008900 DPL=0 TSS32-avl
GDT=     001150a0 0000002f
IDT=     00115100 000007ff
CR0=80000011 CR2=00000000 CR3=00122000 CR4=00000000
DR0=00000000 DR1=00000000 DR2=00000000 DR3=00000000 
DR6=ffff0ff0 DR7=00000400
CCS=00000091 CCD=ffffffce CCO=EFLAGS
EFER=0000000000000000
Servicing hardware INT=0x20
    53: v=20 e=0000 i=0 cpl=0 IP=0008:00104f21 pc=00104f21 SP=0010:00114db4 env->regs[R_EAX]=00000064
EAX=00000064 EBX=00010000 ECX=00000000 EDX=00000064
ESI=00000000 EDI=00000000 EBP=00000000 ESP=00114db4
EIP=00104f21 EFL=00000297 [--S-APC] CPL=0 II=0 A20=1 SMM=0 HLT=0
ES =0010 00000000 ffffffff 00cf9300 DPL=0 DS   [-WA]
CS =0008 00000000 ffffffff 00cf9a00 DPL=0 CS32 [-R-]
SS =0010 00000000 ffffffff 00cf9300 DPL=0 DS   [-WA]
DS =0010 00000000 ffffffff 00cf9300 DPL=0 DS   [-WA]
FS =0010 00000000 ffffffff 00cf9300 DPL=0 DS   [-WA]
GS =0010 00000000 ffffffff 00cf9300 DPL=0 DS   [-WA]
LDT=0000 00000000 0000ffff 00008200 DPL=0 LDT
TR =0028 00115020 00000067 00008900 DPL=0 TSS32-avl
GDT=     001150a0 0000002f
IDT=     00115100 000007ff
CR0=80000011 CR2=00000000 CR3=00122000 CR4=00000000
DR0=00000000 DR1=00000000 DR2=00000000 DR3=00000000 
DR6=ffff0ff0 DR7=00000400
CCS=00000095 CCD=ffffffcf CCO=EFLAGS
EFER=0000000000000000
Servicing hardware INT=0x20
    54: v=20 e=0000 i=0 cpl=0 IP=0008:00104f21 pc=00104f21 SP=0010:00114db4 env->regs[R_EAX]=00000064
EAX=00000064 EBX=00010000 ECX=00000000 EDX=00000064
ESI=00000000 EDI=00000000 EBP=00000000 ESP=00114db4
EIP=00104f21 EFL=00000283 [--S---C] CPL=0 II=0 A20=1 SMM=0 HLT=0
ES =0010 00000000 ffffffff 00cf9300 DPL=0 DS   [-WA]
CS =0008 00000000 ffffffff 00cf9a00 DPL=0 CS32 [-R-]
SS =0010 00000000 ffffffff 00cf9300 DPL=0 DS   [-WA]
DS =0010 00000000 ffffffff 00cf9300 DPL=0 DS   [-WA]
FS =0010 00000000 ffffffff 00cf9300 DPL=0 DS   [-WA]
GS =0010 00000000 ffffffff 00cf9300 DPL=0 DS   [-WA]
LDT=0000 00000000 0000ffff 00008200 DPL=0 LDT
TR =0028 00115020 00000067 00008900 DPL=0 TSS32-avl
GDT=     001150a0 0000002f
IDT=     00115100 000007ff
CR0=80000011 CR2=00000000 CR3=00122000 CR4=00000000
DR0=00000000 DR1=00000000 DR2=00000000 DR3=00000000 
DR6=ffff0ff0 DR7=00000400
CCS=00000081 CCD=ffffffd0 CCO=EFLAGS
EFER=0000000000000000
Servicing hardware INT=0x20
    55: v=20 e=0000 i=0 cpl=0 IP=0008:00104f21 pc=00104f21 SP=0010:00114db4 env->regs[R_EAX]=00000064
EAX=00000064 EBX=00010000 ECX=00000000 EDX=00000064
ESI=00000000 EDI=00000000 EBP=00000000 ESP=00114db4
EIP=00104f21 EFL=00000287 [--S--PC] CPL=0 II=0 A20=1 SMM=0 HLT=0
ES =0010 00000000 ffffffff 00cf9300 DPL=0 DS   [-WA]
CS =0008 00000000 ffffffff 00cf9a00 DPL=0 CS32 [-R-]
SS =0010 00000000 ffffffff 00cf9300 DPL=0 DS   [-WA]
DS =0010 00000000 ffffffff 00cf9300 DPL=0 DS   [-WA]
FS =0010 00000000 ffffffff 00cf9300 DPL=0 DS   [-WA]
GS =0010 00000000 ffffffff 00cf9300 DPL=0 DS   [-WA]
LDT=0000 00000000 0000ffff 00008200 DPL=0 LDT
TR =0028 00115020 00000067 00008900 DPL=0 TSS32-avl
GDT=     001150a0 0000002f
IDT=     00115100 000007ff
CR0=80000011 CR2=00000000 CR3=00122000 CR4=00000000
DR0=00000000 DR1=00000000 DR2=00000000 DR3=00000000 
DR6=ffff0ff0 DR7=00000400
CCS=00000085 CCD=ffffffd1 CCO=EFLAGS
EFER=0000000000000000
Servicing hardware INT=0x20
    56: v=20 e=0000 i=0 cpl=0 IP=0008:00104f21 pc=00104f21 SP=0010:00114db4 env->regs[R_EAX]=00000064
EAX=00000064 EBX=00010000 ECX=00000000 EDX=00000064
ESI=00000000 EDI=00000000 EBP=00000000 ESP=00114db4
EIP=00104f21 EFL=00000287 [--S--PC] CPL=0 II=0 A20=1 SMM=0 HLT=0
ES =0010 00000000 ffffffff 00cf9300 DPL=0 DS   [-WA]
CS =0008 00000000 ffffffff 00cf9a00 DPL=0 CS32 [-R-]
SS =0010 00000000 ffffffff 00cf9300 DPL=0 DS   [-WA]
DS =0010 00000000 ffffffff 00cf9300 DPL=0 DS   [-WA]
FS =0010 00000000 ffffffff 00cf9300 DPL=0 DS   [-WA]
GS =0010 00000000 ffffffff 00cf9300 DPL=0 DS   [-WA]
LDT=0000 00000000 0000ffff 00008200 DPL=0 LDT
TR =0028 00115020 00000067 00008900 DPL=0 TSS32-avl
GDT=     001150a0 0000002f
IDT=     00115100 000007ff
CR0=80000011 CR2=00000000 CR3=00122000 CR4=00000000
DR0=00000000 DR1=00000000 DR2=00000000 DR3=00000000 
DR6=ffff0ff0 DR7=00000400
CCS=00000085 CCD=ffffffd2 CCO=EFLAGS
EFER=0000000000000000
Servicing hardware INT=0x20
    57: v=20 e=0000 i=0 cpl=0 IP=0008:00104f21 pc=00104f21 SP=0010:00114db4 env->regs[R_EAX]=00000064
EAX=00000064 EBX=00010000 ECX=00000000 EDX=00000064
ESI=00000000 EDI=00000000 EBP=00000000 ESP=00114db4
EIP=00104f21 EFL=00000283 [--S---C] CPL=0 II=0 A20=1 SMM=0 HLT=0
ES =0010 00000000 ffffffff 00cf9300 DPL=0 DS   [-WA]
CS =0008 00000000 ffffffff 00cf9a00 DPL=0 CS32 [-R-]
SS =0010 00000000 ffffffff 00cf9300 DPL=0 DS   [-WA]
DS =0010 00000000 ffffffff 00cf9300 DPL=0 DS   [-WA]
FS =0010 00000000 ffffffff 00cf9300 DPL=0 DS   [-WA]
GS =0010 00000000 ffffffff 00cf9300 DPL=0 DS   [-WA]
LDT=0000 00000000 0000ffff 00008200 DPL=0 LDT
TR =0028 00115020 00000067 00008900 DPL=0 TSS32-avl
GDT=     001150a0 0000002f
IDT=     00115100 000007ff
CR0=80000011 CR2=00000000 CR3=00122000 CR4=00000000
DR0=00000000 DR1=00000000 DR2=00000000 DR3=00000000 
DR6=ffff0ff0 DR7=00000400
CCS=00000081 CCD=ffffffd3 CCO=EFLAGS
EFER=0000000000000000
Servicing hardware INT=0x20
    58: v=20 e=0000 i=0 cpl=0 IP=0008:00104f21 pc=00104f21 SP=0010:00114db4 env->regs[R_EAX]=00000064
EAX=00000064 EBX=00010000 ECX=00000000 EDX=00000064
ESI=00000000 EDI=00000000 EBP=00000000 ESP=00114db4
EIP=00104f21 EFL=00000287 [--S--PC] CPL=0 II=0 A20=1 SMM=0 HLT=0
ES =0010 00000000 ffffffff 00cf9300 DPL=0 DS   [-WA]
CS =0008 00000000 ffffffff 00cf9a00 DPL=0 CS32 [-R-]
SS =0010 00000000 ffffffff 00cf9300 DPL=0 DS   [-WA]
DS =0010 00000000 ffffffff 00cf9300 DPL=0 DS   [-WA]
FS =0010 00000000 ffffffff 00cf9300 DPL=0 DS   [-WA]
GS =0010 00000000 ffffffff 00cf9300 DPL=0 DS   [-WA]
LDT=0000 00000000 0000ffff 00008200 DPL=0 LDT
TR =0028 00115020 00000067 00008900 DPL=0 TSS32-avl
GDT=     001150a0 0000002f
IDT=     00115100 000007ff
CR0=80000011 CR2=00000000 CR3=00122000 CR4=00000000
DR0=00000000 DR1=00000000 DR2=00000000 DR3=00000000 
DR6=ffff0ff0 DR7=00000400
CCS=00000085 CCD=ffffffd4 CCO=EFLAGS
EFER=0000000000000000
Servicing hardware INT=0x20
    59: v=20 e=0000 i=0 cpl=0 IP=0008:00104f21 pc=00104f21 SP=0010:00114db4 env->regs[R_EAX]=00000064
EAX=00000064 EBX=00010000 ECX=00000000 EDX=00000064
ESI=00000000 EDI=00000000 EBP=00000000 ESP=00114db4
EIP=00104f21 EFL=00000283 [--S---C] CPL=0 II=0 A20=1 SMM=0 HLT=0
ES =0010 00000000 ffffffff 00cf9300 DPL=0 DS   [-WA]
CS =0008 00000000 ffffffff 00cf9a00 DPL=0 CS32 [-R-]
SS =0010 00000000 ffffffff 00cf9300 DPL=0 DS   [-WA]
DS =0010 00000000 ffffffff 00cf9300 DPL=0 DS   [-WA]
FS =0010 00000000 ffffffff 00cf9300 DPL=0 DS   [-WA]
GS =0010 00000000 ffffffff 00cf9300 DPL=0 DS   [-WA]
LDT=0000 00000000 0000ffff 00008200 DPL=0 LDT
TR =0028 00115020 00000067 00008900 DPL=0 TSS32-avl
GDT=     001150a0 0000002f
IDT=     00115100 000007ff
CR0=80000011 CR2=00000000 CR3=00122000 CR4=00000000
DR0=00000000 DR1=00000000 DR2=00000000 DR3=00000000 
DR6=ffff0ff0 DR7=00000400
CCS=00000081 CCD=ffffffd5 CCO=EFLAGS
EFER=0000000000000000
Servicing hardware INT=0x20
    60: v=20 e=0000 i=0 cpl=0 IP=0008:00104f21 pc=00104f21 SP=0010:00114db4 env->regs[R_EAX]=00000064
EAX=00000064 EBX=00010000 ECX=00000000 EDX=00000064
ESI=00000000 EDI=00000000 EBP=00000000 ESP=00114db4
EIP=00104f21 EFL=00000283 [--S---C] CPL=0 II=0 A20=1 SMM=0 HLT=0
ES =0010 00000000 ffffffff 00cf9300 DPL=0 DS   [-WA]
CS =0008 00000000 ffffffff 00cf9a00 DPL=0 CS32 [-R-]
SS =0010 00000000 ffffffff 00cf9300 DPL=0 DS   [-WA]
DS =0010 00000000 ffffffff 00cf9300 DPL=0 DS   [-WA]
FS =0010 00000000 ffffffff 00cf9300 DPL=0 DS   [-WA]
GS =0010 00000000 ffffffff 00cf9300 DPL=0 DS   [-WA]
LDT=0000 00000000 0000ffff 00008200 DPL=0 LDT
TR =0028 00115020 00000067 00008900 DPL=0 TSS32-avl
GDT=     001150a0 0000002f
IDT=     00115100 000007ff
CR0=80000011 CR2=00000000 CR3=00122000 CR4=00000000
DR0=00000000 DR1=00000000 DR2=00000000 DR3=00000000 
DR6=ffff0ff0 DR7=00000400
CCS=00000081 CCD=ffffffd6 CCO=EFLAGS
EFER=0000000000000000
Servicing hardware INT=0x20
    61: v=20 e=0000 i=0 cpl=0 IP=0008:00104f21 pc=00104f21 SP=0010:00114db4 env->regs[R_EAX]=00000064
EAX=00000064 EBX=00010000 ECX=00000000 EDX=00000064
ESI=00000000 EDI=00000000 EBP=00000000 ESP=00114db4
EIP=00104f21 EFL=00000287 [--S--PC] CPL=0 II=0 A20=1 SMM=0 HLT=0
ES =0010 00000000 ffffffff 00cf9300 DPL=0 DS   [-WA]
CS =0008 00000000 ffffffff 00cf9a00 DPL=0 CS32 [-R-]
SS =0010 00000000 ffffffff 00cf9300 DPL=0 DS   [-WA]
DS =0010 00000000 ffffffff 00cf9300 DPL=0 DS   [-WA]
FS =0010 00000000 ffffffff 00cf9300 DPL=0 DS   [-WA]
GS =0010 00000000 ffffffff 00cf9300 DPL=0 DS   [-WA]
LDT=0000 00000000 0000ffff 00008200 DPL=0 LDT
TR =0028 00115020 00000067 00008900 DPL=0 TSS32-avl
GDT=     001150a0 0000002f
IDT=     00115100 000007ff
CR0=80000011 CR2=00000000 CR3=00122000 CR4=00000000
DR0=00000000 DR1=00000000 DR2=00000000 DR3=00000000 
DR6=ffff0ff0 DR7=00000400
CCS=00000085 CCD=ffffffd7 CCO=EFLAGS
EFER=0000000000000000
Servicing hardware INT=0x20
    62: v=20 e=0000 i=0 cpl=0 IP=0008:00104f21 pc=00104f21 SP=0010:00114db4 env->regs[R_EAX]=00000064
EAX=00000064 EBX=00010000 ECX=00000000 EDX=00000064
ESI=00000000 EDI=00000000 EBP=00000000 ESP=00114db4
EIP=00104f21 EFL=00000287 [--S--PC] CPL=0 II=0 A20=1 SMM=0 HLT=0
ES =0010 00000000 ffffffff 00cf9300 DPL=0 DS   [-WA]
CS =0008 00000000 ffffffff 00cf9a00 DPL=0 CS32 [-R-]
SS =0010 00000000 ffffffff 00cf9300 DPL=0 DS   [-WA]
DS =0010 00000000 ffffffff 00cf9300 DPL=0 DS   [-WA]
FS =0010 00000000 ffffffff 00cf9300 DPL=0 DS   [-WA]
GS =0010 00000000 ffffffff 00cf9300 DPL=0 DS   [-WA]
LDT=0000 00000000 0000ffff 00008200 DPL=0 LDT
TR =0028 00115020 00000067 00008900 DPL=0 TSS32-avl
GDT=     001150a0 0000002f
IDT=     00115100 000007ff
CR0=80000011 CR2=00000000 CR3=00122000 CR4=00000000
DR0=00000000 DR1=00000000 DR2=00000000 DR3=00000000 
DR6=ffff0ff0 DR7=00000400
CCS=00000085 CCD=ffffffd8 CCO=EFLAGS
EFER=0000000000000000
Servicing hardware INT=0x20
    63: v=20 e=0000 i=0 cpl=0 IP=0008:00104f21 pc=00104f21 SP=0010:00114db4 env->regs[R_EAX]=00000064
EAX=00000064 EBX=00010000 ECX=00000000 EDX=00000064
ESI=00000000 EDI=00000000 EBP=00000000 ESP=00114db4
EIP=00104f21 EFL=00000283 [--S---C] CPL=0 II=0 A20=1 SMM=0 HLT=0
ES =0010 00000000 ffffffff 00cf9300 DPL=0 DS   [-WA]
CS =0008 00000000 ffffffff 00cf9a00 DPL=0 CS32 [-R-]
SS =0010 00000000 ffffffff 00cf9300 DPL=0 DS   [-WA]
DS =0010 00000000 ffffffff 00cf9300 DPL=0 DS   [-WA]
FS =0010 00000000 ffffffff 00cf9300 DPL=0 DS   [-WA]
GS =0010 00000000 ffffffff 00cf9300 DPL=0 DS   [-WA]
LDT=0000 00000000 0000ffff 00008200 DPL=0 LDT
TR =0028 00115020 00000067 00008900 DPL=0 TSS32-avl
GDT=     001150a0 0000002f
IDT=     00115100 000007ff
CR0=80000011 CR2=00000000 CR3=00122000 CR4=00000000
DR0=00000000 DR1=00000000 DR2=00000000 DR3=00000000 
DR6=ffff0ff0 DR7=00000400
CCS=00000081 CCD=ffffffd9 CCO=EFLAGS
EFER=0000000000000000
Servicing hardware INT=0x20
    64: v=20 e=0000 i=0 cpl=0 IP=0008:00104f21 pc=00104f21 SP=0010:00114db4 env->regs[R_EAX]=00000064
EAX=00000064 EBX=00010000 ECX=00000000 EDX=00000064
ESI=00000000 EDI=00000000 EBP=00000000 ESP=00114db4
EIP=00104f21 EFL=00000283 [--S---C] CPL=0 II=0 A20=1 SMM=0 HLT=0
ES =0010 00000000 ffffffff 00cf9300 DPL=0 DS   [-WA]
CS =0008 00000000 ffffffff 00cf9a00 DPL=0 CS32 [-R-]
SS =0010 00000000 ffffffff 00cf9300 DPL=0 DS   [-WA]
DS =0010 00000000 ffffffff 00cf9300 DPL=0 DS   [-WA]
FS =0010 00000000 ffffffff 00cf9300 DPL=0 DS   [-WA]
GS =0010 00000000 ffffffff 00cf9300 DPL=0 DS   [-WA]
LDT=0000 00000000 0000ffff 00008200 DPL=0 LDT
TR =0028 00115020 00000067 00008900 DPL=0 TSS32-avl
GDT=     001150a0 0000002f
IDT=     00115100 000007ff
CR0=80000011 CR2=00000000 CR3=00122000 CR4=00000000
DR0=00000000 DR1=00000000 DR2=00000000 DR3=00000000 
DR6=ffff0ff0 DR7=00000400
CCS=00000081 CCD=ffffffda CCO=EFLAGS
EFER=0000000000000000
Servicing hardware INT=0x20
    65: v=20 e=0000 i=0 cpl=0 IP=0008:00104f21 pc=00104f21 SP=0010:00114db4 env->regs[R_EAX]=00000064
EAX=00000064 EBX=00010000 ECX=00000000 EDX=00000064
ESI=00000000 EDI=00000000 EBP=00000000 ESP=00114db4
EIP=00104f21 EFL=00000287 [--S--PC] CPL=0 II=0 A20=1 SMM=0 HLT=0
ES =0010 00000000 ffffffff 00cf9300 DPL=0 DS   [-WA]
CS =0008 00000000 ffffffff 00cf9a00 DPL=0 CS32 [-R-]
SS =0010 00000000 ffffffff 00cf9300 DPL=0 DS   [-WA]
DS =0010 00000000 ffffffff 00cf9300 DPL=0 DS   [-WA]
FS =0010 00000000 ffffffff 00cf9300 DPL=0 DS   [-WA]
GS =0010 00000000 ffffffff 00cf9300 DPL=0 DS   [-WA]
LDT=0000 00000000 0000ffff 00008200 DPL=0 LDT
TR =0028 00115020 00000067 00008900 DPL=0 TSS32-avl
GDT=     001150a0 0000002f
IDT=     00115100 000007ff
CR0=80000011 CR2=00000000 CR3=00122000 CR4=00000000
DR0=00000000 DR1=00000000 DR2=00000000 DR3=00000000 
DR6=ffff0ff0 DR7=00000400
CCS=00000085 CCD=ffffffdb CCO=EFLAGS
EFER=0000000000000000
Servicing hardware INT=0x20
    66: v=20 e=0000 i=0 cpl=0 IP=0008:00104f21 pc=00104f21 SP=0010:00114db4 env->regs[R_EAX]=00000064
EAX=00000064 EBX=00010000 ECX=00000000 EDX=00000064
ESI=00000000 EDI=00000000 EBP=00000000 ESP=00114db4
EIP=00104f21 EFL=00000293 [--S-A-C] CPL=0 II=0 A20=1 SMM=0 HLT=0
ES =0010 00000000 ffffffff 00cf9300 DPL=0 DS   [-WA]
CS =0008 00000000 ffffffff 00cf9a00 DPL=0 CS32 [-R-]
SS =0010 00000000 ffffffff 00cf9300 DPL=0 DS   [-WA]
DS =0010 00000000 ffffffff 00cf9300 DPL=0 DS   [-WA]
FS =0010 00000000 ffffffff 00cf9300 DPL=0 DS   [-WA]
GS =0010 00000000 ffffffff 00cf9300 DPL=0 DS   [-WA]
LDT=0000 00000000 0000ffff 00008200 DPL=0 LDT
TR =0028 00115020 00000067 00008900 DPL=0 TSS32-avl
GDT=     001150a0 0000002f
IDT=     00115100 000007ff
CR0=80000011 CR2=00000000 CR3=00122000 CR4=00000000
DR0=00000000 DR1=00000000 DR2=00000000 DR3=00000000 
DR6=ffff0ff0 DR7=00000400
CCS=00000091 CCD=ffffffdc CCO=EFLAGS
EFER=0000000000000000
Servicing hardware INT=0x20
    67: v=20 e=0000 i=0 cpl=0 IP=0008:00104f21 pc=00104f21 SP=0010:00114db4 env->regs[R_EAX]=00000064
EAX=00000064 EBX=00010000 ECX=00000000 EDX=00000064
ESI=00000000 EDI=00000000 EBP=00000000 ESP=00114db4
EIP=00104f21 EFL=00000297 [--S-APC] CPL=0 II=0 A20=1 SMM=0 HLT=0
ES =0010 00000000 ffffffff 00cf9300 DPL=0 DS   [-WA]
CS =0008 00000000 ffffffff 00cf9a00 DPL=0 CS32 [-R-]
SS =0010 00000000 ffffffff 00cf9300 DPL=0 DS   [-WA]
DS =0010 00000000 ffffffff 00cf9300 DPL=0 DS   [-WA]
FS =0010 00000000 ffffffff 00cf9300 DPL=0 DS   [-WA]
GS =0010 00000000 ffffffff 00cf9300 DPL=0 DS   [-WA]
LDT=0000 00000000 0000ffff 00008200 DPL=0 LDT
TR =0028 00115020 00000067 00008900 DPL=0 TSS32-avl
GDT=     001150a0 0000002f
IDT=     00115100 000007ff
CR0=80000011 CR2=00000000 CR3=00122000 CR4=00000000
DR0=00000000 DR1=00000000 DR2=00000000 DR3=00000000 
DR6=ffff0ff0 DR7=00000400
CCS=00000095 CCD=ffffffdd CCO=EFLAGS
EFER=0000000000000000
Servicing hardware INT=0x20
    68: v=20 e=0000 i=0 cpl=0 IP=0008:00104f21 pc=00104f21 SP=0010:00114db4 env->regs[R_EAX]=00000064
EAX=00000064 EBX=00010000 ECX=00000000 EDX=00000064
ESI=00000000 EDI=00000000 EBP=00000000 ESP=00114db4
EIP=00104f21 EFL=00000297 [--S-APC] CPL=0 II=0 A20=1 SMM=0 HLT=0
ES =0010 00000000 ffffffff 00cf9300 DPL=0 DS   [-WA]
CS =0008 00000000 ffffffff 00cf9a00 DPL=0 CS32 [-R-]
SS =0010 00000000 ffffffff 00cf9300 DPL=0 DS   [-WA]
DS =0010 00000000 ffffffff 00cf9300 DPL=0 DS   [-WA]
FS =0010 00000000 ffffffff 00cf9300 DPL=0 DS   [-WA]
GS =0010 00000000 ffffffff 00cf9300 DPL=0 DS   [-WA]
LDT=0000 00000000 0000ffff 00008200 DPL=0 LDT
TR =0028 00115020 00000067 00008900 DPL=0 TSS32-avl
GDT=     001150a0 0000002f
IDT=     00115100 000007ff
CR0=80000011 CR2=00000000 CR3=00122000 CR4=00000000
DR0=00000000 DR1=00000000 DR2=00000000 DR3=00000000 
DR6=ffff0ff0 DR7=00000400
CCS=00000095 CCD=ffffffde CCO=EFLAGS
EFER=0000000000000000
Servicing hardware INT=0x20
    69: v=20 e=0000 i=0 cpl=0 IP=0008:00104f21 pc=00104f21 SP=0010:00114db4 env->regs[R_EAX]=00000064
EAX=00000064 EBX=00010000 ECX=00000000 EDX=00000064
ESI=00000000 EDI=00000000 EBP=00000000 ESP=00114db4
EIP=00104f21 EFL=00000293 [--S-A-C] CPL=0 II=0 A20=1 SMM=0 HLT=0
ES =0010 00000000 ffffffff 00cf9300 DPL=0 DS   [-WA]
CS =0008 00000000 ffffffff 00cf9a00 DPL=0 CS32 [-R-]
SS =0010 00000000 ffffffff 00cf9300 DPL=0 DS   [-WA]
DS =0010 00000000 ffffffff 00cf9300 DPL=0 DS   [-WA]
FS =0010 00000000 ffffffff 00cf9300 DPL=0 DS   [-WA]
GS =0010 00000000 ffffffff 00cf9300 DPL=0 DS   [-WA]
LDT=0000 00000000 0000ffff 00008200 DPL=0 LDT
TR =0028 00115020 00000067 00008900 DPL=0 TSS32-avl
GDT=     001150a0 0000002f
IDT=     00115100 000007ff
CR0=80000011 CR2=00000000 CR3=00122000 CR4=00000000
DR0=00000000 DR1=00000000 DR2=00000000 DR3=00000000 
DR6=ffff0ff0 DR7=00000400
CCS=00000091 CCD=ffffffdf CCO=EFLAGS
EFER=0000000000000000
Servicing hardware INT=0x20
    70: v=20 e=0000 i=0 cpl=0 IP=0008:00104f21 pc=00104f21 SP=0010:00114db4 env->regs[R_EAX]=00000064
EAX=00000064 EBX=00010000 ECX=00000000 EDX=00000064
ESI=00000000 EDI=00000000 EBP=00000000 ESP=00114db4
EIP=00104f21 EFL=00000283 [--S---C] CPL=0 II=0 A20=1 SMM=0 HLT=0
ES =0010 00000000 ffffffff 00cf9300 DPL=0 DS   [-WA]
CS =0008 00000000 ffffffff 00cf9a00 DPL=0 CS32 [-R-]
SS =0010 00000000 ffffffff 00cf9300 DPL=0 DS   [-WA]
DS =0010 00000000 ffffffff 00cf9300 DPL=0 DS   [-WA]
FS =0010 00000000 ffffffff 00cf9300 DPL=0 DS   [-WA]
GS =0010 00000000 ffffffff 00cf9300 DPL=0 DS   [-WA]
LDT=0000 00000000 0000ffff 00008200 DPL=0 LDT
TR =0028 00115020 00000067 00008900 DPL=0 TSS32-avl
GDT=     001150a0 0000002f
IDT=     00115100 000007ff
CR0=80000011 CR2=00000000 CR3=00122000 CR4=00000000
DR0=00000000 DR1=00000000 DR2=00000000 DR3=00000000 
DR6=ffff0ff0 DR7=00000400
CCS=00000081 CCD=ffffffe0 CCO=EFLAGS
EFER=0000000000000000
Servicing hardware INT=0x20
    71: v=20 e=0000 i=0 cpl=0 IP=0008:00104f21 pc=00104f21 SP=0010:00114db4 env->regs[R_EAX]=00000064
EAX=00000064 EBX=00010000 ECX=00000000 EDX=00000064
ESI=00000000 EDI=00000000 EBP=00000000 ESP=00114db4
EIP=00104f21 EFL=00000287 [--S--PC] CPL=0 II=0 A20=1 SMM=0 HLT=0
ES =0010 00000000 ffffffff 00cf9300 DPL=0 DS   [-WA]
CS =0008 00000000 ffffffff 00cf9a00 DPL=0 CS32 [-R-]
SS =0010 00000000 ffffffff 00cf9300 DPL=0 DS   [-WA]
DS =0010 00000000 ffffffff 00cf9300 DPL=0 DS   [-WA]
FS =0010 00000000 ffffffff 00cf9300 DPL=0 DS   [-WA]
GS =0010 00000000 ffffffff 00cf9300 DPL=0 DS   [-WA]
LDT=0000 00000000 0000ffff 00008200 DPL=0 LDT
TR =0028 00115020 00000067 00008900 DPL=0 TSS32-avl
GDT=     001150a0 0000002f
IDT=     00115100 000007ff
CR0=80000011 CR2=00000000 CR3=00122000 CR4=00000000
DR0=00000000 DR1=00000000 DR2=00000000 DR3=00000000 
DR6=ffff0ff0 DR7=00000400
CCS=00000085 CCD=ffffffe1 CCO=EFLAGS
EFER=0000000000000000
Servicing hardware INT=0x20
    72: v=20 e=0000 i=0 cpl=0 IP=0008:00104f21 pc=00104f21 SP=0010:00114db4 env->regs[R_EAX]=00000064
EAX=00000064 EBX=00010000 ECX=00000000 EDX=00000064
ESI=00000000 EDI=00000000 EBP=00000000 ESP=00114db4
EIP=00104f21 EFL=00000287 [--S--PC] CPL=0 II=0 A20=1 SMM=0 HLT=0
ES =0010 00000000 ffffffff 00cf9300 DPL=0 DS   [-WA]
CS =0008 00000000 ffffffff 00cf9a00 DPL=0 CS32 [-R-]
SS =0010 00000000 ffffffff 00cf9300 DPL=0 DS   [-WA]
DS =0010 00000000 ffffffff 00cf9300 DPL=0 DS   [-WA]
FS =0010 00000000 ffffffff 00cf9300 DPL=0 DS   [-WA]
GS =0010 00000000 ffffffff 00cf9300 DPL=0 DS   [-WA]
LDT=0000 00000000 0000ffff 00008200 DPL=0 LDT
TR =0028 00115020 00000067 00008900 DPL=0 TSS32-avl
GDT=     001150a0 0000002f
IDT=     00115100 000007ff
CR0=80000011 CR2=00000000 CR3=00122000 CR4=00000000
DR0=00000000 DR1=00000000 DR2=00000000 DR3=00000000 
DR6=ffff0ff0 DR7=00000400
CCS=00000085 CCD=ffffffe2 CCO=EFLAGS
EFER=0000000000000000
Servicing hardware INT=0x20
    73: v=20 e=0000 i=0 cpl=0 IP=0008:00104f21 pc=00104f21 SP=0010:00114db4 env->regs[R_EAX]=00000064
EAX=00000064 EBX=00010000 ECX=00000000 EDX=00000064
ESI=00000000 EDI=00000000 EBP=00000000 ESP=00114db4
EIP=00104f21 EFL=00000283 [--S---C] CPL=0 II=0 A20=1 SMM=0 HLT=0
ES =0010 00000000 ffffffff 00cf9300 DPL=0 DS   [-WA]
CS =0008 00000000 ffffffff 00cf9a00 DPL=0 CS32 [-R-]
SS =0010 00000000 ffffffff 00cf9300 DPL=0 DS   [-WA]
DS =0010 00000000 ffffffff 00cf9300 DPL=0 DS   [-WA]
FS =0010 00000000 ffffffff 00cf9300 DPL=0 DS   [-WA]
GS =0010 00000000 ffffffff 00cf9300 DPL=0 DS   [-WA]
LDT=0000 00000000 0000ffff 00008200 DPL=0 LDT
TR =0028 00115020 00000067 00008900 DPL=0 TSS32-avl
GDT=     001150a0 0000002f
IDT=     00115100 000007ff
CR0=80000011 CR2=00000000 CR3=00122000 CR4=00000000
DR0=00000000 DR1=00000000 DR2=00000000 DR3=00000000 
DR6=ffff0ff0 DR7=00000400
CCS=00000081 CCD=ffffffe3 CCO=EFLAGS
EFER=0000000000000000
Servicing hardware INT=0x20
    74: v=20 e=0000 i=0 cpl=0 IP=0008:00104f21 pc=00104f21 SP=0010:00114db4 env->regs[R_EAX]=00000064
EAX=00000064 EBX=00010000 ECX=00000000 EDX=00000064
ESI=00000000 EDI=00000000 EBP=00000000 ESP=00114db4
EIP=00104f21 EFL=00000287 [--S--PC] CPL=0 II=0 A20=1 SMM=0 HLT=0
ES =0010 00000000 ffffffff 00cf9300 DPL=0 DS   [-WA]
CS =0008 00000000 ffffffff 00cf9a00 DPL=0 CS32 [-R-]
SS =0010 00000000 ffffffff 00cf9300 DPL=0 DS   [-WA]
DS =0010 00000000 ffffffff 00cf9300 DPL=0 DS   [-WA]
FS =0010 00000000 ffffffff 00cf9300 DPL=0 DS   [-WA]
GS =0010 00000000 ffffffff 00cf9300 DPL=0 DS   [-WA]
LDT=0000 00000000 0000ffff 00008200 DPL=0 LDT
TR =0028 00115020 00000067 00008900 DPL=0 TSS32-avl
GDT=     001150a0 0000002f
IDT=     00115100 000007ff
CR0=80000011 CR2=00000000 CR3=00122000 CR4=00000000
DR0=00000000 DR1=00000000 DR2=00000000 DR3=00000000 
DR6=ffff0ff0 DR7=00000400
CCS=00000085 CCD=ffffffe4 CCO=EFLAGS
EFER=0000000000000000
Servicing hardware INT=0x20
    75: v=20 e=0000 i=0 cpl=0 IP=0008:00104f21 pc=00104f21 SP=0010:00114db4 env->regs[R_EAX]=00000064
EAX=00000064 EBX=00010000 ECX=00000000 EDX=00000064
ESI=00000000 EDI=00000000 EBP=00000000 ESP=00114db4
EIP=00104f21 EFL=00000283 [--S---C] CPL=0 II=0 A20=1 SMM=0 HLT=0
ES =0010 00000000 ffffffff 00cf9300 DPL=0 DS   [-WA]
CS =0008 00000000 ffffffff 00cf9a00 DPL=0 CS32 [-R-]
SS =0010 00000000 ffffffff 00cf9300 DPL=0 DS   [-WA]
DS =0010 00000000 ffffffff 00cf9300 DPL=0 DS   [-WA]
FS =0010 00000000 ffffffff 00cf9300 DPL=0 DS   [-WA]
GS =0010 00000000 ffffffff 00cf9300 DPL=0 DS   [-WA]
LDT=0000 00000000 0000ffff 00008200 DPL=0 LDT
TR =0028 00115020 00000067 00008900 DPL=0 TSS32-avl
GDT=     001150a0 0000002f
IDT=     00115100 000007ff
CR0=80000011 CR2=00000000 CR3=00122000 CR4=00000000
DR0=00000000 DR1=00000000 DR2=00000000 DR3=00000000 
DR6=ffff0ff0 DR7=00000400
CCS=00000081 CCD=ffffffe5 CCO=EFLAGS
EFER=0000000000000000
Servicing hardware INT=0x20
    76: v=20 e=0000 i=0 cpl=0 IP=0008:00104f21 pc=00104f21 SP=0010:00114db4 env->regs[R_EAX]=00000064
EAX=00000064 EBX=00010000 ECX=00000000 EDX=00000064
ESI=00000000 EDI=00000000 EBP=00000000 ESP=00114db4
EIP=00104f21 EFL=00000283 [--S---C] CPL=0 II=0 A20=1 SMM=0 HLT=0
ES =0010 00000000 ffffffff 00cf9300 DPL=0 DS   [-WA]
CS =0008 00000000 ffffffff 00cf9a00 DPL=0 CS32 [-R-]
SS =0010 00000000 ffffffff 00cf9300 DPL=0 DS   [-WA]
DS =0010 00000000 ffffffff 00cf9300 DPL=0 DS   [-WA]
FS =0010 00000000 ffffffff 00cf9300 DPL=0 DS   [-WA]
GS =0010 00000000 ffffffff 00cf9300 DPL=0 DS   [-WA]
LDT=0000 00000000 0000ffff 00008200 DPL=0 LDT
TR =0028 00115020 00000067 00008900 DPL=0 TSS32-avl
GDT=     001150a0 0000002f
IDT=     00115100 000007ff
CR0=80000011 CR2=00000000 CR3=00122000 CR4=00000000
DR0=00000000 DR1=00000000 DR2=00000000 DR3=00000000 
DR6=ffff0ff0 DR7=00000400
CCS=00000081 CCD=ffffffe6 CCO=EFLAGS
EFER=0000000000000000
Servicing hardware INT=0x20
    77: v=20 e=0000 i=0 cpl=0 IP=0008:00104f21 pc=00104f21 SP=0010:00114db4 env->regs[R_EAX]=00000064
EAX=00000064 EBX=00010000 ECX=00000000 EDX=00000064
ESI=00000000 EDI=00000000 EBP=00000000 ESP=00114db4
EIP=00104f21 EFL=00000287 [--S--PC] CPL=0 II=0 A20=1 SMM=0 HLT=0
ES =0010 00000000 ffffffff 00cf9300 DPL=0 DS   [-WA]
CS =0008 00000000 ffffffff 00cf9a00 DPL=0 CS32 [-R-]
SS =0010 00000000 ffffffff 00cf9300 DPL=0 DS   [-WA]
DS =0010 00000000 ffffffff 00cf9300 DPL=0 DS   [-WA]
FS =0010 00000000 ffffffff 00cf9300 DPL=0 DS   [-WA]
GS =0010 00000000 ffffffff 00cf9300 DPL=0 DS   [-WA]
LDT=0000 00000000 0000ffff 00008200 DPL=0 LDT
TR =0028 00115020 00000067 00008900 DPL=0 TSS32-avl
GDT=     001150a0 0000002f
IDT=     00115100 000007ff
CR0=80000011 CR2=00000000 CR3=00122000 CR4=00000000
DR0=00000000 DR1=00000000 DR2=00000000 DR3=00000000 
DR6=ffff0ff0 DR7=00000400
CCS=00000085 CCD=ffffffe7 CCO=EFLAGS
EFER=0000000000000000
Servicing hardware INT=0x20
    78: v=20 e=0000 i=0 cpl=0 IP=0008:00104f21 pc=00104f21 SP=0010:00114db4 env->regs[R_EAX]=00000064
EAX=00000064 EBX=00010000 ECX=00000000 EDX=00000064
ESI=00000000 EDI=00000000 EBP=00000000 ESP=00114db4
EIP=00104f21 EFL=00000287 [--S--PC] CPL=0 II=0 A20=1 SMM=0 HLT=0
ES =0010 00000000 ffffffff 00cf9300 DPL=0 DS   [-WA]
CS =0008 00000000 ffffffff 00cf9a00 DPL=0 CS32 [-R-]
SS =0010 00000000 ffffffff 00cf9300 DPL=0 DS   [-WA]
DS =0010 00000000 ffffffff 00cf9300 DPL=0 DS   [-WA]
FS =0010 00000000 ffffffff 00cf9300 DPL=0 DS   [-WA]
GS =0010 00000000 ffffffff 00cf9300 DPL=0 DS   [-WA]
LDT=0000 00000000 0000ffff 00008200 DPL=0 LDT
TR =0028 00115020 00000067 00008900 DPL=0 TSS32-avl
GDT=     001150a0 0000002f
IDT=     00115100 000007ff
CR0=80000011 CR2=00000000 CR3=00122000 CR4=00000000
DR0=00000000 DR1=00000000 DR2=00000000 DR3=00000000 
DR6=ffff0ff0 DR7=00000400
CCS=00000085 CCD=ffffffe8 CCO=EFLAGS
EFER=0000000000000000
Servicing hardware INT=0x20
    79: v=20 e=0000 i=0 cpl=0 IP=0008:00104f21 pc=00104f21 SP=0010:00114db4 env->regs[R_EAX]=00000064
EAX=00000064 EBX=00010000 ECX=00000000 EDX=00000064
ESI=00000000 EDI=00000000 EBP=00000000 ESP=00114db4
EIP=00104f21 EFL=00000283 [--S---C] CPL=0 II=0 A20=1 SMM=0 HLT=0
ES =0010 00000000 ffffffff 00cf9300 DPL=0 DS   [-WA]
CS =0008 00000000 ffffffff 00cf9a00 DPL=0 CS32 [-R-]
SS =0010 00000000 ffffffff 00cf9300 DPL=0 DS   [-WA]
DS =0010 00000000 ffffffff 00cf9300 DPL=0 DS   [-WA]
FS =0010 00000000 ffffffff 00cf9300 DPL=0 DS   [-WA]
GS =0010 00000000 ffffffff 00cf9300 DPL=0 DS   [-WA]
LDT=0000 00000000 0000ffff 00008200 DPL=0 LDT
TR =0028 00115020 00000067 00008900 DPL=0 TSS32-avl
GDT=     001150a0 0000002f
IDT=     00115100 000007ff
CR0=80000011 CR2=00000000 CR3=00122000 CR4=00000000
DR0=00000000 DR1=00000000 DR2=00000000 DR3=00000000 
DR6=ffff0ff0 DR7=00000400
CCS=00000081 CCD=ffffffe9 CCO=EFLAGS
EFER=0000000000000000
Servicing hardware INT=0x20
    80: v=20 e=0000 i=0 cpl=0 IP=0008:00104f21 pc=00104f21 SP=0010:00114db4 env->regs[R_EAX]=00000064
EAX=00000064 EBX=00010000 ECX=00000000 EDX=00000064
ESI=00000000 EDI=00000000 EBP=00000000 ESP=00114db4
EIP=00104f21 EFL=00000283 [--S---C] CPL=0 II=0 A20=1 SMM=0 HLT=0
ES =0010 00000000 ffffffff 00cf9300 DPL=0 DS   [-WA]
CS =0008 00000000 ffffffff 00cf9a00 DPL=0 CS32 [-R-]
SS =0010 00000000 ffffffff 00cf9300 DPL=0 DS   [-WA]
DS =0010 00000000 ffffffff 00cf9300 DPL=0 DS   [-WA]
FS =0010 00000000 ffffffff 00cf9300 DPL=0 DS   [-WA]
GS =0010 00000000 ffffffff 00cf9300 DPL=0 DS   [-WA]
LDT=0000 00000000 0000ffff 00008200 DPL=0 LDT
TR =0028 00115020 00000067 00008900 DPL=0 TSS32-avl
GDT=     001150a0 0000002f
IDT=     00115100 000007ff
CR0=80000011 CR2=00000000 CR3=00122000 CR4=00000000
DR0=00000000 DR1=00000000 DR2=00000000 DR3=00000000 
DR6=ffff0ff0 DR7=00000400
CCS=00000081 CCD=ffffffea CCO=EFLAGS
EFER=0000000000000000
Servicing hardware INT=0x20
    81: v=20 e=0000 i=0 cpl=0 IP=0008:00104f21 pc=00104f21 SP=0010:00114db4 env->regs[R_EAX]=00000064
EAX=00000064 EBX=00010000 ECX=00000000 EDX=00000064
ESI=00000000 EDI=00000000 EBP=00000000 ESP=00114db4
EIP=00104f21 EFL=00000287 [--S--PC] CPL=0 II=0 A20=1 SMM=0 HLT=0
ES =0010 00000000 ffffffff 00cf9300 DPL=0 DS   [-WA]
CS =0008 00000000 ffffffff 00cf9a00 DPL=0 CS32 [-R-]
SS =0010 00000000 ffffffff 00cf9300 DPL=0 DS   [-WA]
DS =0010 00000000 ffffffff 00cf9300 DPL=0 DS   [-WA]
FS =0010 00000000 ffffffff 00cf9300 DPL=0 DS   [-WA]
GS =0010 00000000 ffffffff 00cf9300 DPL=0 DS   [-WA]
LDT=0000 00000000 0000ffff 00008200 DPL=0 LDT
TR =0028 00115020 00000067 00008900 DPL=0 TSS32-avl
GDT=     001150a0 0000002f
IDT=     00115100 000007ff
CR0=80000011 CR2=00000000 CR3=00122000 CR4=00000000
DR0=00000000 DR1=00000000 DR2=00000000 DR3=00000000 
DR6=ffff0ff0 DR7=00000400
CCS=00000085 CCD=ffffffeb CCO=EFLAGS
EFER=0000000000000000
Servicing hardware INT=0x20
    82: v=20 e=0000 i=0 cpl=0 IP=0008:00104f21 pc=00104f21 SP=0010:00114db4 env->regs[R_EAX]=00000064
EAX=00000064 EBX=00010000 ECX=00000000 EDX=00000064
ESI=00000000 EDI=00000000 EBP=00000000 ESP=00114db4
EIP=00104f21 EFL=00000293 [--S-A-C] CPL=0 II=0 A20=1 SMM=0 HLT=0
ES =0010 00000000 ffffffff 00cf9300 DPL=0 DS   [-WA]
CS =0008 00000000 ffffffff 00cf9a00 DPL=0 CS32 [-R-]
SS =0010 00000000 ffffffff 00cf9300 DPL=0 DS   [-WA]
DS =0010 00000000 ffffffff 00cf9300 DPL=0 DS   [-WA]
FS =0010 00000000 ffffffff 00cf9300 DPL=0 DS   [-WA]
GS =0010 00000000 ffffffff 00cf9300 DPL=0 DS   [-WA]
LDT=0000 00000000 0000ffff 00008200 DPL=0 LDT
TR =0028 00115020 00000067 00008900 DPL=0 TSS32-avl
GDT=     001150a0 0000002f
IDT=     00115100 000007ff
CR0=80000011 CR2=00000000 CR3=00122000 CR4=00000000
DR0=00000000 DR1=00000000 DR2=00000000 DR3=00000000 
DR6=ffff0ff0 DR7=00000400
CCS=00000091 CCD=ffffffec CCO=EFLAGS
EFER=0000000000000000
Servicing hardware INT=0x20
    83: v=20 e=0000 i=0 cpl=0 IP=0008:00104f21 pc=00104f21 SP=0010:00114db4 env->regs[R_EAX]=00000064
EAX=00000064 EBX=00010000 ECX=00000000 EDX=00000064
ESI=00000000 EDI=00000000 EBP=00000000 ESP=00114db4
EIP=00104f21 EFL=00000297 [--S-APC] CPL=0 II=0 A20=1 SMM=0 HLT=0
ES =0010 00000000 ffffffff 00cf9300 DPL=0 DS   [-WA]
CS =0008 00000000 ffffffff 00cf9a00 DPL=0 CS32 [-R-]
SS =0010 00000000 ffffffff 00cf9300 DPL=0 DS   [-WA]
DS =0010 00000000 ffffffff 00cf9300 DPL=0 DS   [-WA]
FS =0010 00000000 ffffffff 00cf9300 DPL=0 DS   [-WA]
GS =0010 00000000 ffffffff 00cf9300 DPL=0 DS   [-WA]
LDT=0000 00000000 0000ffff 00008200 DPL=0 LDT
TR =0028 00115020 00000067 00008900 DPL=0 TSS32-avl
GDT=     001150a0 0000002f
IDT=     00115100 000007ff
CR0=80000011 CR2=00000000 CR3=00122000 CR4=00000000
DR0=00000000 DR1=00000000 DR2=00000000 DR3=00000000 
DR6=ffff0ff0 DR7=00000400
CCS=00000095 CCD=ffffffed CCO=EFLAGS
EFER=0000000000000000
Servicing hardware INT=0x20
    84: v=20 e=0000 i=0 cpl=0 IP=0008:00104f21 pc=00104f21 SP=0010:00114db4 env->regs[R_EAX]=00000064
EAX=00000064 EBX=00010000 ECX=00000000 EDX=00000064
ESI=00000000 EDI=00000000 EBP=00000000 ESP=00114db4
EIP=00104f21 EFL=00000297 [--S-APC] CPL=0 II=0 A20=1 SMM=0 HLT=0
ES =0010 00000000 ffffffff 00cf9300 DPL=0 DS   [-WA]
CS =0008 00000000 ffffffff 00cf9a00 DPL=0 CS32 [-R-]
SS =0010 00000000 ffffffff 00cf9300 DPL=0 DS   [-WA]
DS =0010 00000000 ffffffff 00cf9300 DPL=0 DS   [-WA]
FS =0010 00000000 ffffffff 00cf9300 DPL=0 DS   [-WA]
GS =0010 00000000 ffffffff 00cf9300 DPL=0 DS   [-WA]
LDT=0000 00000000 0000ffff 00008200 DPL=0 LDT
TR =0028 00115020 00000067 00008900 DPL=0 TSS32-avl
GDT=     001150a0 0000002f
IDT=     00115100 000007ff
CR0=80000011 CR2=00000000 CR3=00122000 CR4=00000000
DR0=00000000 DR1=00000000 DR2=00000000 DR3=00000000 
DR6=ffff0ff0 DR7=00000400
CCS=00000095 CCD=ffffffee CCO=EFLAGS
EFER=0000000000000000
Servicing hardware INT=0x20
    85: v=20 e=0000 i=0 cpl=0 IP=0008:00104f21 pc=00104f21 SP=0010:00114db4 env->regs[R_EAX]=00000064
EAX=00000064 EBX=00010000 ECX=00000000 EDX=00000064
ESI=00000000 EDI=00000000 EBP=00000000 ESP=00114db4
EIP=00104f21 EFL=00000293 [--S-A-C] CPL=0 II=0 A20=1 SMM=0 HLT=0
ES =0010 00000000 ffffffff 00cf9300 DPL=0 DS   [-WA]
CS =0008 00000000 ffffffff 00cf9a00 DPL=0 CS32 [-R-]
SS =0010 00000000 ffffffff 00cf9300 DPL=0 DS   [-WA]
DS =0010 00000000 ffffffff 00cf9300 DPL=0 DS   [-WA]
FS =0010 00000000 ffffffff 00cf9300 DPL=0 DS   [-WA]
GS =0010 00000000 ffffffff 00cf9300 DPL=0 DS   [-WA]
LDT=0000 00000000 0000ffff 00008200 DPL=0 LDT
TR =0028 00115020 00000067 00008900 DPL=0 TSS32-avl
GDT=     001150a0 0000002f
IDT=     00115100 000007ff
CR0=80000011 CR2=00000000 CR3=00122000 CR4=00000000
DR0=00000000 DR1=00000000 DR2=00000000 DR3=00000000 
DR6=ffff0ff0 DR7=00000400
CCS=00000091 CCD=ffffffef CCO=EFLAGS
EFER=0000000000000000
Servicing hardware INT=0x20
    86: v=20 e=0000 i=0 cpl=0 IP=0008:00104f21 pc=00104f21 SP=0010:00114db4 env->regs[R_EAX]=00000064
EAX=00000064 EBX=00010000 ECX=00000000 EDX=00000064
ESI=00000000 EDI=00000000 EBP=00000000 ESP=00114db4
EIP=00104f21 EFL=00000287 [--S--PC] CPL=0 II=0 A20=1 SMM=0 HLT=0
ES =0010 00000000 ffffffff 00cf9300 DPL=0 DS   [-WA]
CS =0008 00000000 ffffffff 00cf9a00 DPL=0 CS32 [-R-]
SS =0010 00000000 ffffffff 00cf9300 DPL=0 DS   [-WA]
DS =0010 00000000 ffffffff 00cf9300 DPL=0 DS   [-WA]
FS =0010 00000000 ffffffff 00cf9300 DPL=0 DS   [-WA]
GS =0010 00000000 ffffffff 00cf9300 DPL=0 DS   [-WA]
LDT=0000 00000000 0000ffff 00008200 DPL=0 LDT
TR =0028 00115020 00000067 00008900 DPL=0 TSS32-avl
GDT=     001150a0 0000002f
IDT=     00115100 000007ff
CR0=80000011 CR2=00000000 CR3=00122000 CR4=00000000
DR0=00000000 DR1=00000000 DR2=00000000 DR3=00000000 
DR6=ffff0ff0 DR7=00000400
CCS=00000085 CCD=fffffff0 CCO=EFLAGS
EFER=0000000000000000
Servicing hardware INT=0x20
    87: v=20 e=0000 i=0 cpl=0 IP=0008:00104f21 pc=00104f21 SP=0010:00114db4 env->regs[R_EAX]=00000064
EAX=00000064 EBX=00010000 ECX=00000000 EDX=00000064
ESI=00000000 EDI=00000000 EBP=00000000 ESP=00114db4
EIP=00104f21 EFL=00000283 [--S---C] CPL=0 II=0 A20=1 SMM=0 HLT=0
ES =0010 00000000 ffffffff 00cf9300 DPL=0 DS   [-WA]
CS =0008 00000000 ffffffff 00cf9a00 DPL=0 CS32 [-R-]
SS =0010 00000000 ffffffff 00cf9300 DPL=0 DS   [-WA]
DS =0010 00000000 ffffffff 00cf9300 DPL=0 DS   [-WA]
FS =0010 00000000 ffffffff 00cf9300 DPL=0 DS   [-WA]
GS =0010 00000000 ffffffff 00cf9300 DPL=0 DS   [-WA]
LDT=0000 00000000 0000ffff 00008200 DPL=0 LDT
TR =0028 00115020 00000067 00008900 DPL=0 TSS32-avl
GDT=     001150a0 0000002f
IDT=     00115100 000007ff
CR0=80000011 CR2=00000000 CR3=00122000 CR4=00000000
DR0=00000000 DR1=00000000 DR2=00000000 DR3=00000000 
DR6=ffff0ff0 DR7=00000400
CCS=00000081 CCD=fffffff1 CCO=EFLAGS
EFER=0000000000000000
Servicing hardware INT=0x20
    88: v=20 e=0000 i=0 cpl=0 IP=0008:00104f21 pc=00104f21 SP=0010:00114db4 env->regs[R_EAX]=00000064
EAX=00000064 EBX=00010000 ECX=00000000 EDX=00000064
ESI=00000000 EDI=00000000 EBP=00000000 ESP=00114db4
EIP=00104f21 EFL=00000283 [--S---C] CPL=0 II=0 A20=1 SMM=0 HLT=0
ES =0010 00000000 ffffffff 00cf9300 DPL=0 DS   [-WA]
CS =0008 00000000 ffffffff 00cf9a00 DPL=0 CS32 [-R-]
SS =0010 00000000 ffffffff 00cf9300 DPL=0 DS   [-WA]
DS =0010 00000000 ffffffff 00cf9300 DPL=0 DS   [-WA]
FS =0010 00000000 ffffffff 00cf9300 DPL=0 DS   [-WA]
GS =0010 00000000 ffffffff 00cf9300 DPL=0 DS   [-WA]
LDT=0000 00000000 0000ffff 00008200 DPL=0 LDT
TR =0028 00115020 00000067 00008900 DPL=0 TSS32-avl
GDT=     001150a0 0000002f
IDT=     00115100 000007ff
CR0=80000011 CR2=00000000 CR3=00122000 CR4=00000000
DR0=00000000 DR1=00000000 DR2=00000000 DR3=00000000 
DR6=ffff0ff0 DR7=00000400
CCS=00000081 CCD=fffffff2 CCO=EFLAGS
EFER=0000000000000000
Servicing hardware INT=0x20
    89: v=20 e=0000 i=0 cpl=0 IP=0008:00104f21 pc=00104f21 SP=0010:00114db4 env->regs[R_EAX]=00000064
EAX=00000064 EBX=00010000 ECX=00000000 EDX=00000064
ESI=00000000 EDI=00000000 EBP=00000000 ESP=00114db4
EIP=00104f21 EFL=00000287 [--S--PC] CPL=0 II=0 A20=1 SMM=0 HLT=0
ES =0010 00000000 ffffffff 00cf9300 DPL=0 DS   [-WA]
CS =0008 00000000 ffffffff 00cf9a00 DPL=0 CS32 [-R-]
SS =0010 00000000 ffffffff 00cf9300 DPL=0 DS   [-WA]
DS =0010 00000000 ffffffff 00cf9300 DPL=0 DS   [-WA]
FS =0010 00000000 ffffffff 00cf9300 DPL=0 DS   [-WA]
GS =0010 00000000 ffffffff 00cf9300 DPL=0 DS   [-WA]
LDT=0000 00000000 0000ffff 00008200 DPL=0 LDT
TR =0028 00115020 00000067 00008900 DPL=0 TSS32-avl
GDT=     001150a0 0000002f
IDT=     00115100 000007ff
CR0=80000011 CR2=00000000 CR3=00122000 CR4=00000000
DR0=00000000 DR1=00000000 DR2=00000000 DR3=00000000 
DR6=ffff0ff0 DR7=00000400
CCS=00000085 CCD=fffffff3 CCO=EFLAGS
EFER=0000000000000000
Servicing hardware INT=0x20
    90: v=20 e=0000 i=0 cpl=0 IP=0008:00104f21 pc=00104f21 SP=0010:00114db4 env->regs[R_EAX]=00000064
EAX=00000064 EBX=00010000 ECX=00000000 EDX=00000064
ESI=00000000 EDI=00000000 EBP=00000000 ESP=00114db4
EIP=00104f21 EFL=00000283 [--S---C] CPL=0 II=0 A20=1 SMM=0 HLT=0
ES =0010 00000000 ffffffff 00cf9300 DPL=0 DS   [-WA]
CS =0008 00000000 ffffffff 00cf9a00 DPL=0 CS32 [-R-]
SS =0010 00000000 ffffffff 00cf9300 DPL=0 DS   [-WA]
DS =0010 00000000 ffffffff 00cf9300 DPL=0 DS   [-WA]
FS =0010 00000000 ffffffff 00cf9300 DPL=0 DS   [-WA]
GS =0010 00000000 ffffffff 00cf9300 DPL=0 DS   [-WA]
LDT=0000 00000000 0000ffff 00008200 DPL=0 LDT
TR =0028 00115020 00000067 00008900 DPL=0 TSS32-avl
GDT=     001150a0 0000002f
IDT=     00115100 000007ff
CR0=80000011 CR2=00000000 CR3=00122000 CR4=00000000
DR0=00000000 DR1=00000000 DR2=00000000 DR3=00000000 
DR6=ffff0ff0 DR7=00000400
CCS=00000081 CCD=fffffff4 CCO=EFLAGS
EFER=0000000000000000
Servicing hardware INT=0x20
    91: v=20 e=0000 i=0 cpl=0 IP=0008:00104f21 pc=00104f21 SP=0010:00114db4 env->regs[R_EAX]=00000064
EAX=00000064 EBX=00010000 ECX=00000000 EDX=00000064
ESI=00000000 EDI=00000000 EBP=00000000 ESP=00114db4
EIP=00104f21 EFL=00000287 [--S--PC] CPL=0 II=0 A20=1 SMM=0 HLT=0
ES =0010 00000000 ffffffff 00cf9300 DPL=0 DS   [-WA]
CS =0008 00000000 ffffffff 00cf9a00 DPL=0 CS32 [-R-]
SS =0010 00000000 ffffffff 00cf9300 DPL=0 DS   [-WA]
DS =0010 00000000 ffffffff 00cf9300 DPL=0 DS   [-WA]
FS =0010 00000000 ffffffff 00cf9300 DPL=0 DS   [-WA]
GS =0010 00000000 ffffffff 00cf9300 DPL=0 DS   [-WA]
LDT=0000 00000000 0000ffff 00008200 DPL=0 LDT
TR =0028 00115020 00000067 00008900 DPL=0 TSS32-avl
GDT=     001150a0 0000002f
IDT=     00115100 000007ff
CR0=80000011 CR2=00000000 CR3=00122000 CR4=00000000
DR0=00000000 DR1=00000000 DR2=00000000 DR3=00000000 
DR6=ffff0ff0 DR7=00000400
CCS=00000085 CCD=fffffff5 CCO=EFLAGS
EFER=0000000000000000
Servicing hardware INT=0x20
    92: v=20 e=0000 i=0 cpl=0 IP=0008:00104f21 pc=00104f21 SP=0010:00114db4 env->regs[R_EAX]=00000064
EAX=00000064 EBX=00010000 ECX=00000000 EDX=00000064
ESI=00000000 EDI=00000000 EBP=00000000 ESP=00114db4
EIP=00104f21 EFL=00000287 [--S--PC] CPL=0 II=0 A20=1 SMM=0 HLT=0
ES =0010 00000000 ffffffff 00cf9300 DPL=0 DS   [-WA]
CS =0008 00000000 ffffffff 00cf9a00 DPL=0 CS32 [-R-]
SS =0010 00000000 ffffffff 00cf9300 DPL=0 DS   [-WA]
DS =0010 00000000 ffffffff 00cf9300 DPL=0 DS   [-WA]
FS =0010 00000000 ffffffff 00cf9300 DPL=0 DS   [-WA]
GS =0010 00000000 ffffffff 00cf9300 DPL=0 DS   [-WA]
LDT=0000 00000000 0000ffff 00008200 DPL=0 LDT
TR =0028 00115020 00000067 00008900 DPL=0 TSS32-avl
GDT=     001150a0 0000002f
IDT=     00115100 000007ff
CR0=80000011 CR2=00000000 CR3=00122000 CR4=00000000
DR0=00000000 DR1=00000000 DR2=00000000 DR3=00000000 
DR6=ffff0ff0 DR7=00000400
CCS=00000085 CCD=fffffff6 CCO=EFLAGS
EFER=0000000000000000
Servicing hardware INT=0x20
    93: v=20 e=0000 i=0 cpl=0 IP=0008:00104f21 pc=00104f21 SP=0010:00114db4 env->regs[R_EAX]=00000064
EAX=00000064 EBX=00010000 ECX=00000000 EDX=00000064
ESI=00000000 EDI=00000000 EBP=00000000 ESP=00114db4
EIP=00104f21 EFL=00000283 [--S---C] CPL=0 II=0 A20=1 SMM=0 HLT=0
ES =0010 00000000 ffffffff 00cf9300 DPL=0 DS   [-WA]
CS =0008 00000000 ffffffff 00cf9a00 DPL=0 CS32 [-R-]
SS =0010 00000000 ffffffff 00cf9300 DPL=0 DS   [-WA]
DS =0010 00000000 ffffffff 00cf9300 DPL=0 DS   [-WA]
FS =0010 00000000 ffffffff 00cf9300 DPL=0 DS   [-WA]
GS =0010 00000000 ffffffff 00cf9300 DPL=0 DS   [-WA]
LDT=0000 00000000 0000ffff 00008200 DPL=0 LDT
TR =0028 00115020 00000067 00008900 DPL=0 TSS32-avl
GDT=     001150a0 0000002f
IDT=     00115100 000007ff
CR0=80000011 CR2=00000000 CR3=00122000 CR4=00000000
DR0=00000000 DR1=00000000 DR2=00000000 DR3=00000000 
DR6=ffff0ff0 DR7=00000400
CCS=00000081 CCD=fffffff7 CCO=EFLAGS
EFER=0000000000000000
Servicing hardware INT=0x20
    94: v=20 e=0000 i=0 cpl=0 IP=0008:00104f21 pc=00104f21 SP=0010:00114db4 env->regs[R_EAX]=00000064
EAX=00000064 EBX=00010000 ECX=00000000 EDX=00000064
ESI=00000000 EDI=00000000 EBP=00000000 ESP=00114db4
EIP=00104f21 EFL=00000283 [--S---C] CPL=0 II=0 A20=1 SMM=0 HLT=0
ES =0010 00000000 ffffffff 00cf9300 DPL=0 DS   [-WA]
CS =0008 00000000 ffffffff 00cf9a00 DPL=0 CS32 [-R-]
SS =0010 00000000 ffffffff 00cf9300 DPL=0 DS   [-WA]
DS =0010 00000000 ffffffff 00cf9300 DPL=0 DS   [-WA]
FS =0010 00000000 ffffffff 00cf9300 DPL=0 DS   [-WA]
GS =0010 00000000 ffffffff 00cf9300 DPL=0 DS   [-WA]
LDT=0000 00000000 0000ffff 00008200 DPL=0 LDT
TR =0028 00115020 00000067 00008900 DPL=0 TSS32-avl
GDT=     001150a0 0000002f
IDT=     00115100 000007ff
CR0=80000011 CR2=00000000 CR3=00122000 CR4=00000000
DR0=00000000 DR1=00000000 DR2=00000000 DR3=00000000 
DR6=ffff0ff0 DR7=00000400
CCS=00000081 CCD=fffffff8 CCO=EFLAGS
EFER=0000000000000000
Servicing hardware INT=0x20
    95: v=20 e=0000 i=0 cpl=0 IP=0008:00104f21 pc=00104f21 SP=0010:00114db4 env->regs[R_EAX]=00000064
EAX=00000064 EBX=00010000 ECX=00000000 EDX=00000064
ESI=00000000 EDI=00000000 EBP=00000000 ESP=00114db4
EIP=00104f21 EFL=00000287 [--S--PC] CPL=0 II=0 A20=1 SMM=0 HLT=0
ES =0010 00000000 ffffffff 00cf9300 DPL=0 DS   [-WA]
CS =0008 00000000 ffffffff 00cf9a00 DPL=0 CS32 [-R-]
SS =0010 00000000 ffffffff 00cf9300 DPL=0 DS   [-WA]
DS =0010 00000000 ffffffff 00cf9300 DPL=0 DS   [-WA]
FS =0010 00000000 ffffffff 00cf9300 DPL=0 DS   [-WA]
GS =0010 00000000 ffffffff 00cf9300 DPL=0 DS   [-WA]
LDT=0000 00000000 0000ffff 00008200 DPL=0 LDT
TR =0028 00115020 00000067 00008900 DPL=0 TSS32-avl
GDT=     001150a0 0000002f
IDT=     00115100 000007ff
CR0=80000011 CR2=00000000 CR3=00122000 CR4=00000000
DR0=00000000 DR1=00000000 DR2=00000000 DR3=00000000 
DR6=ffff0ff0 DR7=00000400
CCS=00000085 CCD=fffffff9 CCO=EFLAGS
EFER=0000000000000000
Servicing hardware INT=0x20
    96: v=20 e=0000 i=0 cpl=0 IP=0008:00104f21 pc=00104f21 SP=0010:00114db4 env->regs[R_EAX]=00000064
EAX=00000064 EBX=00010000 ECX=00000000 EDX=00000064
ESI=00000000 EDI=00000000 EBP=00000000 ESP=00114db4
EIP=00104f21 EFL=00000287 [--S--PC] CPL=0 II=0 A20=1 SMM=0 HLT=0
ES =0010 00000000 ffffffff 00cf9300 DPL=0 DS   [-WA]
CS =0008 00000000 ffffffff 00cf9a00 DPL=0 CS32 [-R-]
SS =0010 00000000 ffffffff 00cf9300 DPL=0 DS   [-WA]
DS =0010 00000000 ffffffff 00cf9300 DPL=0 DS   [-WA]
FS =0010 00000000 ffffffff 00cf9300 DPL=0 DS   [-WA]
GS =0010 00000000 ffffffff 00cf9300 DPL=0 DS   [-WA]
LDT=0000 00000000 0000ffff 00008200 DPL=0 LDT
TR =0028 00115020 00000067 00008900 DPL=0 TSS32-avl
GDT=     001150a0 0000002f
IDT=     00115100 000007ff
CR0=80000011 CR2=00000000 CR3=00122000 CR4=00000000
DR0=00000000 DR1=00000000 DR2=00000000 DR3=00000000 
DR6=ffff0ff0 DR7=00000400
CCS=00000085 CCD=fffffffa CCO=EFLAGS
EFER=0000000000000000
Servicing hardware INT=0x20
    97: v=20 e=0000 i=0 cpl=0 IP=0008:00104f21 pc=00104f21 SP=0010:00114db4 env->regs[R_EAX]=00000064
EAX=00000064 EBX=00010000 ECX=00000000 EDX=00000064
ESI=00000000 EDI=00000000 EBP=00000000 ESP=00114db4
EIP=00104f21 EFL=00000283 [--S---C] CPL=0 II=0 A20=1 SMM=0 HLT=0
ES =0010 00000000 ffffffff 00cf9300 DPL=0 DS   [-WA]
CS =0008 00000000 ffffffff 00cf9a00 DPL=0 CS32 [-R-]
SS =0010 00000000 ffffffff 00cf9300 DPL=0 DS   [-WA]
DS =0010 00000000 ffffffff 00cf9300 DPL=0 DS   [-WA]
FS =0010 00000000 ffffffff 00cf9300 DPL=0 DS   [-WA]
GS =0010 00000000 ffffffff 00cf9300 DPL=0 DS   [-WA]
LDT=0000 00000000 0000ffff 00008200 DPL=0 LDT
TR =0028 00115020 00000067 00008900 DPL=0 TSS32-avl
GDT=     001150a0 0000002f
IDT=     00115100 000007ff
CR0=80000011 CR2=00000000 CR3=00122000 CR4=00000000
DR0=00000000 DR1=00000000 DR2=00000000 DR3=00000000 
DR6=ffff0ff0 DR7=00000400
CCS=00000081 CCD=fffffffb CCO=EFLAGS
EFER=0000000000000000
Servicing hardware INT=0x20
    98: v=20 e=0000 i=0 cpl=0 IP=0008:00104f21 pc=00104f21 SP=0010:00114db4 env->regs[R_EAX]=00000064
EAX=00000064 EBX=00010000 ECX=00000000 EDX=00000064
ESI=00000000 EDI=00000000 EBP=00000000 ESP=00114db4
EIP=00104f21 EFL=00000297 [--S-APC] CPL=0 II=0 A20=1 SMM=0 HLT=0
ES =0010 00000000 ffffffff 00cf9300 DPL=0 DS   [-WA]
CS =0008 00000000 ffffffff 00cf9a00 DPL=0 CS32 [-R-]
SS =0010 00000000 ffffffff 00cf9300 DPL=0 DS   [-WA]
DS =0010 00000000 ffffffff 00cf9300 DPL=0 DS   [-WA]
FS =0010 00000000 ffffffff 00cf9300 DPL=0 DS   [-WA]
GS =0010 00000000 ffffffff 00cf9300 DPL=0 DS   [-WA]
LDT=0000 00000000 0000ffff 00008200 DPL=0 LDT
TR =0028 00115020 00000067 00008900 DPL=0 TSS32-avl
GDT=     001150a0 0000002f
IDT=     00115100 000007ff
CR0=80000011 CR2=00000000 CR3=00122000 CR4=00000000
DR0=00000000 DR1=00000000 DR2=00000000 DR3=00000000 
DR6=ffff0ff0 DR7=00000400
CCS=00000095 CCD=fffffffc CCO=EFLAGS
EFER=0000000000000000
Servicing hardware INT=0x20
    99: v=20 e=0000 i=0 cpl=0 IP=0008:00104f21 pc=00104f21 SP=0010:00114db4 env->regs[R_EAX]=00000064
EAX=00000064 EBX=00010000 ECX=00000000 EDX=00000064
ESI=00000000 EDI=00000000 EBP=00000000 ESP=00114db4
EIP=00104f21 EFL=00000293 [--S-A-C] CPL=0 II=0 A20=1 SMM=0 HLT=0
ES =0010 00000000 ffffffff 00cf9300 DPL=0 DS   [-WA]
CS =0008 00000000 ffffffff 00cf9a00 DPL=0 CS32 [-R-]
SS =0010 00000000 ffffffff 00cf9300 DPL=0 DS   [-WA]
DS =0010 00000000 ffffffff 00cf9300 DPL=0 DS   [-WA]
FS =0010 00000000 ffffffff 00cf9300 DPL=0 DS   [-WA]
GS =0010 00000000 ffffffff 00cf9300 DPL=0 DS   [-WA]
LDT=0000 00000000 0000ffff 00008200 DPL=0 LDT
TR =0028 00115020 00000067 00008900 DPL=0 TSS32-avl
GDT=     001150a0 0000002f
IDT=     00115100 000007ff
CR0=80000011 CR2=00000000 CR3=00122000 CR4=00000000
DR0=00000000 DR1=00000000 DR2=00000000 DR3=00000000 
DR6=ffff0ff0 DR7=00000400
CCS=00000091 CCD=fffffffd CCO=EFLAGS
EFER=0000000000000000
Servicing hardware INT=0x20
   100: v=20 e=0000 i=0 cpl=0 IP=0008:00104f21 pc=00104f21 SP=0010:00114db4 env->regs[R_EAX]=00000064
EAX=00000064 EBX=00010000 ECX=00000000 EDX=00000064
ESI=00000000 EDI=00000000 EBP=00000000 ESP=00114db4
EIP=00104f21 EFL=00000293 [--S-A-C] CPL=0 II=0 A20=1 SMM=0 HLT=0
ES =0010 00000000 ffffffff 00cf9300 DPL=0 DS   [-WA]
CS =0008 00000000 ffffffff 00cf9a00 DPL=0 CS32 [-R-]
SS =0010 00000000 ffffffff 00cf9300 DPL=0 DS   [-WA]
DS =0010 00000000 ffffffff 00cf9300 DPL=0 DS   [-WA]
FS =0010 00000000 ffffffff 00cf9300 DPL=0 DS   [-WA]
GS =0010 00000000 ffffffff 00cf9300 DPL=0 DS   [-WA]
LDT=0000 00000000 0000ffff 00008200 DPL=0 LDT
TR =0028 00115020 00000067 00008900 DPL=0 TSS32-avl
GDT=     001150a0 0000002f
IDT=     00115100 000007ff
CR0=80000011 CR2=00000000 CR3=00122000 CR4=00000000
DR0=00000000 DR1=00000000 DR2=00000000 DR3=00000000 
DR6=ffff0ff0 DR7=00000400
CCS=00000091 CCD=fffffffe CCO=EFLAGS
EFER=0000000000000000
Servicing hardware INT=0x20
   101: v=20 e=0000 i=0 cpl=0 IP=0008:00104f21 pc=00104f21 SP=0010:00114db4 env->regs[R_EAX]=00000064
EAX=00000064 EBX=00010000 ECX=00000000 EDX=00000064
ESI=00000000 EDI=00000000 EBP=00000000 ESP=00114db4
EIP=00104f21 EFL=00000297 [--S-APC] CPL=0 II=0 A20=1 SMM=0 HLT=0
ES =0010 00000000 ffffffff 00cf9300 DPL=0 DS   [-WA]
CS =0008 00000000 ffffffff 00cf9a00 DPL=0 CS32 [-R-]
SS =0010 00000000 ffffffff 00cf9300 DPL=0 DS   [-WA]
DS =0010 00000000 ffffffff 00cf9300 DPL=0 DS   [-WA]
FS =0010 00000000 ffffffff 00cf9300 DPL=0 DS   [-WA]
GS =0010 00000000 ffffffff 00cf9300 DPL=0 DS   [-WA]
LDT=0000 00000000 0000ffff 00008200 DPL=0 LDT
TR =0028 00115020 00000067 00008900 DPL=0 TSS32-avl
GDT=     001150a0 0000002f
IDT=     00115100 000007ff
CR0=80000011 CR2=00000000 CR3=00122000 CR4=00000000
DR0=00000000 DR1=00000000 DR2=00000000 DR3=00000000 
DR6=ffff0ff0 DR7=00000400
CCS=00000095 CCD=ffffffff CCO=EFLAGS
EFER=0000000000000000
Servicing hardware INT=0x20
   102: v=20 e=0000 i=0 cpl=0 IP=0008:00104683 pc=00104683 SP=0010:00114da0 env->regs[R_EAX]=000b8bce
EAX=000b8bce EBX=00000c20 ECX=000b8be0 EDX=00000c20
ESI=00000000 EDI=00000000 EBP=00000000 ESP=00114da0
EIP=00104683 EFL=00000216 [----AP-] CPL=0 II=0 A20=1 SMM=0 HLT=0
ES =0010 00000000 ffffffff 00cf9300 DPL=0 DS   [-WA]
CS =0008 00000000 ffffffff 00cf9a00 DPL=0 CS32 [-R-]
SS =0010 00000000 ffffffff 00cf9300 DPL=0 DS   [-WA]
DS =0010 00000000 ffffffff 00cf9300 DPL=0 DS   [-WA]
FS =0010 00000000 ffffffff 00cf9300 DPL=0 DS   [-WA]
GS =0010 00000000 ffffffff 00cf9300 DPL=0 DS   [-WA]
LDT=0000 00000000 0000ffff 00008200 DPL=0 LDT
TR =0028 00115020 00000067 00008900 DPL=0 TSS32-avl
GDT=     001150a0 0000002f
IDT=     00115100 000007ff
CR0=80000011 CR2=00000000 CR3=00122000 CR4=00000000
DR0=00000000 DR1=00000000 DR2=00000000 DR3=00000000 
DR6=ffff0ff0 DR7=00000400
CCS=00000014 CCD=00000012 CCO=EFLAGS
EFER=0000000000000000
Servicing hardware INT=0x20
   103: v=20 e=0000 i=0 cpl=0 IP=0008:0010468d pc=0010468d SP=0010:00114da0 env->regs[R_EAX]=000b8190
EAX=000b8190 EBX=00000c20 ECX=000b81e0 EDX=00000720
ESI=00000000 EDI=00000000 EBP=00000000 ESP=00114da0
EIP=0010468d EFL=00000216 [----AP-] CPL=0 II=0 A20=1 SMM=0 HLT=0
ES =0010 00000000 ffffffff 00cf9300 DPL=0 DS   [-WA]
CS =0008 00000000 ffffffff 00cf9a00 DPL=0 CS32 [-R-]
SS =0010 00000000 ffffffff 00cf9300 DPL=0 DS   [-WA]
DS =0010 00000000 ffffffff 00cf9300 DPL=0 DS   [-WA]
FS =0010 00000000 ffffffff 00cf9300 DPL=0 DS   [-WA]
GS =0010 00000000 ffffffff 00cf9300 DPL=0 DS   [-WA]
LDT=0000 00000000 0000ffff 00008200 DPL=0 LDT
TR =0028 00115020 00000067 00008900 DPL=0 TSS32-avl
GDT=     001150a0 0000002f
IDT=     00115100 000007ff
CR0=80000011 CR2=00000000 CR3=00122000 CR4=00000000
DR0=00000000 DR1=00000000 DR2=00000000 DR3=00000000 
DR6=ffff0ff0 DR7=00000400
CCS=00000014 CCD=000b8190 CCO=EFLAGS
EFER=0000000000000000
Servicing hardware INT=0x20
   104: v=20 e=0000 i=0 cpl=0 IP=0008:00104683 pc=00104683 SP=0010:00114d80 env->regs[R_EAX]=000b88c6
EAX=000b88c6 EBX=00000c20 ECX=000b8960 EDX=00000c5d
ESI=00000000 EDI=00000000 EBP=00000000 ESP=00114d80
EIP=00104683 EFL=00000216 [----AP-] CPL=0 II=0 A20=1 SMM=0 HLT=0
ES =0010 00000000 ffffffff 00cf9300 DPL=0 DS   [-WA]
CS =0008 00000000 ffffffff 00cf9a00 DPL=0 CS32 [-R-]
SS =0010 00000000 ffffffff 00cf9300 DPL=0 DS   [-WA]
DS =0010 00000000 ffffffff 00cf9300 DPL=0 DS   [-WA]
FS =0010 00000000 ffffffff 00cf9300 DPL=0 DS   [-WA]
GS =0010 00000000 ffffffff 00cf9300 DPL=0 DS   [-WA]
LDT=0000 00000000 0000ffff 00008200 DPL=0 LDT
TR =0028 00115020 00000067 00008900 DPL=0 TSS32-avl
GDT=     001150a0 0000002f
IDT=     00115100 000007ff
CR0=80000011 CR2=00000000 CR3=00122000 CR4=00000000
DR0=00000000 DR1=00000000 DR2=00000000 DR3=00000000 
DR6=ffff0ff0 DR7=00000400
CCS=00000014 CCD=0000009a CCO=EFLAGS
EFER=0000000000000000
Servicing hardware INT=0x20
   105: v=20 e=0000 i=0 cpl=0 IP=0008:00104f21 pc=00104f21 SP=0010:00114d54 env->regs[R_EAX]=00000068
EAX=00000068 EBX=00000001 ECX=00000780 EDX=00000001
ESI=00000000 EDI=0011b060 EBP=01000000 ESP=00114d54
EIP=00104f21 EFL=00000297 [--S-APC] CPL=0 II=0 A20=1 SMM=0 HLT=0
ES =0010 00000000 ffffffff 00cf9300 DPL=0 DS   [-WA]
CS =0008 00000000 ffffffff 00cf9a00 DPL=0 CS32 [-R-]
SS =0010 00000000 ffffffff 00cf9300 DPL=0 DS   [-WA]
DS =0010 00000000 ffffffff 00cf9300 DPL=0 DS   [-WA]
FS =0010 00000000 ffffffff 00cf9300 DPL=0 DS   [-WA]
GS =0010 00000000 ffffffff 00cf9300 DPL=0 DS   [-WA]
LDT=0000 00000000 0000ffff 00008200 DPL=0 LDT
TR =0028 00115020 00000067 00008900 DPL=0 TSS32-avl
GDT=     001150a0 0000002f
IDT=     00115100 000007ff
CR0=80000011 CR2=00000000 CR3=00122000 CR4=00000000
DR0=00000000 DR1=00000000 DR2=00000000 DR3=00000000 
DR6=ffff0ff0 DR7=00000400
CCS=00000095 CCD=ffffffff CCO=EFLAGS
EFER=0000000000000000
Servicing hardware INT=0x40
   106: v=40 e=0000 i=0 cpl=0 IP=0008:00102592 pc=00102592 SP=0010:00114d58 env->regs[R_EAX]=00004e20
EAX=00004e20 EBX=00000001 ECX=00004e20 EDX=00000000
ESI=00000000 EDI=0011b060 EBP=01000000 ESP=00114d58
EIP=00102592 EFL=00000283 [--S---C] CPL=0 II=0 A20=1 SMM=0 HLT=0
ES =0010 00000000 ffffffff 00cf9300 DPL=0 DS   [-WA]
CS =0008 00000000 ffffffff 00cf9a00 DPL=0 CS32 [-R-]
SS =0010 00000000 ffffffff 00cf9300 DPL=0 DS   [-WA]
DS =0010 00000000 ffffffff 00cf9300 DPL=0 DS   [-WA]
FS =0010 00000000 ffffffff 00cf9300 DPL=0 DS   [-WA]
GS =0010 00000000 ffffffff 00cf9300 DPL=0 DS   [-WA]
LDT=0000 00000000 0000ffff 00008200 DPL=0 LDT
TR =0028 00115020 00000067 00008900 DPL=0 TSS32-avl
GDT=     001150a0 0000002f
IDT=     00115100 000007ff
CR0=80000011 CR2=00000000 CR3=00122000 CR4=00000000
DR0=00000000 DR1=00000000 DR2=00000000 DR3=00000000 
DR6=ffff0ff0 DR7=00000400
CCS=00000081 CCD=ffffb78a CCO=EFLAGS
EFER=0000000000000000
Servicing hardware INT=0x20
   107: v=20 e=0000 i=0 cpl=0 IP=0008:0010468d pc=0010468d SP=0010:00114da0 env->regs[R_EAX]=000b8410
EAX=000b8410 EBX=00000c20 ECX=000b8460 EDX=00000c30
ESI=00000000 EDI=00000000 EBP=00000000 ESP=00114da0
EIP=0010468d EFL=00000212 [----A--] CPL=0 II=0 A20=1 SMM=0 HLT=0
ES =0010 00000000 ffffffff 00cf9300 DPL=0 DS   [-WA]
CS =0008 00000000 ffffffff 00cf9a00 DPL=0 CS32 [-R-]
SS =0010 00000000 ffffffff 00cf9300 DPL=0 DS   [-WA]
DS =0010 00000000 ffffffff 00cf9300 DPL=0 DS   [-WA]
FS =0010 00000000 ffffffff 00cf9300 DPL=0 DS   [-WA]
GS =0010 00000000 ffffffff 00cf9300 DPL=0 DS   [-WA]
LDT=0000 00000000 0000ffff 00008200 DPL=0 LDT
TR =0028 00115020 00000067 00008900 DPL=0 TSS32-avl
GDT=     001150a0 0000002f
IDT=     00115100 000007ff
CR0=80000011 CR2=00000000 CR3=00122000 CR4=00000000
DR0=00000000 DR1=00000000 DR2=00000000 DR3=00000000 
DR6=ffff0ff0 DR7=00000400
CCS=00000010 CCD=000b8410 CCO=EFLAGS
EFER=0000000000000000
Servicing hardware INT=0x40
   108: v=40 e=0000 i=0 cpl=0 IP=0008:00104683 pc=00104683 SP=0010:00114da0 env->regs[R_EAX]=000b810e
EAX=000b810e EBX=00000c20 ECX=000b8140 EDX=00000c20
ESI=00000000 EDI=00000000 EBP=00000000 ESP=00114da0
EIP=00104683 EFL=00000212 [----A--] CPL=0 II=0 A20=1 SMM=0 HLT=0
ES =0010 00000000 ffffffff 00cf9300 DPL=0 DS   [-WA]
CS =0008 00000000 ffffffff 00cf9a00 DPL=0 CS32 [-R-]
SS =0010 00000000 ffffffff 00cf9300 DPL=0 DS   [-WA]
DS =0010 00000000 ffffffff 00cf9300 DPL=0 DS   [-WA]
FS =0010 00000000 ffffffff 00cf9300 DPL=0 DS   [-WA]
GS =0010 00000000 ffffffff 00cf9300 DPL=0 DS   [-WA]
LDT=0000 00000000 0000ffff 00008200 DPL=0 LDT
TR =0028 00115020 00000067 00008900 DPL=0 TSS32-avl
GDT=     001150a0 0000002f
IDT=     00115100 000007ff
CR0=80000011 CR2=00000000 CR3=00122000 CR4=00000000
DR0=00000000 DR1=00000000 DR2=00000000 DR3=00000000 
DR6=ffff0ff0 DR7=00000400
CCS=00000010 CCD=00000032 CCO=EFLAGS
EFER=0000000000000000
Servicing hardware INT=0x40
   109: v=40 e=0000 i=0 cpl=0 IP=0008:00102341 pc=00102341 SP=0010:0011b044 env->regs[R_EAX]=00000000
EAX=00000000 EBX=00000001 ECX=00000780 EDX=000003d5
ESI=00000000 EDI=00000000 EBP=00000000 ESP=0011b044
EIP=00102341 EFL=00000212 [----A--] CPL=0 II=0 A20=1 SMM=0 HLT=0
ES =0010 00000000 ffffffff 00cf9300 DPL=0 DS   [-WA]
CS =0008 00000000 ffffffff 00cf9a00 DPL=0 CS32 [-R-]
SS =0010 00000000 ffffffff 00cf9300 DPL=0 DS   [-WA]
DS =0010 00000000 ffffffff 00cf9300 DPL=0 DS   [-WA]
FS =0010 00000000 ffffffff 00cf9300 DPL=0 DS   [-WA]
GS =0010 00000000 ffffffff 00cf9300 DPL=0 DS   [-WA]
LDT=0000 00000000 0000ffff 00008200 DPL=0 LDT
TR =0000 00000000 0000ffff 00008b00 DPL=0 TSS32-busy
GDT=     001150a0 0000002f
IDT=     00115100 000007ff
CR0=e0000011 CR2=00000000 CR3=00122000 CR4=00000000
DR0=00000000 DR1=00000000 DR2=00000000 DR3=00000000 
DR6=ffff0ff0 DR7=00000400
CCS=00000010 CCD=0011b040 CCO=EFLAGS
EFER=0000000000000000
Servicing hardware INT=0x20
   110: v=20 e=0000 i=0 cpl=0 IP=0008:001046c3 pc=001046c3 SP=0010:00114da0 env->regs[R_EAX]=000b8f50
EAX=000b8f50 EBX=00000c20 ECX=000b9040 EDX=00000c20
ESI=00000000 EDI=00000000 EBP=00000000 ESP=00114da0
EIP=001046c3 EFL=00000283 [--S---C] CPL=0 II=0 A20=1 SMM=0 HLT=0
ES =0010 00000000 ffffffff 00cf9300 DPL=0 DS   [-WA]
CS =0008 00000000 ffffffff 00cf9a00 DPL=0 CS32 [-R-]
SS =0010 00000000 ffffffff 00cf9300 DPL=0 DS   [-WA]
DS =0010 00000000 ffffffff 00cf9300 DPL=0 DS   [-WA]
FS =0010 00000000 ffffffff 00cf9300 DPL=0 DS   [-WA]
GS =0010 00000000 ffffffff 00cf9300 DPL=0 DS   [-WA]
LDT=0000 00000000 0000ffff 00008200 DPL=0 LDT
TR =0028 00115020 00000067 00008900 DPL=0 TSS32-avl
GDT=     001150a0 0000002f
IDT=     00115100 000007ff
CR0=80000011 CR2=00000000 CR3=00122000 CR4=00000000
DR0=00000000 DR1=00000000 DR2=00000000 DR3=00000000 
DR6=ffff0ff0 DR7=00000400
CCS=00000081 CCD=ffffffb0 CCO=EFLAGS
EFER=0000000000000000
Servicing hardware INT=0x40
   111: v=40 e=0000 i=0 cpl=0 IP=0008:00104683 pc=00104683 SP=0010:00114d80 env->regs[R_EAX]=000b8a98
EAX=000b8a98 EBX=00000c20 ECX=000b8aa0 EDX=00000c20
ESI=00000000 EDI=00000000 EBP=00000000 ESP=00114d80
EIP=00104683 EFL=00000212 [----A--] CPL=0 II=0 A20=1 SMM=0 HLT=0
ES =0010 00000000 ffffffff 00cf9300 DPL=0 DS   [-WA]
CS =0008 00000000 ffffffff 00cf9a00 DPL=0 CS32 [-R-]
SS =0010 00000000 ffffffff 00cf9300 DPL=0 DS   [-WA]
DS =0010 00000000 ffffffff 00cf9300 DPL=0 DS   [-WA]
FS =0010 00000000 ffffffff 00cf9300 DPL=0 DS   [-WA]
GS =0010 00000000 ffffffff 00cf9300 DPL=0 DS   [-WA]
LDT=0000 00000000 0000ffff 00008200 DPL=0 LDT
TR =0028 00115020 00000067 00008900 DPL=0 TSS32-avl
GDT=     001150a0 0000002f
IDT=     00115100 000007ff
CR0=80000011 CR2=00000000 CR3=00122000 CR4=00000000
DR0=00000000 DR1=00000000 DR2=00000000 DR3=00000000 
DR6=ffff0ff0 DR7=00000400
CCS=00000010 CCD=00000008 CCO=EFLAGS
EFER=0000000000000000
Servicing hardware INT=0x40
   112: v=40 e=0000 i=0 cpl=0 IP=0008:00102341 pc=00102341 SP=0010:0011b044 env->regs[R_EAX]=00000000
EAX=00000000 EBX=00000001 ECX=00000780 EDX=000003d5
ESI=00000000 EDI=00000000 EBP=00000000 ESP=0011b044
EIP=00102341 EFL=00000212 [----A--] CPL=0 II=0 A20=1 SMM=0 HLT=0
ES =0010 00000000 ffffffff 00cf9300 DPL=0 DS   [-WA]
CS =0008 00000000 ffffffff 00cf9a00 DPL=0 CS32 [-R-]
SS =0010 00000000 ffffffff 00cf9300 DPL=0 DS   [-WA]
DS =0010 00000000 ffffffff 00cf9300 DPL=0 DS   [-WA]
FS =0010 00000000 ffffffff 00cf9300 DPL=0 DS   [-WA]
GS =0010 00000000 ffffffff 00cf9300 DPL=0 DS   [-WA]
LDT=0000 00000000 0000ffff 00008200 DPL=0 LDT
TR =0000 00000000 0000ffff 00008b00 DPL=0 TSS32-busy
GDT=     001150a0 0000002f
IDT=     00115100 000007ff
CR0=e0000011 CR2=00000000 CR3=00122000 CR4=00000000
DR0=00000000 DR1=00000000 DR2=00000000 DR3=00000000 
DR6=ffff0ff0 DR7=00000400
CCS=00000010 CCD=0011b038 CCO=EFLAGS
EFER=0000000000000000
Servicing hardware INT=0x20
   113: v=20 e=0000 i=0 cpl=0 IP=0008:001059e0 pc=001059e0 SP=0010:00114d5c env->regs[R_EAX]=f8000794
EAX=f8000794 EBX=f8000000 ECX=f8001000 EDX=00000000
ESI=00000000 EDI=00001000 EBP=00002000 ESP=00114d5c
EIP=001059e0 EFL=00000283 [--S---C] CPL=0 II=0 A20=1 SMM=0 HLT=0
ES =0010 00000000 ffffffff 00cf9300 DPL=0 DS   [-WA]
CS =0008 00000000 ffffffff 00cf9a00 DPL=0 CS32 [-R-]
SS =0010 00000000 ffffffff 00cf9300 DPL=0 DS   [-WA]
DS =0010 00000000 ffffffff 00cf9300 DPL=0 DS   [-WA]
FS =0010 00000000 ffffffff 00cf9300 DPL=0 DS   [-WA]
GS =0010 00000000 ffffffff 00cf9300 DPL=0 DS   [-WA]
LDT=0000 00000000 0000ffff 00008200 DPL=0 LDT
TR =0028 00115020 00000067 00008900 DPL=0 TSS32-avl
GDT=     001150a0 0000002f
IDT=     00115100 000007ff
CR0=80000011 CR2=00000000 CR3=00122000 CR4=00000000
DR0=00000000 DR1=00000000 DR2=00000000 DR3=00000000 
DR6=ffff0ff0 DR7=00000400
CCS=00000081 CCD=fffff794 CCO=EFLAGS
EFER=0000000000000000
Servicing hardware INT=0x40
   114: v=40 e=0000 i=0 cpl=0 IP=0008:001059e0 pc=001059e0 SP=0010:00114d5c env->regs[R_EAX]=f8000b4a
EAX=f8000b4a EBX=f8000000 ECX=f8001000 EDX=00000000
ESI=00000000 EDI=00001000 EBP=00002000 ESP=00114d5c
EIP=001059e0 EFL=00000283 [--S---C] CPL=0 II=0 A20=1 SMM=0 HLT=0
ES =0010 00000000 ffffffff 00cf9300 DPL=0 DS   [-WA]
CS =0008 00000000 ffffffff 00cf9a00 DPL=0 CS32 [-R-]
SS =0010 00000000 ffffffff 00cf9300 DPL=0 DS   [-WA]
DS =0010 00000000 ffffffff 00cf9300 DPL=0 DS   [-WA]
FS =0010 00000000 ffffffff 00cf9300 DPL=0 DS   [-WA]
GS =0010 00000000 ffffffff 00cf9300 DPL=0 DS   [-WA]
LDT=0000 00000000 0000ffff 00008200 DPL=0 LDT
TR =0028 00115020 00000067 00008900 DPL=0 TSS32-avl
GDT=     001150a0 0000002f
IDT=     00115100 000007ff
CR0=80000011 CR2=00000000 CR3=00122000 CR4=00000000
DR0=00000000 DR1=00000000 DR2=00000000 DR3=00000000 
DR6=ffff0ff0 DR7=00000400
CCS=00000081 CCD=fffffb4a CCO=EFLAGS
EFER=0000000000000000
Servicing hardware INT=0x40
   115: v=40 e=0000 i=0 cpl=0 IP=0008:00102341 pc=00102341 SP=0010:0011b044 env->regs[R_EAX]=00000000
EAX=00000000 EBX=00000001 ECX=00000780 EDX=000003d5
ESI=00000000 EDI=00000000 EBP=00000000 ESP=0011b044
EIP=00102341 EFL=00000212 [----A--] CPL=0 II=0 A20=1 SMM=0 HLT=0
ES =0010 00000000 ffffffff 00cf9300 DPL=0 DS   [-WA]
CS =0008 00000000 ffffffff 00cf9a00 DPL=0 CS32 [-R-]
SS =0010 00000000 ffffffff 00cf9300 DPL=0 DS   [-WA]
DS =0010 00000000 ffffffff 00cf9300 DPL=0 DS   [-WA]
FS =0010 00000000 ffffffff 00cf9300 DPL=0 DS   [-WA]
GS =0010 00000000 ffffffff 00cf9300 DPL=0 DS   [-WA]
LDT=0000 00000000 0000ffff 00008200 DPL=0 LDT
TR =0000 00000000 0000ffff 00008b00 DPL=0 TSS32-busy
GDT=     001150a0 0000002f
IDT=     00115100 000007ff
CR0=e0000011 CR2=00000000 CR3=00122000 CR4=00000000
DR0=00000000 DR1=00000000 DR2=00000000 DR3=00000000 
DR6=ffff0ff0 DR7=00000400
CCS=00000010 CCD=0011b038 CCO=EFLAGS
EFER=0000000000000000
Servicing hardware INT=0x20
   116: v=20 e=0000 i=0 cpl=0 IP=0008:001059e0 pc=001059e0 SP=0010:00114d5c env->regs[R_EAX]=f8000cc0
EAX=f8000cc0 EBX=f8000000 ECX=f8001000 EDX=00000000
ESI=00000000 EDI=00001000 EBP=00002000 ESP=00114d5c
EIP=001059e0 EFL=00000287 [--S--PC] CPL=0 II=0 A20=1 SMM=0 HLT=0
ES =0010 00000000 ffffffff 00cf9300 DPL=0 DS   [-WA]
CS =0008 00000000 ffffffff 00cf9a00 DPL=0 CS32 [-R-]
SS =0010 00000000 ffffffff 00cf9300 DPL=0 DS   [-WA]
DS =0010 00000000 ffffffff 00cf9300 DPL=0 DS   [-WA]
FS =0010 00000000 ffffffff 00cf9300 DPL=0 DS   [-WA]
GS =0010 00000000 ffffffff 00cf9300 DPL=0 DS   [-WA]
LDT=0000 00000000 0000ffff 00008200 DPL=0 LDT
TR =0028 00115020 00000067 00008900 DPL=0 TSS32-avl
GDT=     001150a0 0000002f
IDT=     00115100 000007ff
CR0=80000011 CR2=00000000 CR3=00122000 CR4=00000000
DR0=00000000 DR1=00000000 DR2=00000000 DR3=00000000 
DR6=ffff0ff0 DR7=00000400
CCS=00000085 CCD=fffffcc0 CCO=EFLAGS
EFER=0000000000000000
Servicing hardware INT=0x40
   117: v=40 e=0000 i=0 cpl=0 IP=0008:00104683 pc=00104683 SP=0010:00114d50 env->regs[R_EAX]=000b858e
EAX=000b858e EBX=00000c20 ECX=000b85a0 EDX=00000c20
ESI=00000000 EDI=00002000 EBP=00002000 ESP=00114d50
EIP=00104683 EFL=00000216 [----AP-] CPL=0 II=0 A20=1 SMM=0 HLT=0
ES =0010 00000000 ffffffff 00cf9300 DPL=0 DS   [-WA]
CS =0008 00000000 ffffffff 00cf9a00 DPL=0 CS32 [-R-]
SS =0010 00000000 ffffffff 00cf9300 DPL=0 DS   [-WA]
DS =0010 00000000 ffffffff 00cf9300 DPL=0 DS   [-WA]
FS =0010 00000000 ffffffff 00cf9300 DPL=0 DS   [-WA]
GS =0010 00000000 ffffffff 00cf9300 DPL=0 DS   [-WA]
LDT=0000 00000000 0000ffff 00008200 DPL=0 LDT
TR =0028 00115020 00000067 00008900 DPL=0 TSS32-avl
GDT=     001150a0 0000002f
IDT=     00115100 000007ff
CR0=80000011 CR2=00000000 CR3=00122000 CR4=00000000
DR0=00000000 DR1=00000000 DR2=00000000 DR3=00000000 
DR6=ffff0ff0 DR7=00000400
CCS=00000014 CCD=00000012 CCO=EFLAGS
EFER=0000000000000000
Servicing hardware INT=0x40
   118: v=40 e=0000 i=0 cpl=0 IP=0008:00102341 pc=00102341 SP=0010:0011b044 env->regs[R_EAX]=00000000
EAX=00000000 EBX=00000001 ECX=00000780 EDX=000003d5
ESI=00000000 EDI=00000000 EBP=00000000 ESP=0011b044
EIP=00102341 EFL=00000212 [----A--] CPL=0 II=0 A20=1 SMM=0 HLT=0
ES =0010 00000000 ffffffff 00cf9300 DPL=0 DS   [-WA]
CS =0008 00000000 ffffffff 00cf9a00 DPL=0 CS32 [-R-]
SS =0010 00000000 ffffffff 00cf9300 DPL=0 DS   [-WA]
DS =0010 00000000 ffffffff 00cf9300 DPL=0 DS   [-WA]
FS =0010 00000000 ffffffff 00cf9300 DPL=0 DS   [-WA]
GS =0010 00000000 ffffffff 00cf9300 DPL=0 DS   [-WA]
LDT=0000 00000000 0000ffff 00008200 DPL=0 LDT
TR =0000 00000000 0000ffff 00008b00 DPL=0 TSS32-busy
GDT=     001150a0 0000002f
IDT=     00115100 000007ff
CR0=e0000011 CR2=00000000 CR3=00122000 CR4=00000000
DR0=00000000 DR1=00000000 DR2=00000000 DR3=00000000 
DR6=ffff0ff0 DR7=00000400
CCS=00000010 CCD=0011b038 CCO=EFLAGS
EFER=0000000000000000
Servicing hardware INT=0x20
   119: v=20 e=0000 i=0 cpl=0 IP=0008:00106936 pc=00106936 SP=0010:0013252c env->regs[R_EAX]=38f5c28f
EAX=38f5c28f EBX=00000000 ECX=001302d8 EDX=00122000
ESI=00000000 EDI=00000000 EBP=00000000 ESP=0013252c
EIP=00106936 EFL=00000206 [-----P-] CPL=0 II=0 A20=1 SMM=0 HLT=0
ES =0010 00000000 ffffffff 00cf9300 DPL=0 DS   [-WA]
CS =0008 00000000 ffffffff 00cf9a00 DPL=0 CS32 [-R-]
SS =0010 00000000 ffffffff 00cf9300 DPL=0 DS   [-WA]
DS =0010 00000000 ffffffff 00cf9300 DPL=0 DS   [-WA]
FS =0010 00000000 ffffffff 00cf9300 DPL=0 DS   [-WA]
GS =0010 00000000 ffffffff 00cf9300 DPL=0 DS   [-WA]
LDT=0000 00000000 0000ffff 00008200 DPL=0 LDT
TR =0028 00115020 00000067 00008900 DPL=0 TSS32-avl
GDT=     001150a0 0000002f
IDT=     00115100 000007ff
CR0=80000011 CR2=00000000 CR3=00122000 CR4=00000000
DR0=00000000 DR1=00000000 DR2=00000000 DR3=00000000 
DR6=ffff0ff0 DR7=00000400
CCS=00000004 CCD=37ae147b CCO=EFLAGS
EFER=0000000000000000
Servicing hardware INT=0x40
   120: v=40 e=0000 i=0 cpl=0 IP=0008:00104f21 pc=00104f21 SP=0010:001347d8 env->regs[R_EAX]=0000009f
EAX=0000009f EBX=00000003 ECX=00000000 EDX=00000032
ESI=00000000 EDI=00000000 EBP=00000000 ESP=001347d8
EIP=00104f21 EFL=00000293 [--S-A-C] CPL=0 II=0 A20=1 SMM=0 HLT=0
ES =0010 00000000 ffffffff 00cf9300 DPL=0 DS   [-WA]
CS =0008 00000000 ffffffff 00cf9a00 DPL=0 CS32 [-R-]
SS =0010 00000000 ffffffff 00cf9300 DPL=0 DS   [-WA]
DS =0010 00000000 ffffffff 00cf9300 DPL=0 DS   [-WA]
FS =0010 00000000 ffffffff 00cf9300 DPL=0 DS   [-WA]
GS =0010 00000000 ffffffff 00cf9300 DPL=0 DS   [-WA]
LDT=0000 00000000 0000ffff 00008200 DPL=0 LDT
TR =0028 00115020 00000067 00008900 DPL=0 TSS32-avl
GDT=     001150a0 0000002f
IDT=     00115100 000007ff
CR0=80000011 CR2=00000000 CR3=00122000 CR4=00000000
DR0=00000000 DR1=00000000 DR2=00000000 DR3=00000000 
DR6=ffff0ff0 DR7=00000400
CCS=00000091 CCD=ffffffce CCO=EFLAGS
EFER=0000000000000000
Servicing hardware INT=0x40
   121: v=40 e=0000 i=0 cpl=0 IP=0008:00102341 pc=00102341 SP=0010:0011b044 env->regs[R_EAX]=00000000
EAX=00000000 EBX=00000001 ECX=00000780 EDX=000003d5
ESI=00000000 EDI=00000000 EBP=00000000 ESP=0011b044
EIP=00102341 EFL=00000212 [----A--] CPL=0 II=0 A20=1 SMM=0 HLT=0
ES =0010 00000000 ffffffff 00cf9300 DPL=0 DS   [-WA]
CS =0008 00000000 ffffffff 00cf9a00 DPL=0 CS32 [-R-]
SS =0010 00000000 ffffffff 00cf9300 DPL=0 DS   [-WA]
DS =0010 00000000 ffffffff 00cf9300 DPL=0 DS   [-WA]
FS =0010 00000000 ffffffff 00cf9300 DPL=0 DS   [-WA]
GS =0010 00000000 ffffffff 00cf9300 DPL=0 DS   [-WA]
LDT=0000 00000000 0000ffff 00008200 DPL=0 LDT
TR =0000 00000000 0000ffff 00008b00 DPL=0 TSS32-busy
GDT=     001150a0 0000002f
IDT=     00115100 000007ff
CR0=e0000011 CR2=00000000 CR3=00122000 CR4=00000000
DR0=00000000 DR1=00000000 DR2=00000000 DR3=00000000 
DR6=ffff0ff0 DR7=00000400
CCS=00000010 CCD=0011b038 CCO=EFLAGS
EFER=0000000000000000
Servicing hardware INT=0x20
   122: v=20 e=0000 i=0 cpl=0 IP=0008:00104f21 pc=00104f21 SP=0010:001347d8 env->regs[R_EAX]=0000009f
EAX=0000009f EBX=00000003 ECX=00000000 EDX=00000032
ESI=00000000 EDI=00000000 EBP=00000000 ESP=001347d8
EIP=00104f21 EFL=00000293 [--S-A-C] CPL=0 II=0 A20=1 SMM=0 HLT=0
ES =0010 00000000 ffffffff 00cf9300 DPL=0 DS   [-WA]
CS =0008 00000000 ffffffff 00cf9a00 DPL=0 CS32 [-R-]
SS =0010 00000000 ffffffff 00cf9300 DPL=0 DS   [-WA]
DS =0010 00000000 ffffffff 00cf9300 DPL=0 DS   [-WA]
FS =0010 00000000 ffffffff 00cf9300 DPL=0 DS   [-WA]
GS =0010 00000000 ffffffff 00cf9300 DPL=0 DS   [-WA]
LDT=0000 00000000 0000ffff 00008200 DPL=0 LDT
TR =0028 00115020 00000067 00008900 DPL=0 TSS32-avl
GDT=     001150a0 0000002f
IDT=     00115100 000007ff
CR0=80000011 CR2=00000000 CR3=00122000 CR4=00000000
DR0=00000000 DR1=00000000 DR2=00000000 DR3=00000000 
DR6=ffff0ff0 DR7=00000400
CCS=00000091 CCD=ffffffce CCO=EFLAGS
EFER=0000000000000000
Servicing hardware INT=0x40
   123: v=40 e=0000 i=0 cpl=0 IP=0008:00104f21 pc=00104f21 SP=0010:00136a88 env->regs[R_EAX]=000000b4
EAX=000000b4 EBX=00000003 ECX=00000000 EDX=00000046
ESI=00000000 EDI=00000000 EBP=00000000 ESP=00136a88
EIP=00104f21 EFL=00000283 [--S---C] CPL=0 II=0 A20=1 SMM=0 HLT=0
ES =0010 00000000 ffffffff 00cf9300 DPL=0 DS   [-WA]
CS =0008 00000000 ffffffff 00cf9a00 DPL=0 CS32 [-R-]
SS =0010 00000000 ffffffff 00cf9300 DPL=0 DS   [-WA]
DS =0010 00000000 ffffffff 00cf9300 DPL=0 DS   [-WA]
FS =0010 00000000 ffffffff 00cf9300 DPL=0 DS   [-WA]
GS =0010 00000000 ffffffff 00cf9300 DPL=0 DS   [-WA]
LDT=0000 00000000 0000ffff 00008200 DPL=0 LDT
TR =0028 00115020 00000067 00008900 DPL=0 TSS32-avl
GDT=     001150a0 0000002f
IDT=     00115100 000007ff
CR0=80000011 CR2=00000000 CR3=00122000 CR4=00000000
DR0=00000000 DR1=00000000 DR2=00000000 DR3=00000000 
DR6=ffff0ff0 DR7=00000400
CCS=00000081 CCD=ffffffba CCO=EFLAGS
EFER=0000000000000000
Servicing hardware INT=0x40
   124: v=40 e=0000 i=0 cpl=0 IP=0008:00102341 pc=00102341 SP=0010:0011b044 env->regs[R_EAX]=00000000
EAX=00000000 EBX=00000001 ECX=00000780 EDX=000003d5
ESI=00000000 EDI=00000000 EBP=00000000 ESP=0011b044
EIP=00102341 EFL=00000212 [----A--] CPL=0 II=0 A20=1 SMM=0 HLT=0
ES =0010 00000000 ffffffff 00cf9300 DPL=0 DS   [-WA]
CS =0008 00000000 ffffffff 00cf9a00 DPL=0 CS32 [-R-]
SS =0010 00000000 ffffffff 00cf9300 DPL=0 DS   [-WA]
DS =0010 00000000 ffffffff 00cf9300 DPL=0 DS   [-WA]
FS =0010 00000000 ffffffff 00cf9300 DPL=0 DS   [-WA]
GS =0010 00000000 ffffffff 00cf9300 DPL=0 DS   [-WA]
LDT=0000 00000000 0000ffff 00008200 DPL=0 LDT
TR =0000 00000000 0000ffff 00008b00 DPL=0 TSS32-busy
GDT=     001150a0 0000002f
IDT=     00115100 000007ff
CR0=e0000011 CR2=00000000 CR3=00122000 CR4=00000000
DR0=00000000 DR1=00000000 DR2=00000000 DR3=00000000 
DR6=ffff0ff0 DR7=00000400
CCS=00000010 CCD=0011b038 CCO=EFLAGS
EFER=0000000000000000
Servicing hardware INT=0x20
   125: v=20 e=0000 i=0 cpl=0 IP=0008:00104f21 pc=00104f21 SP=0010:00136a88 env->regs[R_EAX]=000000b4
EAX=000000b4 EBX=00000003 ECX=00000000 EDX=00000046
ESI=00000000 EDI=00000000 EBP=00000000 ESP=00136a88
EIP=00104f21 EFL=00000283 [--S---C] CPL=0 II=0 A20=1 SMM=0 HLT=0
ES =0010 00000000 ffffffff 00cf9300 DPL=0 DS   [-WA]
CS =0008 00000000 ffffffff 00cf9a00 DPL=0 CS32 [-R-]
SS =0010 00000000 ffffffff 00cf9300 DPL=0 DS   [-WA]
DS =0010 00000000 ffffffff 00cf9300 DPL=0 DS   [-WA]
FS =0010 00000000 ffffffff 00cf9300 DPL=0 DS   [-WA]
GS =0010 00000000 ffffffff 00cf9300 DPL=0 DS   [-WA]
LDT=0000 00000000 0000ffff 00008200 DPL=0 LDT
TR =0028 00115020 00000067 00008900 DPL=0 TSS32-avl
GDT=     001150a0 0000002f
IDT=     00115100 000007ff
CR0=80000011 CR2=00000000 CR3=00122000 CR4=00000000
DR0=00000000 DR1=00000000 DR2=00000000 DR3=00000000 
DR6=ffff0ff0 DR7=00000400
CCS=00000081 CCD=ffffffba CCO=EFLAGS
EFER=0000000000000000
Servicing hardware INT=0x40
   126: v=40 e=0000 i=0 cpl=0 IP=0008:0010468d pc=0010468d SP=0010:00138d24 env->regs[R_EAX]=000b81b0
EAX=000b81b0 EBX=00000c20 ECX=000b81e0 EDX=00000c20
ESI=00000000 EDI=00000000 EBP=00000000 ESP=00138d24
EIP=0010468d EFL=00000212 [----A--] CPL=0 II=0 A20=1 SMM=0 HLT=0
ES =0010 00000000 ffffffff 00cf9300 DPL=0 DS   [-WA]
CS =0008 00000000 ffffffff 00cf9a00 DPL=0 CS32 [-R-]
SS =0010 00000000 ffffffff 00cf9300 DPL=0 DS   [-WA]
DS =0010 00000000 ffffffff 00cf9300 DPL=0 DS   [-WA]
FS =0010 00000000 ffffffff 00cf9300 DPL=0 DS   [-WA]
GS =0010 00000000 ffffffff 00cf9300 DPL=0 DS   [-WA]
LDT=0000 00000000 0000ffff 00008200 DPL=0 LDT
TR =0028 00115020 00000067 00008900 DPL=0 TSS32-avl
GDT=     001150a0 0000002f
IDT=     00115100 000007ff
CR0=80000011 CR2=00000000 CR3=00122000 CR4=00000000
DR0=00000000 DR1=00000000 DR2=00000000 DR3=00000000 
DR6=ffff0ff0 DR7=00000400
CCS=00000010 CCD=000b81b0 CCO=EFLAGS
EFER=0000000000000000
Servicing hardware INT=0x40
   127: v=40 e=0000 i=0 cpl=0 IP=0008:00102341 pc=00102341 SP=0010:0011b044 env->regs[R_EAX]=00000000
EAX=00000000 EBX=00000001 ECX=00000780 EDX=000003d5
ESI=00000000 EDI=00000000 EBP=00000000 ESP=0011b044
EIP=00102341 EFL=00000212 [----A--] CPL=0 II=0 A20=1 SMM=0 HLT=0
ES =0010 00000000 ffffffff 00cf9300 DPL=0 DS   [-WA]
CS =0008 00000000 ffffffff 00cf9a00 DPL=0 CS32 [-R-]
SS =0010 00000000 ffffffff 00cf9300 DPL=0 DS   [-WA]
DS =0010 00000000 ffffffff 00cf9300 DPL=0 DS   [-WA]
FS =0010 00000000 ffffffff 00cf9300 DPL=0 DS   [-WA]
GS =0010 00000000 ffffffff 00cf9300 DPL=0 DS   [-WA]
LDT=0000 00000000 0000ffff 00008200 DPL=0 LDT
TR =0000 00000000 0000ffff 00008b00 DPL=0 TSS32-busy
GDT=     001150a0 0000002f
IDT=     00115100 000007ff
CR0=e0000011 CR2=00000000 CR3=00122000 CR4=00000000
DR0=00000000 DR1=00000000 DR2=00000000 DR3=00000000 
DR6=ffff0ff0 DR7=00000400
CCS=00000010 CCD=0011b038 CCO=EFLAGS
EFER=0000000000000000
Servicing hardware INT=0x20
   128: v=20 e=0000 i=0 cpl=0 IP=0008:00105241 pc=00105241 SP=0010:00138d38 env->regs[R_EAX]=00000000
EAX=00000000 EBX=00000000 ECX=00126280 EDX=00000000
ESI=00000000 EDI=00000000 EBP=00000000 ESP=00138d38
EIP=00105241 EFL=00000246 [---Z-P-] CPL=0 II=0 A20=1 SMM=0 HLT=0
ES =0010 00000000 ffffffff 00cf9300 DPL=0 DS   [-WA]
CS =0008 00000000 ffffffff 00cf9a00 DPL=0 CS32 [-R-]
SS =0010 00000000 ffffffff 00cf9300 DPL=0 DS   [-WA]
DS =0010 00000000 ffffffff 00cf9300 DPL=0 DS   [-WA]
FS =0010 00000000 ffffffff 00cf9300 DPL=0 DS   [-WA]
GS =0010 00000000 ffffffff 00cf9300 DPL=0 DS   [-WA]
LDT=0000 00000000 0000ffff 00008200 DPL=0 LDT
TR =0028 00115020 00000067 00008900 DPL=0 TSS32-avl
GDT=     001150a0 0000002f
IDT=     00115100 000007ff
CR0=80000011 CR2=00000000 CR3=00122000 CR4=00000000
DR0=00000000 DR1=00000000 DR2=00000000 DR3=00000000 
DR6=ffff0ff0 DR7=00000400
CCS=00000044 CCD=00000000 CCO=EFLAGS
EFER=0000000000000000
   129: v=80 e=0000 i=1 cpl=3 IP=001b:01000018 pc=01000018 SP=0023:01403fb4 env->regs[R_EAX]=00000001
EAX=00000001 EBX=00000001 ECX=01000d6b EDX=00000017
ESI=00000000 EDI=00000000 EBP=00000000 ESP=01403fb4
EIP=01000018 EFL=00000216 [----AP-] CPL=3 II=0 A20=1 SMM=0 HLT=0
ES =0023 00000000 ffffffff 00cff300 DPL=3 DS   [-WA]
CS =001b 00000000 ffffffff 00cffa00 DPL=3 CS32 [-R-]
SS =0023 00000000 ffffffff 00cff300 DPL=3 DS   [-WA]
DS =0023 00000000 ffffffff 00cff300 DPL=3 DS   [-WA]
FS =0023 00000000 ffffffff 00cff300 DPL=3 DS   [-WA]
GS =0023 00000000 ffffffff 00cff300 DPL=3 DS   [-WA]
LDT=0000 00000000 0000ffff 00008200 DPL=0 LDT
TR =0028 00115020 00000067 00008900 DPL=0 TSS32-avl
GDT=     001150a0 0000002f
IDT=     00115100 000007ff
CR0=80000011 CR2=00000000 CR3=00002000 CR4=00000000
DR0=00000000 DR1=00000000 DR2=00000000 DR3=00000000 
DR6=ffff0ff0 DR7=00000400
CCS=0000003c CCD=01403fb4 CCO=SUBL
EFER=0000000000000000
Servicing hardware INT=0x40
   130: v=40 e=0000 i=0 cpl=3 IP=001b:0100001a pc=0100001a SP=0023:01403fb4 env->regs[R_EAX]=00000017
EAX=00000017 EBX=00000001 ECX=01000d6b EDX=00000017
ESI=00000000 EDI=00000000 EBP=00000000 ESP=01403fb4
EIP=0100001a EFL=00000216 [----AP-] CPL=3 II=0 A20=1 SMM=0 HLT=0
ES =0023 00000000 ffffffff 00cff300 DPL=3 DS   [-WA]
CS =001b 00000000 ffffffff 00cffa00 DPL=3 CS32 [-R-]
SS =0023 00000000 ffffffff 00cff300 DPL=3 DS   [-WA]
DS =0023 00000000 ffffffff 00cff300 DPL=3 DS   [-WA]
FS =0023 00000000 ffffffff 00cff300 DPL=3 DS   [-WA]
GS =0023 00000000 ffffffff 00cff300 DPL=3 DS   [-WA]
LDT=0000 00000000 0000ffff 00008200 DPL=0 LDT
TR =0028 00115020 00000067 00008900 DPL=0 TSS32-avl
GDT=     001150a0 0000002f
IDT=     00115100 000007ff
CR0=80000011 CR2=00000000 CR3=00002000 CR4=00000000
DR0=00000000 DR1=00000000 DR2=00000000 DR3=00000000 
DR6=ffff0ff0 DR7=00000400
CCS=00000014 CCD=0013aff8 CCO=EFLAGS
EFER=0000000000000000
   131: v=80 e=0000 i=1 cpl=3 IP=001b:01000025 pc=01000025 SP=0023:01403fb4 env->regs[R_EAX]=00000003
EAX=00000003 EBX=00000000 ECX=00000000 EDX=00000000
ESI=00000000 EDI=00000000 EBP=00000000 ESP=01403fb4
EIP=01000025 EFL=00010246 [---Z-P-] CPL=3 II=0 A20=1 SMM=0 HLT=0
ES =0023 00000000 ffffffff 00cff300 DPL=3 DS   [-WA]
CS =001b 00000000 ffffffff 00cffa00 DPL=3 CS32 [-R-]
SS =0023 00000000 ffffffff 00cff300 DPL=3 DS   [-WA]
DS =0023 00000000 ffffffff 00cff300 DPL=3 DS   [-WA]
FS =0023 00000000 ffffffff 00cff300 DPL=3 DS   [-WA]
GS =0023 00000000 ffffffff 00cff300 DPL=3 DS   [-WA]
LDT=0000 00000000 0000ffff 00008200 DPL=0 LDT
TR =0028 00115020 00000067 00008900 DPL=0 TSS32-avl
GDT=     001150a0 0000002f
IDT=     00115100 000007ff
CR0=80000011 CR2=00000000 CR3=00002000 CR4=00000000
DR0=00000000 DR1=00000000 DR2=00000000 DR3=00000000 
DR6=ffff0ff0 DR7=00000400
CCS=00000044 CCD=0013aff8 CCO=EFLAGS
EFER=0000000000000000
   132: v=80 e=0000 i=1 cpl=3 IP=001b:01000054 pc=01000054 SP=0023:01403fb4 env->regs[R_EAX]=00000001
EAX=00000001 EBX=00000001 ECX=01403fe0 EDX=00000001
ESI=01403fe0 EDI=00000001 EBP=01403fdf ESP=01403fb4
EIP=01000054 EFL=00000246 [---Z-P-] CPL=3 II=0 A20=1 SMM=0 HLT=0
ES =0023 00000000 ffffffff 00cff300 DPL=3 DS   [-WA]
CS =001b 00000000 ffffffff 00cffa00 DPL=3 CS32 [-R-]
SS =0023 00000000 ffffffff 00cff300 DPL=3 DS   [-WA]
DS =0023 00000000 ffffffff 00cff300 DPL=3 DS   [-WA]
FS =0023 00000000 ffffffff 00cff300 DPL=3 DS   [-WA]
GS =0023 00000000 ffffffff 00cff300 DPL=3 DS   [-WA]
LDT=0000 00000000 0000ffff 00008200 DPL=0 LDT
TR =0028 00115020 00000067 00008900 DPL=0 TSS32-avl
GDT=     001150a0 0000002f
IDT=     00115100 000007ff
CR0=80000011 CR2=00000000 CR3=00002000 CR4=00000000
DR0=00000000 DR1=00000000 DR2=00000000 DR3=00000000 
DR6=ffff0ff0 DR7=00000400
CCS=00000009 CCD=00000000 CCO=LOGICL
EFER=0000000000000000
   133: v=80 e=0000 i=1 cpl=3 IP=001b:01000087 pc=01000087 SP=0023:01403fb4 env->regs[R_EAX]=00000001
EAX=00000001 EBX=00000001 ECX=01000e25 EDX=00000001
ESI=01403fdf EDI=00000001 EBP=01403fdf ESP=01403fb4
EIP=01000087 EFL=00000246 [---Z-P-] CPL=3 II=0 A20=1 SMM=0 HLT=0
ES =0023 00000000 ffffffff 00cff300 DPL=3 DS   [-WA]
CS =001b 00000000 ffffffff 00cffa00 DPL=3 CS32 [-R-]
SS =0023 00000000 ffffffff 00cff300 DPL=3 DS   [-WA]
DS =0023 00000000 ffffffff 00cff300 DPL=3 DS   [-WA]
FS =0023 00000000 ffffffff 00cff300 DPL=3 DS   [-WA]
GS =0023 00000000 ffffffff 00cff300 DPL=3 DS   [-WA]
LDT=0000 00000000 0000ffff 00008200 DPL=0 LDT
TR =0028 00115020 00000067 00008900 DPL=0 TSS32-avl
GDT=     001150a0 0000002f
IDT=     00115100 000007ff
CR0=80000011 CR2=00000000 CR3=00002000 CR4=00000000
DR0=00000000 DR1=00000000 DR2=00000000 DR3=00000000 
DR6=ffff0ff0 DR7=00000400
CCS=01403fdf CCD=00000000 CCO=SUBL
EFER=0000000000000000
Servicing hardware INT=0x40
   134: v=40 e=0000 i=0 cpl=0 IP=0008:00102341 pc=00102341 SP=0010:0011b044 env->regs[R_EAX]=00000000
EAX=00000000 EBX=00000001 ECX=00000780 EDX=000003d5
ESI=00000000 EDI=00000000 EBP=00000000 ESP=0011b044
EIP=00102341 EFL=00000212 [----A--] CPL=0 II=0 A20=1 SMM=0 HLT=0
ES =0010 00000000 ffffffff 00cf9300 DPL=0 DS   [-WA]
CS =0008 00000000 ffffffff 00cf9a00 DPL=0 CS32 [-R-]
SS =0010 00000000 ffffffff 00cf9300 DPL=0 DS   [-WA]
DS =0010 00000000 ffffffff 00cf9300 DPL=0 DS   [-WA]
FS =0010 00000000 ffffffff 00cf9300 DPL=0 DS   [-WA]
GS =0010 00000000 ffffffff 00cf9300 DPL=0 DS   [-WA]
LDT=0000 00000000 0000ffff 00008200 DPL=0 LDT
TR =0000 00000000 0000ffff 00008b00 DPL=0 TSS32-busy
GDT=     001150a0 0000002f
IDT=     00115100 000007ff
CR0=e0000011 CR2=00000000 CR3=00122000 CR4=00000000
DR0=00000000 DR1=00000000 DR2=00000000 DR3=00000000 
DR6=ffff0ff0 DR7=00000400
CCS=00000010 CCD=0011b038 CCO=EFLAGS
EFER=0000000000000000
   135: v=80 e=0000 i=1 cpl=3 IP=001b:0100009a pc=0100009a SP=0023:01403fb4 env->regs[R_EAX]=0000000a
EAX=0000000a EBX=01000d83 ECX=00000005 EDX=00000000
ESI=01403fdf EDI=00000001 EBP=01403fdf ESP=01403fb4
EIP=0100009a EFL=00000246 [---Z-P-] CPL=3 II=0 A20=1 SMM=0 HLT=0
ES =0023 00000000 ffffffff 00cff300 DPL=3 DS   [-WA]
CS =001b 00000000 ffffffff 00cffa00 DPL=3 CS32 [-R-]
SS =0023 00000000 ffffffff 00cff300 DPL=3 DS   [-WA]
DS =0023 00000000 ffffffff 00cff300 DPL=3 DS   [-WA]
FS =0023 00000000 ffffffff 00cff300 DPL=3 DS   [-WA]
GS =0023 00000000 ffffffff 00cff300 DPL=3 DS   [-WA]
LDT=0000 00000000 0000ffff 00008200 DPL=0 LDT
TR =0028 00115020 00000067 00008900 DPL=0 TSS32-avl
GDT=     001150a0 0000002f
IDT=     00115100 000007ff
CR0=80000011 CR2=00000000 CR3=00002000 CR4=00000000
DR0=00000000 DR1=00000000 DR2=00000000 DR3=00000000 
DR6=ffff0ff0 DR7=00000400
CCS=00000044 CCD=0013aff8 CCO=EFLAGS
EFER=0000000000000000
   136: v=80 e=0000 i=1 cpl=3 IP=001b:010000ae pc=010000ae SP=0023:01403fb4 env->regs[R_EAX]=00000001
EAX=00000001 EBX=00000000 ECX=01000f7c EDX=00000003
ESI=01403fdf EDI=00000001 EBP=01403fdf ESP=01403fb4
EIP=010000ae EFL=00000246 [---Z-P-] CPL=3 II=0 A20=1 SMM=0 HLT=0
ES =0023 00000000 ffffffff 00cff300 DPL=3 DS   [-WA]
CS =001b 00000000 ffffffff 00cffa00 DPL=3 CS32 [-R-]
SS =0023 00000000 ffffffff 00cff300 DPL=3 DS   [-WA]
DS =0023 00000000 ffffffff 00cff300 DPL=3 DS   [-WA]
FS =0023 00000000 ffffffff 00cff300 DPL=3 DS   [-WA]
GS =0023 00000000 ffffffff 00cff300 DPL=3 DS   [-WA]
LDT=0000 00000000 0000ffff 00008200 DPL=0 LDT
TR =0028 00115020 00000067 00008900 DPL=0 TSS32-avl
GDT=     001150a0 0000002f
IDT=     00115100 000007ff
CR0=80000011 CR2=00000000 CR3=00002000 CR4=00000000
DR0=00000000 DR1=00000000 DR2=00000000 DR3=00000000 
DR6=ffff0ff0 DR7=00000400
CCS=00000044 CCD=00000000 CCO=LOGICL
EFER=0000000000000000
   137: v=80 e=0000 i=1 cpl=3 IP=001b:010000b9 pc=010000b9 SP=0023:01403fb4 env->regs[R_EAX]=0000000b
EAX=0000000b EBX=00000000 ECX=00000000 EDX=00000000
ESI=01403fdf EDI=00000001 EBP=01403fdf ESP=01403fb4
EIP=010000b9 EFL=00000246 [---Z-P-] CPL=3 II=0 A20=1 SMM=0 HLT=0
ES =0023 00000000 ffffffff 00cff300 DPL=3 DS   [-WA]
CS =001b 00000000 ffffffff 00cffa00 DPL=3 CS32 [-R-]
SS =0023 00000000 ffffffff 00cff300 DPL=3 DS   [-WA]
DS =0023 00000000 ffffffff 00cff300 DPL=3 DS   [-WA]
FS =0023 00000000 ffffffff 00cff300 DPL=3 DS   [-WA]
GS =0023 00000000 ffffffff 00cff300 DPL=3 DS   [-WA]
LDT=0000 00000000 0000ffff 00008200 DPL=0 LDT
TR =0028 00115020 00000067 00008900 DPL=0 TSS32-avl
GDT=     001150a0 0000002f
IDT=     00115100 000007ff
CR0=80000011 CR2=00000000 CR3=00002000 CR4=00000000
DR0=00000000 DR1=00000000 DR2=00000000 DR3=00000000 
DR6=ffff0ff0 DR7=00000400
CCS=00000044 CCD=0013aff8 CCO=EFLAGS
EFER=0000000000000000
   138: v=80 e=0000 i=1 cpl=3 IP=001b:010000cc pc=010000cc SP=0023:01403fb4 env->regs[R_EAX]=00000001
EAX=00000001 EBX=00000001 ECX=01000d89 EDX=0000000f
ESI=01403fdf EDI=00000001 EBP=01403fdf ESP=01403fb4
EIP=010000cc EFL=00000246 [---Z-P-] CPL=3 II=0 A20=1 SMM=0 HLT=0
ES =0023 00000000 ffffffff 00cff300 DPL=3 DS   [-WA]
CS =001b 00000000 ffffffff 00cffa00 DPL=3 CS32 [-R-]
SS =0023 00000000 ffffffff 00cff300 DPL=3 DS   [-WA]
DS =0023 00000000 ffffffff 00cff300 DPL=3 DS   [-WA]
FS =0023 00000000 ffffffff 00cff300 DPL=3 DS   [-WA]
GS =0023 00000000 ffffffff 00cff300 DPL=3 DS   [-WA]
LDT=0000 00000000 0000ffff 00008200 DPL=0 LDT
TR =0028 00115020 00000067 00008900 DPL=0 TSS32-avl
GDT=     001150a0 0000002f
IDT=     00115100 000007ff
CR0=80000011 CR2=00000000 CR3=00002000 CR4=00000000
DR0=00000000 DR1=00000000 DR2=00000000 DR3=00000000 
DR6=ffff0ff0 DR7=00000400
CCS=00000044 CCD=0013aff8 CCO=EFLAGS
EFER=0000000000000000
   139: v=80 e=0000 i=1 cpl=3 IP=001b:010000da pc=010000da SP=0023:01403fb4 env->regs[R_EAX]=00000001
EAX=00000001 EBX=00000001 ECX=0100100c EDX=0000001f
ESI=01403fdf EDI=00000001 EBP=01403fdf ESP=01403fb4
EIP=010000da EFL=00000246 [---Z-P-] CPL=3 II=0 A20=1 SMM=0 HLT=0
ES =0023 00000000 ffffffff 00cff300 DPL=3 DS   [-WA]
CS =001b 00000000 ffffffff 00cffa00 DPL=3 CS32 [-R-]
SS =0023 00000000 ffffffff 00cff300 DPL=3 DS   [-WA]
DS =0023 00000000 ffffffff 00cff300 DPL=3 DS   [-WA]
FS =0023 00000000 ffffffff 00cff300 DPL=3 DS   [-WA]
GS =0023 00000000 ffffffff 00cff300 DPL=3 DS   [-WA]
LDT=0000 00000000 0000ffff 00008200 DPL=0 LDT
TR =0028 00115020 00000067 00008900 DPL=0 TSS32-avl
GDT=     001150a0 0000002f
IDT=     00115100 000007ff
CR0=80000011 CR2=00000000 CR3=00002000 CR4=00000000
DR0=00000000 DR1=00000000 DR2=00000000 DR3=00000000 
DR6=ffff0ff0 DR7=00000400
CCS=00000044 CCD=0013aff8 CCO=EFLAGS
EFER=0000000000000000
   140: v=80 e=0000 i=1 cpl=3 IP=001b:010000e7 pc=010000e7 SP=0023:01403fb4 env->regs[R_EAX]=00000003
EAX=00000003 EBX=00000000 ECX=00000000 EDX=00000000
ESI=01403fdf EDI=00000001 EBP=01403fdf ESP=01403fb4
EIP=010000e7 EFL=00000246 [---Z-P-] CPL=3 II=0 A20=1 SMM=0 HLT=0
ES =0023 00000000 ffffffff 00cff300 DPL=3 DS   [-WA]
CS =001b 00000000 ffffffff 00cffa00 DPL=3 CS32 [-R-]
SS =0023 00000000 ffffffff 00cff300 DPL=3 DS   [-WA]
DS =0023 00000000 ffffffff 00cff300 DPL=3 DS   [-WA]
FS =0023 00000000 ffffffff 00cff300 DPL=3 DS   [-WA]
GS =0023 00000000 ffffffff 00cff300 DPL=3 DS   [-WA]
LDT=0000 00000000 0000ffff 00008200 DPL=0 LDT
TR =0028 00115020 00000067 00008900 DPL=0 TSS32-avl
GDT=     001150a0 0000002f
IDT=     00115100 000007ff
CR0=80000011 CR2=00000000 CR3=00002000 CR4=00000000
DR0=00000000 DR1=00000000 DR2=00000000 DR3=00000000 
DR6=ffff0ff0 DR7=00000400
CCS=00000044 CCD=0013aff8 CCO=EFLAGS
EFER=0000000000000000
   141: v=80 e=0000 i=1 cpl=3 IP=001b:0100011c pc=0100011c SP=0023:01403fb4 env->regs[R_EAX]=00000001
EAX=00000001 EBX=00000001 ECX=01403fe0 EDX=00000001
ESI=01403fe0 EDI=00000001 EBP=01403fdf ESP=01403fb4
EIP=0100011c EFL=00000246 [---Z-P-] CPL=3 II=0 A20=1 SMM=0 HLT=0
ES =0023 00000000 ffffffff 00cff300 DPL=3 DS   [-WA]
CS =001b 00000000 ffffffff 00cffa00 DPL=3 CS32 [-R-]
SS =0023 00000000 ffffffff 00cff300 DPL=3 DS   [-WA]
DS =0023 00000000 ffffffff 00cff300 DPL=3 DS   [-WA]
FS =0023 00000000 ffffffff 00cff300 DPL=3 DS   [-WA]
GS =0023 00000000 ffffffff 00cff300 DPL=3 DS   [-WA]
LDT=0000 00000000 0000ffff 00008200 DPL=0 LDT
TR =0028 00115020 00000067 00008900 DPL=0 TSS32-avl
GDT=     001150a0 0000002f
IDT=     00115100 000007ff
CR0=80000011 CR2=00000000 CR3=00002000 CR4=00000000
DR0=00000000 DR1=00000000 DR2=00000000 DR3=00000000 
DR6=ffff0ff0 DR7=00000400
CCS=00000009 CCD=00000000 CCO=LOGICL
EFER=0000000000000000
   142: v=80 e=0000 i=1 cpl=3 IP=001b:010001d7 pc=010001d7 SP=0023:01403fb4 env->regs[R_EAX]=00000001
EAX=00000001 EBX=00000001 ECX=01000e25 EDX=00000001
ESI=01403fdf EDI=00000001 EBP=01403fdf ESP=01403fb4
EIP=010001d7 EFL=00000246 [---Z-P-] CPL=3 II=0 A20=1 SMM=0 HLT=0
ES =0023 00000000 ffffffff 00cff300 DPL=3 DS   [-WA]
CS =001b 00000000 ffffffff 00cffa00 DPL=3 CS32 [-R-]
SS =0023 00000000 ffffffff 00cff300 DPL=3 DS   [-WA]
DS =0023 00000000 ffffffff 00cff300 DPL=3 DS   [-WA]
FS =0023 00000000 ffffffff 00cff300 DPL=3 DS   [-WA]
GS =0023 00000000 ffffffff 00cff300 DPL=3 DS   [-WA]
LDT=0000 00000000 0000ffff 00008200 DPL=0 LDT
TR =0028 00115020 00000067 00008900 DPL=0 TSS32-avl
GDT=     001150a0 0000002f
IDT=     00115100 000007ff
CR0=80000011 CR2=00000000 CR3=00002000 CR4=00000000
DR0=00000000 DR1=00000000 DR2=00000000 DR3=00000000 
DR6=ffff0ff0 DR7=00000400
CCS=01403fdf CCD=00000000 CCO=SUBL
EFER=0000000000000000
   143: v=80 e=0000 i=1 cpl=3 IP=001b:010001ed pc=010001ed SP=0023:01403fb4 env->regs[R_EAX]=0000000c
EAX=0000000c EBX=00000000 ECX=00000000 EDX=00000000
ESI=01403fdf EDI=00000001 EBP=01403fdf ESP=01403fb4
EIP=010001ed EFL=00000246 [---Z-P-] CPL=3 II=0 A20=1 SMM=0 HLT=0
ES =0023 00000000 ffffffff 00cff300 DPL=3 DS   [-WA]
CS =001b 00000000 ffffffff 00cffa00 DPL=3 CS32 [-R-]
SS =0023 00000000 ffffffff 00cff300 DPL=3 DS   [-WA]
DS =0023 00000000 ffffffff 00cff300 DPL=3 DS   [-WA]
FS =0023 00000000 ffffffff 00cff300 DPL=3 DS   [-WA]
GS =0023 00000000 ffffffff 00cff300 DPL=3 DS   [-WA]
LDT=0000 00000000 0000ffff 00008200 DPL=0 LDT
TR =0028 00115020 00000067 00008900 DPL=0 TSS32-avl
GDT=     001150a0 0000002f
IDT=     00115100 000007ff
CR0=80000011 CR2=00000000 CR3=00002000 CR4=00000000
DR0=00000000 DR1=00000000 DR2=00000000 DR3=00000000 
DR6=ffff0ff0 DR7=00000400
CCS=00000044 CCD=0013aff8 CCO=EFLAGS
EFER=0000000000000000
Servicing hardware INT=0x40
   144: v=40 e=0000 i=0 cpl=0 IP=0008:00102341 pc=00102341 SP=0010:0011b044 env->regs[R_EAX]=00000000
EAX=00000000 EBX=00000001 ECX=00000780 EDX=000003d5
ESI=00000000 EDI=00000000 EBP=00000000 ESP=0011b044
EIP=00102341 EFL=00000212 [----A--] CPL=0 II=0 A20=1 SMM=0 HLT=0
ES =0010 00000000 ffffffff 00cf9300 DPL=0 DS   [-WA]
CS =0008 00000000 ffffffff 00cf9a00 DPL=0 CS32 [-R-]
SS =0010 00000000 ffffffff 00cf9300 DPL=0 DS   [-WA]
DS =0010 00000000 ffffffff 00cf9300 DPL=0 DS   [-WA]
FS =0010 00000000 ffffffff 00cf9300 DPL=0 DS   [-WA]
GS =0010 00000000 ffffffff 00cf9300 DPL=0 DS   [-WA]
LDT=0000 00000000 0000ffff 00008200 DPL=0 LDT
TR =0000 00000000 0000ffff 00008b00 DPL=0 TSS32-busy
GDT=     001150a0 0000002f
IDT=     00115100 000007ff
CR0=e0000011 CR2=00000000 CR3=00122000 CR4=00000000
DR0=00000000 DR1=00000000 DR2=00000000 DR3=00000000 
DR6=ffff0ff0 DR7=00000400
CCS=00000010 CCD=0011b038 CCO=EFLAGS
EFER=0000000000000000
Servicing hardware INT=0x40
   145: v=40 e=0000 i=0 cpl=0 IP=0008:00102341 pc=00102341 SP=0010:0011b044 env->regs[R_EAX]=00000000
EAX=00000000 EBX=00000001 ECX=00000780 EDX=000003d5
ESI=00000000 EDI=00000000 EBP=00000000 ESP=0011b044
EIP=00102341 EFL=00000212 [----A--] CPL=0 II=0 A20=1 SMM=0 HLT=0
ES =0010 00000000 ffffffff 00cf9300 DPL=0 DS   [-WA]
CS =0008 00000000 ffffffff 00cf9a00 DPL=0 CS32 [-R-]
SS =0010 00000000 ffffffff 00cf9300 DPL=0 DS   [-WA]
DS =0010 00000000 ffffffff 00cf9300 DPL=0 DS   [-WA]
FS =0010 00000000 ffffffff 00cf9300 DPL=0 DS   [-WA]
GS =0010 00000000 ffffffff 00cf9300 DPL=0 DS   [-WA]
LDT=0000 00000000 0000ffff 00008200 DPL=0 LDT
TR =0000 00000000 0000ffff 00008b00 DPL=0 TSS32-busy
GDT=     001150a0 0000002f
IDT=     00115100 000007ff
CR0=e0000011 CR2=00000000 CR3=00122000 CR4=00000000
DR0=00000000 DR1=00000000 DR2=00000000 DR3=00000000 
DR6=ffff0ff0 DR7=00000400
CCS=00000010 CCD=0011b038 CCO=EFLAGS
EFER=0000000000000000
Servicing hardware INT=0x20
   146: v=20 e=0000 i=0 cpl=3 IP=001b:010001ef pc=010001ef SP=0023:01403fb4 env->regs[R_EAX]=00000007
EAX=00000007 EBX=00000000 ECX=00000000 EDX=00000000
ESI=01403fdf EDI=00000001 EBP=01403fdf ESP=01403fb4
EIP=010001ef EFL=00000246 [---Z-P-] CPL=3 II=0 A20=1 SMM=0 HLT=0
ES =0023 00000000 ffffffff 00cff300 DPL=3 DS   [-WA]
CS =001b 00000000 ffffffff 00cffa00 DPL=3 CS32 [-R-]
SS =0023 00000000 ffffffff 00cff300 DPL=3 DS   [-WA]
DS =0023 00000000 ffffffff 00cff300 DPL=3 DS   [-WA]
FS =0023 00000000 ffffffff 00cff300 DPL=3 DS   [-WA]
GS =0023 00000000 ffffffff 00cff300 DPL=3 DS   [-WA]
LDT=0000 00000000 0000ffff 00008200 DPL=0 LDT
TR =0028 00115020 00000067 00008900 DPL=0 TSS32-avl
GDT=     001150a0 0000002f
IDT=     00115100 000007ff
CR0=80000011 CR2=00000000 CR3=00002000 CR4=00000000
DR0=00000000 DR1=00000000 DR2=00000000 DR3=00000000 
DR6=ffff0ff0 DR7=00000400
CCS=00000044 CCD=0013aff8 CCO=EFLAGS
EFER=0000000000000000
Servicing hardware INT=0x40
   147: v=40 e=0000 i=0 cpl=0 IP=0008:00109e5d pc=00109e5d SP=0010:0013d2bc env->regs[R_EAX]=00106c00
EAX=00106c00 EBX=00000000 ECX=0013b048 EDX=00122000
ESI=00000000 EDI=00000000 EBP=00000000 ESP=0013d2bc
EIP=00109e5d EFL=00000202 [-------] CPL=0 II=0 A20=1 SMM=0 HLT=0
ES =0010 00000000 ffffffff 00cf9300 DPL=0 DS   [-WA]
CS =0008 00000000 ffffffff 00cf9a00 DPL=0 CS32 [-R-]
SS =0010 00000000 ffffffff 00cf9300 DPL=0 DS   [-WA]
DS =0010 00000000 ffffffff 00cf9300 DPL=0 DS   [-WA]
FS =0010 00000000 ffffffff 00cf9300 DPL=0 DS   [-WA]
GS =0010 00000000 ffffffff 00cf9300 DPL=0 DS   [-WA]
LDT=0000 00000000 0000ffff 00008200 DPL=0 LDT
TR =0028 00115020 00000067 00008900 DPL=0 TSS32-avl
GDT=     001150a0 0000002f
IDT=     00115100 000007ff
CR0=80000011 CR2=00000000 CR3=0000c000 CR4=00000000
DR0=00000000 DR1=00000000 DR2=00000000 DR3=00000000 
DR6=ffff0ff0 DR7=00000400
CCS=00000028 CCD=00138d98 CCO=ADDL
EFER=0000000000000000
Servicing hardware INT=0x20
   148: v=20 e=0000 i=0 cpl=0 IP=0008:00104683 pc=00104683 SP=0010:0013d284 env->regs[R_EAX]=000b8d5c
EAX=000b8d5c EBX=00000720 ECX=000b8dc0 EDX=0000073d
ESI=00000000 EDI=00000000 EBP=00000000 ESP=0013d284
EIP=00104683 EFL=00000212 [----A--] CPL=0 II=0 A20=1 SMM=0 HLT=0
ES =0010 00000000 ffffffff 00cf9300 DPL=0 DS   [-WA]
CS =0008 00000000 ffffffff 00cf9a00 DPL=0 CS32 [-R-]
SS =0010 00000000 ffffffff 00cf9300 DPL=0 DS   [-WA]
DS =0010 00000000 ffffffff 00cf9300 DPL=0 DS   [-WA]
FS =0010 00000000 ffffffff 00cf9300 DPL=0 DS   [-WA]
GS =0010 00000000 ffffffff 00cf9300 DPL=0 DS   [-WA]
LDT=0000 00000000 0000ffff 00008200 DPL=0 LDT
TR =0028 00115020 00000067 00008900 DPL=0 TSS32-avl
GDT=     001150a0 0000002f
IDT=     00115100 000007ff
CR0=80000011 CR2=00000000 CR3=0000c000 CR4=00000000
DR0=00000000 DR1=00000000 DR2=00000000 DR3=00000000 
DR6=ffff0ff0 DR7=00000400
CCS=00000010 CCD=00000064 CCO=EFLAGS
EFER=0000000000000000
Servicing hardware INT=0x40
   149: v=40 e=0000 i=0 cpl=0 IP=0008:00104683 pc=00104683 SP=0010:00114da0 env->regs[R_EAX]=000b8c92
EAX=000b8c92 EBX=00000720 ECX=000b8d20 EDX=0000076c
ESI=00000001 EDI=00000000 EBP=00000000 ESP=00114da0
EIP=00104683 EFL=00000216 [----AP-] CPL=0 II=0 A20=1 SMM=0 HLT=0
ES =0010 00000000 ffffffff 00cf9300 DPL=0 DS   [-WA]
CS =0008 00000000 ffffffff 00cf9a00 DPL=0 CS32 [-R-]
SS =0010 00000000 ffffffff 00cf9300 DPL=0 DS   [-WA]
DS =0010 00000000 ffffffff 00cf9300 DPL=0 DS   [-WA]
FS =0010 00000000 ffffffff 00cf9300 DPL=0 DS   [-WA]
GS =0010 00000000 ffffffff 00cf9300 DPL=0 DS   [-WA]
LDT=0000 00000000 0000ffff 00008200 DPL=0 LDT
TR =0028 00115020 00000067 00008900 DPL=0 TSS32-avl
GDT=     001150a0 0000002f
IDT=     00115100 000007ff
CR0=80000011 CR2=00000000 CR3=00122000 CR4=00000000
DR0=00000000 DR1=00000000 DR2=00000000 DR3=00000000 
DR6=ffff0ff0 DR7=00000400
CCS=00000014 CCD=0000008e CCO=EFLAGS
EFER=0000000000000000
Servicing hardware INT=0x40
   150: v=40 e=0000 i=0 cpl=0 IP=0008:00102341 pc=00102341 SP=0010:0011b044 env->regs[R_EAX]=00000000
EAX=00000000 EBX=00000001 ECX=00000780 EDX=000003d5
ESI=00000000 EDI=00000000 EBP=00000000 ESP=0011b044
EIP=00102341 EFL=00000212 [----A--] CPL=0 II=0 A20=1 SMM=0 HLT=0
ES =0010 00000000 ffffffff 00cf9300 DPL=0 DS   [-WA]
CS =0008 00000000 ffffffff 00cf9a00 DPL=0 CS32 [-R-]
SS =0010 00000000 ffffffff 00cf9300 DPL=0 DS   [-WA]
DS =0010 00000000 ffffffff 00cf9300 DPL=0 DS   [-WA]
FS =0010 00000000 ffffffff 00cf9300 DPL=0 DS   [-WA]
GS =0010 00000000 ffffffff 00cf9300 DPL=0 DS   [-WA]
LDT=0000 00000000 0000ffff 00008200 DPL=0 LDT
TR =0000 00000000 0000ffff 00008b00 DPL=0 TSS32-busy
GDT=     001150a0 0000002f
IDT=     00115100 000007ff
CR0=e0000011 CR2=00000000 CR3=00122000 CR4=00000000
DR0=00000000 DR1=00000000 DR2=00000000 DR3=00000000 
DR6=ffff0ff0 DR7=00000400
CCS=00000010 CCD=0011b038 CCO=EFLAGS
EFER=0000000000000000
Servicing hardware INT=0x20
   151: v=20 e=0000 i=0 cpl=0 IP=0008:00100ae1 pc=00100ae1 SP=0010:00114db8 env->regs[R_EAX]=0000000d
EAX=0000000d EBX=00000000 ECX=00000000 EDX=000003f8
ESI=00000000 EDI=00000000 EBP=00000000 ESP=00114db8
EIP=00100ae1 EFL=00000216 [----AP-] CPL=0 II=0 A20=1 SMM=0 HLT=0
ES =0010 00000000 ffffffff 00cf9300 DPL=0 DS   [-WA]
CS =0008 00000000 ffffffff 00cf9a00 DPL=0 CS32 [-R-]
SS =0010 00000000 ffffffff 00cf9300 DPL=0 DS   [-WA]
DS =0010 00000000 ffffffff 00cf9300 DPL=0 DS   [-WA]
FS =0010 00000000 ffffffff 00cf9300 DPL=0 DS   [-WA]
GS =0010 00000000 ffffffff 00cf9300 DPL=0 DS   [-WA]
LDT=0000 00000000 0000ffff 00008200 DPL=0 LDT
TR =0028 00115020 00000067 00008900 DPL=0 TSS32-avl
GDT=     001150a0 0000002f
IDT=     00115100 000007ff
CR0=80000011 CR2=00000000 CR3=00122000 CR4=00000000
DR0=00000000 DR1=00000000 DR2=00000000 DR3=00000000 
DR6=ffff0ff0 DR7=00000400
CCS=00000014 CCD=00114db4 CCO=EFLAGS
EFER=0000000000000000
Servicing hardware INT=0x40
   152: v=40 e=0000 i=0 cpl=0 IP=0008:00106936 pc=00106936 SP=0010:0013252c env->regs[R_EAX]=5147ae14
EAX=5147ae14 EBX=00000000 ECX=001302d8 EDX=00122000
ESI=00000000 EDI=00000000 EBP=00000000 ESP=0013252c
EIP=00106936 EFL=00000206 [-----P-] CPL=0 II=0 A20=1 SMM=0 HLT=0
ES =0010 00000000 ffffffff 00cf9300 DPL=0 DS   [-WA]
CS =0008 00000000 ffffffff 00cf9a00 DPL=0 CS32 [-R-]
SS =0010 00000000 ffffffff 00cf9300 DPL=0 DS   [-WA]
DS =0010 00000000 ffffffff 00cf9300 DPL=0 DS   [-WA]
FS =0010 00000000 ffffffff 00cf9300 DPL=0 DS   [-WA]
GS =0010 00000000 ffffffff 00cf9300 DPL=0 DS   [-WA]
LDT=0000 00000000 0000ffff 00008200 DPL=0 LDT
TR =0028 00115020 00000067 00008900 DPL=0 TSS32-avl
GDT=     001150a0 0000002f
IDT=     00115100 000007ff
CR0=80000011 CR2=00000000 CR3=00122000 CR4=00000000
DR0=00000000 DR1=00000000 DR2=00000000 DR3=00000000 
DR6=ffff0ff0 DR7=00000400
CCS=00000004 CCD=50000000 CCO=EFLAGS
EFER=0000000000000000
Servicing hardware INT=0x40
   153: v=40 e=0000 i=0 cpl=0 IP=0008:00102341 pc=00102341 SP=0010:0011b044 env->regs[R_EAX]=00000000
EAX=00000000 EBX=00000001 ECX=00000780 EDX=000003d5
ESI=00000000 EDI=00000000 EBP=00000000 ESP=0011b044
EIP=00102341 EFL=00000212 [----A--] CPL=0 II=0 A20=1 SMM=0 HLT=0
ES =0010 00000000 ffffffff 00cf9300 DPL=0 DS   [-WA]
CS =0008 00000000 ffffffff 00cf9a00 DPL=0 CS32 [-R-]
SS =0010 00000000 ffffffff 00cf9300 DPL=0 DS   [-WA]
DS =0010 00000000 ffffffff 00cf9300 DPL=0 DS   [-WA]
FS =0010 00000000 ffffffff 00cf9300 DPL=0 DS   [-WA]
GS =0010 00000000 ffffffff 00cf9300 DPL=0 DS   [-WA]
LDT=0000 00000000 0000ffff 00008200 DPL=0 LDT
TR =0000 00000000 0000ffff 00008b00 DPL=0 TSS32-busy
GDT=     001150a0 0000002f
IDT=     00115100 000007ff
CR0=e0000011 CR2=00000000 CR3=00122000 CR4=00000000
DR0=00000000 DR1=00000000 DR2=00000000 DR3=00000000 
DR6=ffff0ff0 DR7=00000400
CCS=00000010 CCD=0011b038 CCO=EFLAGS
EFER=0000000000000000
Servicing hardware INT=0x20
   154: v=20 e=0000 i=0 cpl=0 IP=0008:00106936 pc=00106936 SP=0010:0013252c env->regs[R_EAX]=69999999
EAX=69999999 EBX=00000000 ECX=001302d8 EDX=00122000
ESI=00000000 EDI=00000000 EBP=00000000 ESP=0013252c
EIP=00106936 EFL=00000202 [-------] CPL=0 II=0 A20=1 SMM=0 HLT=0
ES =0010 00000000 ffffffff 00cf9300 DPL=0 DS   [-WA]
CS =0008 00000000 ffffffff 00cf9a00 DPL=0 CS32 [-R-]
SS =0010 00000000 ffffffff 00cf9300 DPL=0 DS   [-WA]
DS =0010 00000000 ffffffff 00cf9300 DPL=0 DS   [-WA]
FS =0010 00000000 ffffffff 00cf9300 DPL=0 DS   [-WA]
GS =0010 00000000 ffffffff 00cf9300 DPL=0 DS   [-WA]
LDT=0000 00000000 0000ffff 00008200 DPL=0 LDT
TR =0028 00115020 00000067 00008900 DPL=0 TSS32-avl
GDT=     001150a0 0000002f
IDT=     00115100 000007ff
CR0=80000011 CR2=00000000 CR3=00122000 CR4=00000000
DR0=00000000 DR1=00000000 DR2=00000000 DR3=00000000 
DR6=ffff0ff0 DR7=00000400
CCS=00000000 CCD=6851eb85 CCO=EFLAGS
EFER=0000000000000000
Servicing hardware INT=0x40
   155: v=40 e=0000 i=0 cpl=0 IP=0008:00104f21 pc=00104f21 SP=0010:001347d8 env->regs[R_EAX]=0000009f
EAX=0000009f EBX=00000003 ECX=00000000 EDX=00000032
ESI=00000000 EDI=00000000 EBP=00000000 ESP=001347d8
EIP=00104f21 EFL=00000293 [--S-A-C] CPL=0 II=0 A20=1 SMM=0 HLT=0
ES =0010 00000000 ffffffff 00cf9300 DPL=0 DS   [-WA]
CS =0008 00000000 ffffffff 00cf9a00 DPL=0 CS32 [-R-]
SS =0010 00000000 ffffffff 00cf9300 DPL=0 DS   [-WA]
DS =0010 00000000 ffffffff 00cf9300 DPL=0 DS   [-WA]
FS =0010 00000000 ffffffff 00cf9300 DPL=0 DS   [-WA]
GS =0010 00000000 ffffffff 00cf9300 DPL=0 DS   [-WA]
LDT=0000 00000000 0000ffff 00008200 DPL=0 LDT
TR =0028 00115020 00000067 00008900 DPL=0 TSS32-avl
GDT=     001150a0 0000002f
IDT=     00115100 000007ff
CR0=80000011 CR2=00000000 CR3=00122000 CR4=00000000
DR0=00000000 DR1=00000000 DR2=00000000 DR3=00000000 
DR6=ffff0ff0 DR7=00000400
CCS=00000091 CCD=ffffffd5 CCO=EFLAGS
EFER=0000000000000000
Servicing hardware INT=0x40
   156: v=40 e=0000 i=0 cpl=0 IP=0008:00102341 pc=00102341 SP=0010:0011b044 env->regs[R_EAX]=00000000
EAX=00000000 EBX=00000001 ECX=00000780 EDX=000003d5
ESI=00000000 EDI=00000000 EBP=00000000 ESP=0011b044
EIP=00102341 EFL=00000212 [----A--] CPL=0 II=0 A20=1 SMM=0 HLT=0
ES =0010 00000000 ffffffff 00cf9300 DPL=0 DS   [-WA]
CS =0008 00000000 ffffffff 00cf9a00 DPL=0 CS32 [-R-]
SS =0010 00000000 ffffffff 00cf9300 DPL=0 DS   [-WA]
DS =0010 00000000 ffffffff 00cf9300 DPL=0 DS   [-WA]
FS =0010 00000000 ffffffff 00cf9300 DPL=0 DS   [-WA]
GS =0010 00000000 ffffffff 00cf9300 DPL=0 DS   [-WA]
LDT=0000 00000000 0000ffff 00008200 DPL=0 LDT
TR =0000 00000000 0000ffff 00008b00 DPL=0 TSS32-busy
GDT=     001150a0 0000002f
IDT=     00115100 000007ff
CR0=e0000011 CR2=00000000 CR3=00122000 CR4=00000000
DR0=00000000 DR1=00000000 DR2=00000000 DR3=00000000 
DR6=ffff0ff0 DR7=00000400
CCS=00000010 CCD=0011b038 CCO=EFLAGS
EFER=0000000000000000
Servicing hardware INT=0x20
   157: v=20 e=0000 i=0 cpl=0 IP=0008:00104f21 pc=00104f21 SP=0010:001347d8 env->regs[R_EAX]=0000009f
EAX=0000009f EBX=00000003 ECX=00000000 EDX=00000032
ESI=00000000 EDI=00000000 EBP=00000000 ESP=001347d8
EIP=00104f21 EFL=00000293 [--S-A-C] CPL=0 II=0 A20=1 SMM=0 HLT=0
ES =0010 00000000 ffffffff 00cf9300 DPL=0 DS   [-WA]
CS =0008 00000000 ffffffff 00cf9a00 DPL=0 CS32 [-R-]
SS =0010 00000000 ffffffff 00cf9300 DPL=0 DS   [-WA]
DS =0010 00000000 ffffffff 00cf9300 DPL=0 DS   [-WA]
FS =0010 00000000 ffffffff 00cf9300 DPL=0 DS   [-WA]
GS =0010 00000000 ffffffff 00cf9300 DPL=0 DS   [-WA]
LDT=0000 00000000 0000ffff 00008200 DPL=0 LDT
TR =0028 00115020 00000067 00008900 DPL=0 TSS32-avl
GDT=     001150a0 0000002f
IDT=     00115100 000007ff
CR0=80000011 CR2=00000000 CR3=00122000 CR4=00000000
DR0=00000000 DR1=00000000 DR2=00000000 DR3=00000000 
DR6=ffff0ff0 DR7=00000400
CCS=00000091 CCD=ffffffd5 CCO=EFLAGS
EFER=0000000000000000
Servicing hardware INT=0x40
   158: v=40 e=0000 i=0 cpl=0 IP=0008:00104f21 pc=00104f21 SP=0010:00136a88 env->regs[R_EAX]=000000b4
EAX=000000b4 EBX=00000003 ECX=00000000 EDX=00000046
ESI=00000000 EDI=00000000 EBP=00000000 ESP=00136a88
EIP=00104f21 EFL=00000283 [--S---C] CPL=0 II=0 A20=1 SMM=0 HLT=0
ES =0010 00000000 ffffffff 00cf9300 DPL=0 DS   [-WA]
CS =0008 00000000 ffffffff 00cf9a00 DPL=0 CS32 [-R-]
SS =0010 00000000 ffffffff 00cf9300 DPL=0 DS   [-WA]
DS =0010 00000000 ffffffff 00cf9300 DPL=0 DS   [-WA]
FS =0010 00000000 ffffffff 00cf9300 DPL=0 DS   [-WA]
GS =0010 00000000 ffffffff 00cf9300 DPL=0 DS   [-WA]
LDT=0000 00000000 0000ffff 00008200 DPL=0 LDT
TR =0028 00115020 00000067 00008900 DPL=0 TSS32-avl
GDT=     001150a0 0000002f
IDT=     00115100 000007ff
CR0=80000011 CR2=00000000 CR3=00122000 CR4=00000000
DR0=00000000 DR1=00000000 DR2=00000000 DR3=00000000 
DR6=ffff0ff0 DR7=00000400
CCS=00000081 CCD=ffffffc1 CCO=EFLAGS
EFER=0000000000000000
Servicing hardware INT=0x40
   159: v=40 e=0000 i=0 cpl=0 IP=0008:00102341 pc=00102341 SP=0010:0011b044 env->regs[R_EAX]=00000000
EAX=00000000 EBX=00000001 ECX=00000780 EDX=000003d5
ESI=00000000 EDI=00000000 EBP=00000000 ESP=0011b044
EIP=00102341 EFL=00000212 [----A--] CPL=0 II=0 A20=1 SMM=0 HLT=0
ES =0010 00000000 ffffffff 00cf9300 DPL=0 DS   [-WA]
CS =0008 00000000 ffffffff 00cf9a00 DPL=0 CS32 [-R-]
SS =0010 00000000 ffffffff 00cf9300 DPL=0 DS   [-WA]
DS =0010 00000000 ffffffff 00cf9300 DPL=0 DS   [-WA]
FS =0010 00000000 ffffffff 00cf9300 DPL=0 DS   [-WA]
GS =0010 00000000 ffffffff 00cf9300 DPL=0 DS   [-WA]
LDT=0000 00000000 0000ffff 00008200 DPL=0 LDT
TR =0000 00000000 0000ffff 00008b00 DPL=0 TSS32-busy
GDT=     001150a0 0000002f
IDT=     00115100 000007ff
CR0=e0000011 CR2=00000000 CR3=00122000 CR4=00000000
DR0=00000000 DR1=00000000 DR2=00000000 DR3=00000000 
DR6=ffff0ff0 DR7=00000400
CCS=00000010 CCD=0011b038 CCO=EFLAGS
EFER=0000000000000000
Servicing hardware INT=0x20
   160: v=20 e=0000 i=0 cpl=0 IP=0008:00104f21 pc=00104f21 SP=0010:00136a88 env->regs[R_EAX]=000000b4
EAX=000000b4 EBX=00000003 ECX=00000000 EDX=00000046
ESI=00000000 EDI=00000000 EBP=00000000 ESP=00136a88
EIP=00104f21 EFL=00000283 [--S---C] CPL=0 II=0 A20=1 SMM=0 HLT=0
ES =0010 00000000 ffffffff 00cf9300 DPL=0 DS   [-WA]
CS =0008 00000000 ffffffff 00cf9a00 DPL=0 CS32 [-R-]
SS =0010 00000000 ffffffff 00cf9300 DPL=0 DS   [-WA]
DS =0010 00000000 ffffffff 00cf9300 DPL=0 DS   [-WA]
FS =0010 00000000 ffffffff 00cf9300 DPL=0 DS   [-WA]
GS =0010 00000000 ffffffff 00cf9300 DPL=0 DS   [-WA]
LDT=0000 00000000 0000ffff 00008200 DPL=0 LDT
TR =0028 00115020 00000067 00008900 DPL=0 TSS32-avl
GDT=     001150a0 0000002f
IDT=     00115100 000007ff
CR0=80000011 CR2=00000000 CR3=00122000 CR4=00000000
DR0=00000000 DR1=00000000 DR2=00000000 DR3=00000000 
DR6=ffff0ff0 DR7=00000400
CCS=00000081 CCD=ffffffc1 CCO=EFLAGS
EFER=0000000000000000
Servicing hardware INT=0x40
   161: v=40 e=0000 i=0 cpl=0 IP=0008:00105241 pc=00105241 SP=0010:00138d38 env->regs[R_EAX]=00000000
EAX=00000000 EBX=00000000 ECX=00126280 EDX=00000000
ESI=00000000 EDI=00000000 EBP=00000000 ESP=00138d38
EIP=00105241 EFL=00000246 [---Z-P-] CPL=0 II=0 A20=1 SMM=0 HLT=0
ES =0010 00000000 ffffffff 00cf9300 DPL=0 DS   [-WA]
CS =0008 00000000 ffffffff 00cf9a00 DPL=0 CS32 [-R-]
SS =0010 00000000 ffffffff 00cf9300 DPL=0 DS   [-WA]
DS =0010 00000000 ffffffff 00cf9300 DPL=0 DS   [-WA]
FS =0010 00000000 ffffffff 00cf9300 DPL=0 DS   [-WA]
GS =0010 00000000 ffffffff 00cf9300 DPL=0 DS   [-WA]
LDT=0000 00000000 0000ffff 00008200 DPL=0 LDT
TR =0028 00115020 00000067 00008900 DPL=0 TSS32-avl
GDT=     001150a0 0000002f
IDT=     00115100 000007ff
CR0=80000011 CR2=00000000 CR3=00122000 CR4=00000000
DR0=00000000 DR1=00000000 DR2=00000000 DR3=00000000 
DR6=ffff0ff0 DR7=00000400
CCS=00000044 CCD=00000000 CCO=EFLAGS
EFER=0000000000000000
Servicing hardware INT=0x40
   162: v=40 e=0000 i=0 cpl=0 IP=0008:00102341 pc=00102341 SP=0010:0011b044 env->regs[R_EAX]=00000000
EAX=00000000 EBX=00000001 ECX=00000780 EDX=000003d5
ESI=00000000 EDI=00000000 EBP=00000000 ESP=0011b044
EIP=00102341 EFL=00000212 [----A--] CPL=0 II=0 A20=1 SMM=0 HLT=0
ES =0010 00000000 ffffffff 00cf9300 DPL=0 DS   [-WA]
CS =0008 00000000 ffffffff 00cf9a00 DPL=0 CS32 [-R-]
SS =0010 00000000 ffffffff 00cf9300 DPL=0 DS   [-WA]
DS =0010 00000000 ffffffff 00cf9300 DPL=0 DS   [-WA]
FS =0010 00000000 ffffffff 00cf9300 DPL=0 DS   [-WA]
GS =0010 00000000 ffffffff 00cf9300 DPL=0 DS   [-WA]
LDT=0000 00000000 0000ffff 00008200 DPL=0 LDT
TR =0000 00000000 0000ffff 00008b00 DPL=0 TSS32-busy
GDT=     001150a0 0000002f
IDT=     00115100 000007ff
CR0=e0000011 CR2=00000000 CR3=00122000 CR4=00000000
DR0=00000000 DR1=00000000 DR2=00000000 DR3=00000000 
DR6=ffff0ff0 DR7=00000400
CCS=00000010 CCD=0011b038 CCO=EFLAGS
EFER=0000000000000000
Servicing hardware INT=0x20
   163: v=20 e=0000 i=0 cpl=0 IP=0008:00105241 pc=00105241 SP=0010:00138d38 env->regs[R_EAX]=00000000
EAX=00000000 EBX=00000000 ECX=00126280 EDX=00000000
ESI=00000000 EDI=00000000 EBP=00000000 ESP=00138d38
EIP=00105241 EFL=00000246 [---Z-P-] CPL=0 II=0 A20=1 SMM=0 HLT=0
ES =0010 00000000 ffffffff 00cf9300 DPL=0 DS   [-WA]
CS =0008 00000000 ffffffff 00cf9a00 DPL=0 CS32 [-R-]
SS =0010 00000000 ffffffff 00cf9300 DPL=0 DS   [-WA]
DS =0010 00000000 ffffffff 00cf9300 DPL=0 DS   [-WA]
FS =0010 00000000 ffffffff 00cf9300 DPL=0 DS   [-WA]
GS =0010 00000000 ffffffff 00cf9300 DPL=0 DS   [-WA]
LDT=0000 00000000 0000ffff 00008200 DPL=0 LDT
TR =0028 00115020 00000067 00008900 DPL=0 TSS32-avl
GDT=     001150a0 0000002f
IDT=     00115100 000007ff
CR0=80000011 CR2=00000000 CR3=00122000 CR4=00000000
DR0=00000000 DR1=00000000 DR2=00000000 DR3=00000000 
DR6=ffff0ff0 DR7=00000400
CCS=00000044 CCD=00000000 CCO=EFLAGS
EFER=0000000000000000
   164: v=80 e=0000 i=1 cpl=3 IP=001b:01000a4f pc=01000a4f SP=0023:01403fb4 env->regs[R_EAX]=00000001
EAX=00000001 EBX=00000001 ECX=01000dae EDX=00000016
ESI=00000007 EDI=00000001 EBP=01403fdf ESP=01403fb4
EIP=01000a4f EFL=00000202 [-------] CPL=3 II=0 A20=1 SMM=0 HLT=0
ES =0023 00000000 ffffffff 00cff300 DPL=3 DS   [-WA]
CS =001b 00000000 ffffffff 00cffa00 DPL=3 CS32 [-R-]
SS =0023 00000000 ffffffff 00cff300 DPL=3 DS   [-WA]
DS =0023 00000000 ffffffff 00cff300 DPL=3 DS   [-WA]
FS =0023 00000000 ffffffff 00cff300 DPL=3 DS   [-WA]
GS =0023 00000000 ffffffff 00cff300 DPL=3 DS   [-WA]
LDT=0000 00000000 0000ffff 00008200 DPL=0 LDT
TR =0028 00115020 00000067 00008900 DPL=0 TSS32-avl
GDT=     001150a0 0000002f
IDT=     00115100 000007ff
CR0=80000011 CR2=00000000 CR3=00002000 CR4=00000000
DR0=00000000 DR1=00000000 DR2=00000000 DR3=00000000 
DR6=ffff0ff0 DR7=00000400
CCS=00000044 CCD=00000007 CCO=LOGICL
EFER=0000000000000000
Servicing hardware INT=0x40
   165: v=40 e=0000 i=0 cpl=3 IP=001b:01000d10 pc=01000d10 SP=0023:01403f90 env->regs[R_EAX]=00000007
EAX=00000007 EBX=00000007 ECX=01000dae EDX=00000016
ESI=00000007 EDI=00000001 EBP=01403fdf ESP=01403f90
EIP=01000d10 EFL=00000202 [-------] CPL=3 II=0 A20=1 SMM=0 HLT=0
ES =0023 00000000 ffffffff 00cff300 DPL=3 DS   [-WA]
CS =001b 00000000 ffffffff 00cffa00 DPL=3 CS32 [-R-]
SS =0023 00000000 ffffffff 00cff300 DPL=3 DS   [-WA]
DS =0023 00000000 ffffffff 00cff300 DPL=3 DS   [-WA]
FS =0023 00000000 ffffffff 00cff300 DPL=3 DS   [-WA]
GS =0023 00000000 ffffffff 00cff300 DPL=3 DS   [-WA]
LDT=0000 00000000 0000ffff 00008200 DPL=0 LDT
TR =0028 00115020 00000067 00008900 DPL=0 TSS32-avl
GDT=     001150a0 0000002f
IDT=     00115100 000007ff
CR0=80000011 CR2=00000000 CR3=00002000 CR4=00000000
DR0=00000000 DR1=00000000 DR2=00000000 DR3=00000000 
DR6=ffff0ff0 DR7=00000400
CCS=00000000 CCD=00000007 CCO=EFLAGS
EFER=0000000000000000
   166: v=80 e=0000 i=1 cpl=3 IP=001b:01000cce pc=01000cce SP=0023:01403f90 env->regs[R_EAX]=00000001
EAX=00000001 EBX=00000001 ECX=01403f94 EDX=00000001
ESI=01403f94 EDI=01403f93 EBP=01403fdf ESP=01403f90
EIP=01000cce EFL=00000246 [---Z-P-] CPL=3 II=0 A20=1 SMM=0 HLT=0
ES =0023 00000000 ffffffff 00cff300 DPL=3 DS   [-WA]
CS =001b 00000000 ffffffff 00cffa00 DPL=3 CS32 [-R-]
SS =0023 00000000 ffffffff 00cff300 DPL=3 DS   [-WA]
DS =0023 00000000 ffffffff 00cff300 DPL=3 DS   [-WA]
FS =0023 00000000 ffffffff 00cff300 DPL=3 DS   [-WA]
GS =0023 00000000 ffffffff 00cff300 DPL=3 DS   [-WA]
LDT=0000 00000000 0000ffff 00008200 DPL=0 LDT
TR =0028 00115020 00000067 00008900 DPL=0 TSS32-avl
GDT=     001150a0 0000002f
IDT=     00115100 000007ff
CR0=80000011 CR2=00000000 CR3=00002000 CR4=00000000
DR0=00000000 DR1=00000000 DR2=00000000 DR3=00000000 
DR6=ffff0ff0 DR7=00000400
CCS=00000009 CCD=00000000 CCO=LOGICL
EFER=0000000000000000
   167: v=80 e=0000 i=1 cpl=3 IP=001b:01000a69 pc=01000a69 SP=0023:01403fb4 env->regs[R_EAX]=00000001
EAX=00000001 EBX=00000001 ECX=01000dc5 EDX=00000009
ESI=00000007 EDI=00000001 EBP=01403fdf ESP=01403fb4
EIP=01000a69 EFL=00000202 [-------] CPL=3 II=0 A20=1 SMM=0 HLT=0
ES =0023 00000000 ffffffff 00cff300 DPL=3 DS   [-WA]
CS =001b 00000000 ffffffff 00cffa00 DPL=3 CS32 [-R-]
SS =0023 00000000 ffffffff 00cff300 DPL=3 DS   [-WA]
DS =0023 00000000 ffffffff 00cff300 DPL=3 DS   [-WA]
FS =0023 00000000 ffffffff 00cff300 DPL=3 DS   [-WA]
GS =0023 00000000 ffffffff 00cff300 DPL=3 DS   [-WA]
LDT=0000 00000000 0000ffff 00008200 DPL=0 LDT
TR =0028 00115020 00000067 00008900 DPL=0 TSS32-avl
GDT=     001150a0 0000002f
IDT=     00115100 000007ff
CR0=80000011 CR2=00000000 CR3=00002000 CR4=00000000
DR0=00000000 DR1=00000000 DR2=00000000 DR3=00000000 
DR6=ffff0ff0 DR7=00000400
CCS=00000020 CCD=01403fb0 CCO=ADDL
EFER=0000000000000000
   168: v=80 e=0000 i=1 cpl=3 IP=001b:01000ce6 pc=01000ce6 SP=0023:01403f90 env->regs[R_EAX]=00000001
EAX=00000001 EBX=00000001 ECX=01403f95 EDX=00000001
ESI=01403f95 EDI=01403f93 EBP=01403fdf ESP=01403f90
EIP=01000ce6 EFL=00000202 [-------] CPL=3 II=0 A20=1 SMM=0 HLT=0
ES =0023 00000000 ffffffff 00cff300 DPL=3 DS   [-WA]
CS =001b 00000000 ffffffff 00cffa00 DPL=3 CS32 [-R-]
SS =0023 00000000 ffffffff 00cff300 DPL=3 DS   [-WA]
DS =0023 00000000 ffffffff 00cff300 DPL=3 DS   [-WA]
FS =0023 00000000 ffffffff 00cff300 DPL=3 DS   [-WA]
GS =0023 00000000 ffffffff 00cff300 DPL=3 DS   [-WA]
LDT=0000 00000000 0000ffff 00008200 DPL=0 LDT
TR =0028 00115020 00000067 00008900 DPL=0 TSS32-avl
GDT=     001150a0 0000002f
IDT=     00115100 000007ff
CR0=80000011 CR2=00000000 CR3=00002000 CR4=00000000
DR0=00000000 DR1=00000000 DR2=00000000 DR3=00000000 
DR6=ffff0ff0 DR7=00000400
CCS=00000009 CCD=00000001 CCO=LOGICL
EFER=0000000000000000
   169: v=80 e=0000 i=1 cpl=3 IP=001b:01000ced pc=01000ced SP=0023:01403f90 env->regs[R_EAX]=00000001
EAX=00000001 EBX=00000001 ECX=01403f94 EDX=00000001
ESI=01403f95 EDI=01403f93 EBP=01403fdf ESP=01403f90
EIP=01000ced EFL=00000202 [-------] CPL=3 II=0 A20=1 SMM=0 HLT=0
ES =0023 00000000 ffffffff 00cff300 DPL=3 DS   [-WA]
CS =001b 00000000 ffffffff 00cffa00 DPL=3 CS32 [-R-]
SS =0023 00000000 ffffffff 00cff300 DPL=3 DS   [-WA]
DS =0023 00000000 ffffffff 00cff300 DPL=3 DS   [-WA]
FS =0023 00000000 ffffffff 00cff300 DPL=3 DS   [-WA]
GS =0023 00000000 ffffffff 00cff300 DPL=3 DS   [-WA]
LDT=0000 00000000 0000ffff 00008200 DPL=0 LDT
TR =0028 00115020 00000067 00008900 DPL=0 TSS32-avl
GDT=     001150a0 0000002f
IDT=     00115100 000007ff
CR0=80000011 CR2=00000000 CR3=00002000 CR4=00000000
DR0=00000000 DR1=00000000 DR2=00000000 DR3=00000000 
DR6=ffff0ff0 DR7=00000400
CCS=00000000 CCD=0013aff8 CCO=EFLAGS
EFER=0000000000000000
   170: v=80 e=0000 i=1 cpl=3 IP=001b:01000a80 pc=01000a80 SP=0023:01403fb4 env->regs[R_EAX]=00000001
EAX=00000001 EBX=00000001 ECX=01000e25 EDX=00000001
ESI=00000007 EDI=00000001 EBP=01403fdf ESP=01403fb4
EIP=01000a80 EFL=00000202 [-------] CPL=3 II=0 A20=1 SMM=0 HLT=0
ES =0023 00000000 ffffffff 00cff300 DPL=3 DS   [-WA]
CS =001b 00000000 ffffffff 00cffa00 DPL=3 CS32 [-R-]
SS =0023 00000000 ffffffff 00cff300 DPL=3 DS   [-WA]
DS =0023 00000000 ffffffff 00cff300 DPL=3 DS   [-WA]
FS =0023 00000000 ffffffff 00cff300 DPL=3 DS   [-WA]
GS =0023 00000000 ffffffff 00cff300 DPL=3 DS   [-WA]
LDT=0000 00000000 0000ffff 00008200 DPL=0 LDT
TR =0028 00115020 00000067 00008900 DPL=0 TSS32-avl
GDT=     001150a0 0000002f
IDT=     00115100 000007ff
CR0=80000011 CR2=00000000 CR3=00002000 CR4=00000000
DR0=00000000 DR1=00000000 DR2=00000000 DR3=00000000 
DR6=ffff0ff0 DR7=00000400
CCS=00000020 CCD=01403fb0 CCO=ADDL
EFER=0000000000000000
Servicing hardware INT=0x40
   171: v=40 e=0000 i=0 cpl=0 IP=0008:00102341 pc=00102341 SP=0010:0011b044 env->regs[R_EAX]=00000000
EAX=00000000 EBX=00000001 ECX=00000780 EDX=000003d5
ESI=00000000 EDI=00000000 EBP=00000000 ESP=0011b044
EIP=00102341 EFL=00000212 [----A--] CPL=0 II=0 A20=1 SMM=0 HLT=0
ES =0010 00000000 ffffffff 00cf9300 DPL=0 DS   [-WA]
CS =0008 00000000 ffffffff 00cf9a00 DPL=0 CS32 [-R-]
SS =0010 00000000 ffffffff 00cf9300 DPL=0 DS   [-WA]
DS =0010 00000000 ffffffff 00cf9300 DPL=0 DS   [-WA]
FS =0010 00000000 ffffffff 00cf9300 DPL=0 DS   [-WA]
GS =0010 00000000 ffffffff 00cf9300 DPL=0 DS   [-WA]
LDT=0000 00000000 0000ffff 00008200 DPL=0 LDT
TR =0000 00000000 0000ffff 00008b00 DPL=0 TSS32-busy
GDT=     001150a0 0000002f
IDT=     00115100 000007ff
CR0=e0000011 CR2=00000000 CR3=00122000 CR4=00000000
DR0=00000000 DR1=00000000 DR2=00000000 DR3=00000000 
DR6=ffff0ff0 DR7=00000400
CCS=00000010 CCD=0011b038 CCO=EFLAGS
EFER=0000000000000000
   172: v=80 e=0000 i=1 cpl=3 IP=001b:01000a8d pc=01000a8d SP=0023:01403fb4 env->regs[R_EAX]=00000004
EAX=00000004 EBX=00000000 ECX=00000000 EDX=00000000
ESI=00000007 EDI=00000001 EBP=01403fdf ESP=01403fb4
EIP=01000a8d EFL=00000246 [---Z-P-] CPL=3 II=0 A20=1 SMM=0 HLT=0
ES =0023 00000000 ffffffff 00cff300 DPL=3 DS   [-WA]
CS =001b 00000000 ffffffff 00cffa00 DPL=3 CS32 [-R-]
SS =0023 00000000 ffffffff 00cff300 DPL=3 DS   [-WA]
DS =0023 00000000 ffffffff 00cff300 DPL=3 DS   [-WA]
FS =0023 00000000 ffffffff 00cff300 DPL=3 DS   [-WA]
GS =0023 00000000 ffffffff 00cff300 DPL=3 DS   [-WA]
LDT=0000 00000000 0000ffff 00008200 DPL=0 LDT
TR =0028 00115020 00000067 00008900 DPL=0 TSS32-avl
GDT=     001150a0 0000002f
IDT=     00115100 000007ff
CR0=80000011 CR2=00000000 CR3=00002000 CR4=00000000
DR0=00000000 DR1=00000000 DR2=00000000 DR3=00000000 
DR6=ffff0ff0 DR7=00000400
CCS=00000044 CCD=0013aff8 CCO=EFLAGS
EFER=0000000000000000
   173: v=03 e=0000 i=1 cpl=3 IP=001b:010001ff pc=010001ff SP=0023:01403fb4 env->regs[R_EAX]=00000000
EAX=00000000 EBX=0013b020 ECX=01403fb4 EDX=010001ef
ESI=00000000 EDI=00000000 EBP=00000000 ESP=01403fb4
EIP=010001ff EFL=00000246 [---Z-P-] CPL=3 II=0 A20=1 SMM=0 HLT=0
ES =0023 00000000 ffffffff 00cff300 DPL=3 DS   [-WA]
CS =001b 00000000 ffffffff 00cffa00 DPL=3 CS32 [-R-]
SS =0023 00000000 ffffffff 00cff300 DPL=3 DS   [-WA]
DS =0023 00000000 ffffffff 00cff300 DPL=3 DS   [-WA]
FS =0023 00000000 ffffffff 00cff300 DPL=3 DS   [-WA]
GS =0023 00000000 ffffffff 00cff300 DPL=3 DS   [-WA]
LDT=0000 00000000 0000ffff 00008200 DPL=0 LDT
TR =0028 00115020 00000067 00008900 DPL=0 TSS32-avl
GDT=     001150a0 0000002f
IDT=     00115100 000007ff
CR0=80000011 CR2=00000000 CR3=0000c000 CR4=00000000
DR0=00000000 DR1=00000000 DR2=00000000 DR3=00000000 
DR6=ffff0ff0 DR7=00000400
CCS=00000000 CCD=00000000 CCO=LOGICL
EFER=0000000000000000
check_exception old: 0xffffffff new 0xd
   174: v=0d e=001a i=0 cpl=3 IP=001b:010001ff pc=010001ff SP=0023:01403fb4 env->regs[R_EAX]=00000000
EAX=00000000 EBX=0013b020 ECX=01403fb4 EDX=010001ef
ESI=00000000 EDI=00000000 EBP=00000000 ESP=01403fb4
EIP=010001ff EFL=00000246 [---Z-P-] CPL=3 II=0 A20=1 SMM=0 HLT=0
ES =0023 00000000 ffffffff 00cff300 DPL=3 DS   [-WA]
CS =001b 00000000 ffffffff 00cffa00 DPL=3 CS32 [-R-]
SS =0023 00000000 ffffffff 00cff300 DPL=3 DS   [-WA]
DS =0023 00000000 ffffffff 00cff300 DPL=3 DS   [-WA]
FS =0023 00000000 ffffffff 00cff300 DPL=3 DS   [-WA]
GS =0023 00000000 ffffffff 00cff300 DPL=3 DS   [-WA]
LDT=0000 00000000 0000ffff 00008200 DPL=0 LDT
TR =0028 00115020 00000067 00008900 DPL=0 TSS32-avl
GDT=     001150a0 0000002f
IDT=     00115100 000007ff
CR0=80000011 CR2=00000000 CR3=0000c000 CR4=00000000
DR0=00000000 DR1=00000000 DR2=00000000 DR3=00000000 
DR6=ffff0ff0 DR7=00000400
CCS=00000000 CCD=00000000 CCO=LOGICL
EFER=0000000000000000
Servicing hardware INT=0x40
   175: v=40 e=0000 i=0 cpl=0 IP=0008:00102341 pc=00102341 SP=0010:0011b044 env->regs[R_EAX]=00000000
EAX=00000000 EBX=00000001 ECX=00000780 EDX=000003d5
ESI=00000000 EDI=00000000 EBP=00000000 ESP=0011b044
EIP=00102341 EFL=00000212 [----A--] CPL=0 II=0 A20=1 SMM=0 HLT=0
ES =0010 00000000 ffffffff 00cf9300 DPL=0 DS   [-WA]
CS =0008 00000000 ffffffff 00cf9a00 DPL=0 CS32 [-R-]
SS =0010 00000000 ffffffff 00cf9300 DPL=0 DS   [-WA]
DS =0010 00000000 ffffffff 00cf9300 DPL=0 DS   [-WA]
FS =0010 00000000 ffffffff 00cf9300 DPL=0 DS   [-WA]
GS =0010 00000000 ffffffff 00cf9300 DPL=0 DS   [-WA]
LDT=0000 00000000 0000ffff 00008200 DPL=0 LDT
TR =0000 00000000 0000ffff 00008b00 DPL=0 TSS32-busy
GDT=     001150a0 0000002f
IDT=     00115100 000007ff
CR0=e0000011 CR2=00000000 CR3=00122000 CR4=00000000
DR0=00000000 DR1=00000000 DR2=00000000 DR3=00000000 
DR6=ffff0ff0 DR7=00000400
CCS=00000010 CCD=0011b038 CCO=EFLAGS
EFER=0000000000000000
Servicing hardware INT=0x40
   176: v=40 e=0000 i=0 cpl=0 IP=0008:00102341 pc=00102341 SP=0010:0011b044 env->regs[R_EAX]=00000000
EAX=00000000 EBX=00000001 ECX=00000780 EDX=000003d5
ESI=00000000 EDI=00000000 EBP=00000000 ESP=0011b044
EIP=00102341 EFL=00000212 [----A--] CPL=0 II=0 A20=1 SMM=0 HLT=0
ES =0010 00000000 ffffffff 00cf9300 DPL=0 DS   [-WA]
CS =0008 00000000 ffffffff 00cf9a00 DPL=0 CS32 [-R-]
SS =0010 00000000 ffffffff 00cf9300 DPL=0 DS   [-WA]
DS =0010 00000000 ffffffff 00cf9300 DPL=0 DS   [-WA]
FS =0010 00000000 ffffffff 00cf9300 DPL=0 DS   [-WA]
GS =0010 00000000 ffffffff 00cf9300 DPL=0 DS   [-WA]
LDT=0000 00000000 0000ffff 00008200 DPL=0 LDT
TR =0000 00000000 0000ffff 00008b00 DPL=0 TSS32-busy
GDT=     001150a0 0000002f
IDT=     00115100 000007ff
CR0=e0000011 CR2=00000000 CR3=00122000 CR4=00000000
DR0=00000000 DR1=00000000 DR2=00000000 DR3=00000000 
DR6=ffff0ff0 DR7=00000400
CCS=00000010 CCD=0011b038 CCO=EFLAGS
EFER=0000000000000000
Servicing hardware INT=0x40
   177: v=40 e=0000 i=0 cpl=0 IP=0008:00102341 pc=00102341 SP=0010:0011b044 env->regs[R_EAX]=00000000
EAX=00000000 EBX=00000001 ECX=00000780 EDX=000003d5
ESI=00000000 EDI=00000000 EBP=00000000 ESP=0011b044
EIP=00102341 EFL=00000212 [----A--] CPL=0 II=0 A20=1 SMM=0 HLT=0
ES =0010 00000000 ffffffff 00cf9300 DPL=0 DS   [-WA]
CS =0008 00000000 ffffffff 00cf9a00 DPL=0 CS32 [-R-]
SS =0010 00000000 ffffffff 00cf9300 DPL=0 DS   [-WA]
DS =0010 00000000 ffffffff 00cf9300 DPL=0 DS   [-WA]
FS =0010 00000000 ffffffff 00cf9300 DPL=0 DS   [-WA]
GS =0010 00000000 ffffffff 00cf9300 DPL=0 DS   [-WA]
LDT=0000 00000000 0000ffff 00008200 DPL=0 LDT
TR =0000 00000000 0000ffff 00008b00 DPL=0 TSS32-busy
GDT=     001150a0 0000002f
IDT=     00115100 000007ff
CR0=e0000011 CR2=00000000 CR3=00122000 CR4=00000000
DR0=00000000 DR1=00000000 DR2=00000000 DR3=00000000 
DR6=ffff0ff0 DR7=00000400
CCS=00000010 CCD=0011b038 CCO=EFLAGS
EFER=0000000000000000
Servicing hardware INT=0x40
   178: v=40 e=0000 i=0 cpl=0 IP=0008:00102341 pc=00102341 SP=0010:0011b044 env->regs[R_EAX]=00000000
EAX=00000000 EBX=00000001 ECX=00000780 EDX=000003d5
ESI=00000000 EDI=00000000 EBP=00000000 ESP=0011b044
EIP=00102341 EFL=00000212 [----A--] CPL=0 II=0 A20=1 SMM=0 HLT=0
ES =0010 00000000 ffffffff 00cf9300 DPL=0 DS   [-WA]
CS =0008 00000000 ffffffff 00cf9a00 DPL=0 CS32 [-R-]
SS =0010 00000000 ffffffff 00cf9300 DPL=0 DS   [-WA]
DS =0010 00000000 ffffffff 00cf9300 DPL=0 DS   [-WA]
FS =0010 00000000 ffffffff 00cf9300 DPL=0 DS   [-WA]
GS =0010 00000000 ffffffff 00cf9300 DPL=0 DS   [-WA]
LDT=0000 00000000 0000ffff 00008200 DPL=0 LDT
TR =0000 00000000 0000ffff 00008b00 DPL=0 TSS32-busy
GDT=     001150a0 0000002f
IDT=     00115100 000007ff
CR0=e0000011 CR2=00000000 CR3=00122000 CR4=00000000
DR0=00000000 DR1=00000000 DR2=00000000 DR3=00000000 
DR6=ffff0ff0 DR7=00000400
CCS=00000010 CCD=0011b038 CCO=EFLAGS
EFER=0000000000000000
Servicing hardware INT=0x40
   179: v=40 e=0000 i=0 cpl=0 IP=0008:00102341 pc=00102341 SP=0010:0011b044 env->regs[R_EAX]=00000000
EAX=00000000 EBX=00000001 ECX=00000780 EDX=000003d5
ESI=00000000 EDI=00000000 EBP=00000000 ESP=0011b044
EIP=00102341 EFL=00000212 [----A--] CPL=0 II=0 A20=1 SMM=0 HLT=0
ES =0010 00000000 ffffffff 00cf9300 DPL=0 DS   [-WA]
CS =0008 00000000 ffffffff 00cf9a00 DPL=0 CS32 [-R-]
SS =0010 00000000 ffffffff 00cf9300 DPL=0 DS   [-WA]
DS =0010 00000000 ffffffff 00cf9300 DPL=0 DS   [-WA]
FS =0010 00000000 ffffffff 00cf9300 DPL=0 DS   [-WA]
GS =0010 00000000 ffffffff 00cf9300 DPL=0 DS   [-WA]
LDT=0000 00000000 0000ffff 00008200 DPL=0 LDT
TR =0000 00000000 0000ffff 00008b00 DPL=0 TSS32-busy
GDT=     001150a0 0000002f
IDT=     00115100 000007ff
CR0=e0000011 CR2=00000000 CR3=00122000 CR4=00000000
DR0=00000000 DR1=00000000 DR2=00000000 DR3=00000000 
DR6=ffff0ff0 DR7=00000400
CCS=00000010 CCD=0011b038 CCO=EFLAGS
EFER=0000000000000000
Servicing hardware INT=0x40
   180: v=40 e=0000 i=0 cpl=0 IP=0008:00102341 pc=00102341 SP=0010:0011b044 env->regs[R_EAX]=00000000
EAX=00000000 EBX=00000001 ECX=00000780 EDX=000003d5
ESI=00000000 EDI=00000000 EBP=00000000 ESP=0011b044
EIP=00102341 EFL=00000212 [----A--] CPL=0 II=0 A20=1 SMM=0 HLT=0
ES =0010 00000000 ffffffff 00cf9300 DPL=0 DS   [-WA]
CS =0008 00000000 ffffffff 00cf9a00 DPL=0 CS32 [-R-]
SS =0010 00000000 ffffffff 00cf9300 DPL=0 DS   [-WA]
DS =0010 00000000 ffffffff 00cf9300 DPL=0 DS   [-WA]
FS =0010 00000000 ffffffff 00cf9300 DPL=0 DS   [-WA]
GS =0010 00000000 ffffffff 00cf9300 DPL=0 DS   [-WA]
LDT=0000 00000000 0000ffff 00008200 DPL=0 LDT
TR =0000 00000000 0000ffff 00008b00 DPL=0 TSS32-busy
GDT=     001150a0 0000002f
IDT=     00115100 000007ff
CR0=e0000011 CR2=00000000 CR3=00122000 CR4=00000000
DR0=00000000 DR1=00000000 DR2=00000000 DR3=00000000 
DR6=ffff0ff0 DR7=00000400
CCS=00000010 CCD=0011b038 CCO=EFLAGS
EFER=0000000000000000
Servicing hardware INT=0x40
   181: v=40 e=0000 i=0 cpl=0 IP=0008:00102341 pc=00102341 SP=0010:0011b044 env->regs[R_EAX]=00000000
EAX=00000000 EBX=00000001 ECX=00000780 EDX=000003d5
ESI=00000000 EDI=00000000 EBP=00000000 ESP=0011b044
EIP=00102341 EFL=00000212 [----A--] CPL=0 II=0 A20=1 SMM=0 HLT=0
ES =0010 00000000 ffffffff 00cf9300 DPL=0 DS   [-WA]
CS =0008 00000000 ffffffff 00cf9a00 DPL=0 CS32 [-R-]
SS =0010 00000000 ffffffff 00cf9300 DPL=0 DS   [-WA]
DS =0010 00000000 ffffffff 00cf9300 DPL=0 DS   [-WA]
FS =0010 00000000 ffffffff 00cf9300 DPL=0 DS   [-WA]
GS =0010 00000000 ffffffff 00cf9300 DPL=0 DS   [-WA]
LDT=0000 00000000 0000ffff 00008200 DPL=0 LDT
TR =0000 00000000 0000ffff 00008b00 DPL=0 TSS32-busy
GDT=     001150a0 0000002f
IDT=     00115100 000007ff
CR0=e0000011 CR2=00000000 CR3=00122000 CR4=00000000
DR0=00000000 DR1=00000000 DR2=00000000 DR3=00000000 
DR6=ffff0ff0 DR7=00000400
CCS=00000010 CCD=0011b038 CCO=EFLAGS
EFER=0000000000000000
Servicing hardware INT=0x40
   182: v=40 e=0000 i=0 cpl=0 IP=0008:00102341 pc=00102341 SP=0010:0011b044 env->regs[R_EAX]=00000000
EAX=00000000 EBX=00000001 ECX=00000780 EDX=000003d5
ESI=00000000 EDI=00000000 EBP=00000000 ESP=0011b044
EIP=00102341 EFL=00000212 [----A--] CPL=0 II=0 A20=1 SMM=0 HLT=0
ES =0010 00000000 ffffffff 00cf9300 DPL=0 DS   [-WA]
CS =0008 00000000 ffffffff 00cf9a00 DPL=0 CS32 [-R-]
SS =0010 00000000 ffffffff 00cf9300 DPL=0 DS   [-WA]
DS =0010 00000000 ffffffff 00cf9300 DPL=0 DS   [-WA]
FS =0010 00000000 ffffffff 00cf9300 DPL=0 DS   [-WA]
GS =0010 00000000 ffffffff 00cf9300 DPL=0 DS   [-WA]
LDT=0000 00000000 0000ffff 00008200 DPL=0 LDT
TR =0000 00000000 0000ffff 00008b00 DPL=0 TSS32-busy
GDT=     001150a0 0000002f
IDT=     00115100 000007ff
CR0=e0000011 CR2=00000000 CR3=00122000 CR4=00000000
DR0=00000000 DR1=00000000 DR2=00000000 DR3=00000000 
DR6=ffff0ff0 DR7=00000400
CCS=00000010 CCD=0011b038 CCO=EFLAGS
EFER=0000000000000000
Servicing hardware INT=0x40
   183: v=40 e=0000 i=0 cpl=0 IP=0008:00102341 pc=00102341 SP=0010:0011b044 env->regs[R_EAX]=00000000
EAX=00000000 EBX=00000001 ECX=00000780 EDX=000003d5
ESI=00000000 EDI=00000000 EBP=00000000 ESP=0011b044
EIP=00102341 EFL=00000212 [----A--] CPL=0 II=0 A20=1 SMM=0 HLT=0
ES =0010 00000000 ffffffff 00cf9300 DPL=0 DS   [-WA]
CS =0008 00000000 ffffffff 00cf9a00 DPL=0 CS32 [-R-]
SS =0010 00000000 ffffffff 00cf9300 DPL=0 DS   [-WA]
DS =0010 00000000 ffffffff 00cf9300 DPL=0 DS   [-WA]
FS =0010 00000000 ffffffff 00cf9300 DPL=0 DS   [-WA]
GS =0010 00000000 ffffffff 00cf9300 DPL=0 DS   [-WA]
LDT=0000 00000000 0000ffff 00008200 DPL=0 LDT
TR =0000 00000000 0000ffff 00008b00 DPL=0 TSS32-busy
GDT=     001150a0 0000002f
IDT=     00115100 000007ff
CR0=e0000011 CR2=00000000 CR3=00122000 CR4=00000000
DR0=00000000 DR1=00000000 DR2=00000000 DR3=00000000 
DR6=ffff0ff0 DR7=00000400
CCS=00000010 CCD=0011b038 CCO=EFLAGS
EFER=0000000000000000
Servicing hardware INT=0x40
   184: v=40 e=0000 i=0 cpl=0 IP=0008:00102341 pc=00102341 SP=0010:0011b044 env->regs[R_EAX]=00000000
EAX=00000000 EBX=00000001 ECX=00000780 EDX=000003d5
ESI=00000000 EDI=00000000 EBP=00000000 ESP=0011b044
EIP=00102341 EFL=00000212 [----A--] CPL=0 II=0 A20=1 SMM=0 HLT=0
ES =0010 00000000 ffffffff 00cf9300 DPL=0 DS   [-WA]
CS =0008 00000000 ffffffff 00cf9a00 DPL=0 CS32 [-R-]
SS =0010 00000000 ffffffff 00cf9300 DPL=0 DS   [-WA]
DS =0010 00000000 ffffffff 00cf9300 DPL=0 DS   [-WA]
FS =0010 00000000 ffffffff 00cf9300 DPL=0 DS   [-WA]
GS =0010 00000000 ffffffff 00cf9300 DPL=0 DS   [-WA]
LDT=0000 00000000 0000ffff 00008200 DPL=0 LDT
TR =0000 00000000 0000ffff 00008b00 DPL=0 TSS32-busy
GDT=     001150a0 0000002f
IDT=     00115100 000007ff
CR0=e0000011 CR2=00000000 CR3=00122000 CR4=00000000
DR0=00000000 DR1=00000000 DR2=00000000 DR3=00000000 
DR6=ffff0ff0 DR7=00000400
CCS=00000010 CCD=0011b038 CCO=EFLAGS
EFER=0000000000000000
Servicing hardware INT=0x40
   185: v=40 e=0000 i=0 cpl=0 IP=0008:00102341 pc=00102341 SP=0010:0011b044 env->regs[R_EAX]=00000000
EAX=00000000 EBX=00000001 ECX=00000780 EDX=000003d5
ESI=00000000 EDI=00000000 EBP=00000000 ESP=0011b044
EIP=00102341 EFL=00000212 [----A--] CPL=0 II=0 A20=1 SMM=0 HLT=0
ES =0010 00000000 ffffffff 00cf9300 DPL=0 DS   [-WA]
CS =0008 00000000 ffffffff 00cf9a00 DPL=0 CS32 [-R-]
SS =0010 00000000 ffffffff 00cf9300 DPL=0 DS   [-WA]
DS =0010 00000000 ffffffff 00cf9300 DPL=0 DS   [-WA]
FS =0010 00000000 ffffffff 00cf9300 DPL=0 DS   [-WA]
GS =0010 00000000 ffffffff 00cf9300 DPL=0 DS   [-WA]
LDT=0000 00000000 0000ffff 00008200 DPL=0 LDT
TR =0000 00000000 0000ffff 00008b00 DPL=0 TSS32-busy
GDT=     001150a0 0000002f
IDT=     00115100 000007ff
CR0=e0000011 CR2=00000000 CR3=00122000 CR4=00000000
DR0=00000000 DR1=00000000 DR2=00000000 DR3=00000000 
DR6=ffff0ff0 DR7=00000400
CCS=00000010 CCD=0011b038 CCO=EFLAGS
EFER=0000000000000000
Servicing hardware INT=0x40
   186: v=40 e=0000 i=0 cpl=0 IP=0008:00102341 pc=00102341 SP=0010:0011b044 env->regs[R_EAX]=00000000
EAX=00000000 EBX=00000001 ECX=00000780 EDX=000003d5
ESI=00000000 EDI=00000000 EBP=00000000 ESP=0011b044
EIP=00102341 EFL=00000212 [----A--] CPL=0 II=0 A20=1 SMM=0 HLT=0
ES =0010 00000000 ffffffff 00cf9300 DPL=0 DS   [-WA]
CS =0008 00000000 ffffffff 00cf9a00 DPL=0 CS32 [-R-]
SS =0010 00000000 ffffffff 00cf9300 DPL=0 DS   [-WA]
DS =0010 00000000 ffffffff 00cf9300 DPL=0 DS   [-WA]
FS =0010 00000000 ffffffff 00cf9300 DPL=0 DS   [-WA]
GS =0010 00000000 ffffffff 00cf9300 DPL=0 DS   [-WA]
LDT=0000 00000000 0000ffff 00008200 DPL=0 LDT
TR =0000 00000000 0000ffff 00008b00 DPL=0 TSS32-busy
GDT=     001150a0 0000002f
IDT=     00115100 000007ff
CR0=e0000011 CR2=00000000 CR3=00122000 CR4=00000000
DR0=00000000 DR1=00000000 DR2=00000000 DR3=00000000 
DR6=ffff0ff0 DR7=00000400
CCS=00000010 CCD=0011b038 CCO=EFLAGS
EFER=0000000000000000
Servicing hardware INT=0x40
   187: v=40 e=0000 i=0 cpl=0 IP=0008:00102341 pc=00102341 SP=0010:0011b044 env->regs[R_EAX]=00000000
EAX=00000000 EBX=00000001 ECX=00000780 EDX=000003d5
ESI=00000000 EDI=00000000 EBP=00000000 ESP=0011b044
EIP=00102341 EFL=00000212 [----A--] CPL=0 II=0 A20=1 SMM=0 HLT=0
ES =0010 00000000 ffffffff 00cf9300 DPL=0 DS   [-WA]
CS =0008 00000000 ffffffff 00cf9a00 DPL=0 CS32 [-R-]
SS =0010 00000000 ffffffff 00cf9300 DPL=0 DS   [-WA]
DS =0010 00000000 ffffffff 00cf9300 DPL=0 DS   [-WA]
FS =0010 00000000 ffffffff 00cf9300 DPL=0 DS   [-WA]
GS =0010 00000000 ffffffff 00cf9300 DPL=0 DS   [-WA]
LDT=0000 00000000 0000ffff 00008200 DPL=0 LDT
TR =0000 00000000 0000ffff 00008b00 DPL=0 TSS32-busy
GDT=     001150a0 0000002f
IDT=     00115100 000007ff
CR0=e0000011 CR2=00000000 CR3=00122000 CR4=00000000
DR0=00000000 DR1=00000000 DR2=00000000 DR3=00000000 
DR6=ffff0ff0 DR7=00000400
CCS=00000010 CCD=0011b038 CCO=EFLAGS
EFER=0000000000000000
Servicing hardware INT=0x40
   188: v=40 e=0000 i=0 cpl=0 IP=0008:00102341 pc=00102341 SP=0010:0011b044 env->regs[R_EAX]=00000000
EAX=00000000 EBX=00000001 ECX=00000780 EDX=000003d5
ESI=00000000 EDI=00000000 EBP=00000000 ESP=0011b044
EIP=00102341 EFL=00000212 [----A--] CPL=0 II=0 A20=1 SMM=0 HLT=0
ES =0010 00000000 ffffffff 00cf9300 DPL=0 DS   [-WA]
CS =0008 00000000 ffffffff 00cf9a00 DPL=0 CS32 [-R-]
SS =0010 00000000 ffffffff 00cf9300 DPL=0 DS   [-WA]
DS =0010 00000000 ffffffff 00cf9300 DPL=0 DS   [-WA]
FS =0010 00000000 ffffffff 00cf9300 DPL=0 DS   [-WA]
GS =0010 00000000 ffffffff 00cf9300 DPL=0 DS   [-WA]
LDT=0000 00000000 0000ffff 00008200 DPL=0 LDT
TR =0000 00000000 0000ffff 00008b00 DPL=0 TSS32-busy
GDT=     001150a0 0000002f
IDT=     00115100 000007ff
CR0=e0000011 CR2=00000000 CR3=00122000 CR4=00000000
DR0=00000000 DR1=00000000 DR2=00000000 DR3=00000000 
DR6=ffff0ff0 DR7=00000400
CCS=00000010 CCD=0011b038 CCO=EFLAGS
EFER=0000000000000000
Servicing hardware INT=0x40
   189: v=40 e=0000 i=0 cpl=0 IP=0008:00102341 pc=00102341 SP=0010:0011b044 env->regs[R_EAX]=00000000
EAX=00000000 EBX=00000001 ECX=00000780 EDX=000003d5
ESI=00000000 EDI=00000000 EBP=00000000 ESP=0011b044
EIP=00102341 EFL=00000212 [----A--] CPL=0 II=0 A20=1 SMM=0 HLT=0
ES =0010 00000000 ffffffff 00cf9300 DPL=0 DS   [-WA]
CS =0008 00000000 ffffffff 00cf9a00 DPL=0 CS32 [-R-]
SS =0010 00000000 ffffffff 00cf9300 DPL=0 DS   [-WA]
DS =0010 00000000 ffffffff 00cf9300 DPL=0 DS   [-WA]
FS =0010 00000000 ffffffff 00cf9300 DPL=0 DS   [-WA]
GS =0010 00000000 ffffffff 00cf9300 DPL=0 DS   [-WA]
LDT=0000 00000000 0000ffff 00008200 DPL=0 LDT
TR =0000 00000000 0000ffff 00008b00 DPL=0 TSS32-busy
GDT=     001150a0 0000002f
IDT=     00115100 000007ff
CR0=e0000011 CR2=00000000 CR3=00122000 CR4=00000000
DR0=00000000 DR1=00000000 DR2=00000000 DR3=00000000 
DR6=ffff0ff0 DR7=00000400
CCS=00000010 CCD=0011b038 CCO=EFLAGS
EFER=0000000000000000
Servicing hardware INT=0x40
   190: v=40 e=0000 i=0 cpl=0 IP=0008:00102341 pc=00102341 SP=0010:0011b044 env->regs[R_EAX]=00000000
EAX=00000000 EBX=00000001 ECX=00000780 EDX=000003d5
ESI=00000000 EDI=00000000 EBP=00000000 ESP=0011b044
EIP=00102341 EFL=00000212 [----A--] CPL=0 II=0 A20=1 SMM=0 HLT=0
ES =0010 00000000 ffffffff 00cf9300 DPL=0 DS   [-WA]
CS =0008 00000000 ffffffff 00cf9a00 DPL=0 CS32 [-R-]
SS =0010 00000000 ffffffff 00cf9300 DPL=0 DS   [-WA]
DS =0010 00000000 ffffffff 00cf9300 DPL=0 DS   [-WA]
FS =0010 00000000 ffffffff 00cf9300 DPL=0 DS   [-WA]
GS =0010 00000000 ffffffff 00cf9300 DPL=0 DS   [-WA]
LDT=0000 00000000 0000ffff 00008200 DPL=0 LDT
TR =0000 00000000 0000ffff 00008b00 DPL=0 TSS32-busy
GDT=     001150a0 0000002f
IDT=     00115100 000007ff
CR0=e0000011 CR2=00000000 CR3=00122000 CR4=00000000
DR0=00000000 DR1=00000000 DR2=00000000 DR3=00000000 
DR6=ffff0ff0 DR7=00000400
CCS=00000010 CCD=0011b038 CCO=EFLAGS
EFER=0000000000000000
Servicing hardware INT=0x40
   191: v=40 e=0000 i=0 cpl=0 IP=0008:00102341 pc=00102341 SP=0010:0011b044 env->regs[R_EAX]=00000000
EAX=00000000 EBX=00000001 ECX=00000780 EDX=000003d5
ESI=00000000 EDI=00000000 EBP=00000000 ESP=0011b044
EIP=00102341 EFL=00000212 [----A--] CPL=0 II=0 A20=1 SMM=0 HLT=0
ES =0010 00000000 ffffffff 00cf9300 DPL=0 DS   [-WA]
CS =0008 00000000 ffffffff 00cf9a00 DPL=0 CS32 [-R-]
SS =0010 00000000 ffffffff 00cf9300 DPL=0 DS   [-WA]
DS =0010 00000000 ffffffff 00cf9300 DPL=0 DS   [-WA]
FS =0010 00000000 ffffffff 00cf9300 DPL=0 DS   [-WA]
GS =0010 00000000 ffffffff 00cf9300 DPL=0 DS   [-WA]
LDT=0000 00000000 0000ffff 00008200 DPL=0 LDT
TR =0000 00000000 0000ffff 00008b00 DPL=0 TSS32-busy
GDT=     001150a0 0000002f
IDT=     00115100 000007ff
CR0=e0000011 CR2=00000000 CR3=00122000 CR4=00000000
DR0=00000000 DR1=00000000 DR2=00000000 DR3=00000000 
DR6=ffff0ff0 DR7=00000400
CCS=00000010 CCD=0011b038 CCO=EFLAGS
EFER=0000000000000000
Servicing hardware INT=0x40
   192: v=40 e=0000 i=0 cpl=0 IP=0008:00102341 pc=00102341 SP=0010:0011b044 env->regs[R_EAX]=00000000
EAX=00000000 EBX=00000001 ECX=00000780 EDX=000003d5
ESI=00000000 EDI=00000000 EBP=00000000 ESP=0011b044
EIP=00102341 EFL=00000212 [----A--] CPL=0 II=0 A20=1 SMM=0 HLT=0
ES =0010 00000000 ffffffff 00cf9300 DPL=0 DS   [-WA]
CS =0008 00000000 ffffffff 00cf9a00 DPL=0 CS32 [-R-]
SS =0010 00000000 ffffffff 00cf9300 DPL=0 DS   [-WA]
DS =0010 00000000 ffffffff 00cf9300 DPL=0 DS   [-WA]
FS =0010 00000000 ffffffff 00cf9300 DPL=0 DS   [-WA]
GS =0010 00000000 ffffffff 00cf9300 DPL=0 DS   [-WA]
LDT=0000 00000000 0000ffff 00008200 DPL=0 LDT
TR =0000 00000000 0000ffff 00008b00 DPL=0 TSS32-busy
GDT=     001150a0 0000002f
IDT=     00115100 000007ff
CR0=e0000011 CR2=00000000 CR3=00122000 CR4=00000000
DR0=00000000 DR1=00000000 DR2=00000000 DR3=00000000 
DR6=ffff0ff0 DR7=00000400
CCS=00000010 CCD=0011b038 CCO=EFLAGS
EFER=0000000000000000
Servicing hardware INT=0x40
   193: v=40 e=0000 i=0 cpl=0 IP=0008:00102341 pc=00102341 SP=0010:0011b044 env->regs[R_EAX]=00000000
EAX=00000000 EBX=00000001 ECX=00000780 EDX=000003d5
ESI=00000000 EDI=00000000 EBP=00000000 ESP=0011b044
EIP=00102341 EFL=00000212 [----A--] CPL=0 II=0 A20=1 SMM=0 HLT=0
ES =0010 00000000 ffffffff 00cf9300 DPL=0 DS   [-WA]
CS =0008 00000000 ffffffff 00cf9a00 DPL=0 CS32 [-R-]
SS =0010 00000000 ffffffff 00cf9300 DPL=0 DS   [-WA]
DS =0010 00000000 ffffffff 00cf9300 DPL=0 DS   [-WA]
FS =0010 00000000 ffffffff 00cf9300 DPL=0 DS   [-WA]
GS =0010 00000000 ffffffff 00cf9300 DPL=0 DS   [-WA]
LDT=0000 00000000 0000ffff 00008200 DPL=0 LDT
TR =0000 00000000 0000ffff 00008b00 DPL=0 TSS32-busy
GDT=     001150a0 0000002f
IDT=     00115100 000007ff
CR0=e0000011 CR2=00000000 CR3=00122000 CR4=00000000
DR0=00000000 DR1=00000000 DR2=00000000 DR3=00000000 
DR6=ffff0ff0 DR7=00000400
CCS=00000010 CCD=0011b038 CCO=EFLAGS
EFER=0000000000000000
Servicing hardware INT=0x40
   194: v=40 e=0000 i=0 cpl=0 IP=0008:00102341 pc=00102341 SP=0010:0011b044 env->regs[R_EAX]=00000000
EAX=00000000 EBX=00000001 ECX=00000780 EDX=000003d5
ESI=00000000 EDI=00000000 EBP=00000000 ESP=0011b044
EIP=00102341 EFL=00000212 [----A--] CPL=0 II=0 A20=1 SMM=0 HLT=0
ES =0010 00000000 ffffffff 00cf9300 DPL=0 DS   [-WA]
CS =0008 00000000 ffffffff 00cf9a00 DPL=0 CS32 [-R-]
SS =0010 00000000 ffffffff 00cf9300 DPL=0 DS   [-WA]
DS =0010 00000000 ffffffff 00cf9300 DPL=0 DS   [-WA]
FS =0010 00000000 ffffffff 00cf9300 DPL=0 DS   [-WA]
GS =0010 00000000 ffffffff 00cf9300 DPL=0 DS   [-WA]
LDT=0000 00000000 0000ffff 00008200 DPL=0 LDT
TR =0000 00000000 0000ffff 00008b00 DPL=0 TSS32-busy
GDT=     001150a0 0000002f
IDT=     00115100 000007ff
CR0=e0000011 CR2=00000000 CR3=00122000 CR4=00000000
DR0=00000000 DR1=00000000 DR2=00000000 DR3=00000000 
DR6=ffff0ff0 DR7=00000400
CCS=00000010 CCD=0011b038 CCO=EFLAGS
EFER=0000000000000000
Servicing hardware INT=0x40
   195: v=40 e=0000 i=0 cpl=0 IP=0008:00102341 pc=00102341 SP=0010:0011b044 env->regs[R_EAX]=00000000
EAX=00000000 EBX=00000001 ECX=00000780 EDX=000003d5
ESI=00000000 EDI=00000000 EBP=00000000 ESP=0011b044
EIP=00102341 EFL=00000212 [----A--] CPL=0 II=0 A20=1 SMM=0 HLT=0
ES =0010 00000000 ffffffff 00cf9300 DPL=0 DS   [-WA]
CS =0008 00000000 ffffffff 00cf9a00 DPL=0 CS32 [-R-]
SS =0010 00000000 ffffffff 00cf9300 DPL=0 DS   [-WA]
DS =0010 00000000 ffffffff 00cf9300 DPL=0 DS   [-WA]
FS =0010 00000000 ffffffff 00cf9300 DPL=0 DS   [-WA]
GS =0010 00000000 ffffffff 00cf9300 DPL=0 DS   [-WA]
LDT=0000 00000000 0000ffff 00008200 DPL=0 LDT
TR =0000 00000000 0000ffff 00008b00 DPL=0 TSS32-busy
GDT=     001150a0 0000002f
IDT=     00115100 000007ff
CR0=e0000011 CR2=00000000 CR3=00122000 CR4=00000000
DR0=00000000 DR1=00000000 DR2=00000000 DR3=00000000 
DR6=ffff0ff0 DR7=00000400
CCS=00000010 CCD=0011b038 CCO=EFLAGS
EFER=0000000000000000
Servicing hardware INT=0x40
   196: v=40 e=0000 i=0 cpl=0 IP=0008:00102341 pc=00102341 SP=0010:0011b044 env->regs[R_EAX]=00000000
EAX=00000000 EBX=00000001 ECX=00000780 EDX=000003d5
ESI=00000000 EDI=00000000 EBP=00000000 ESP=0011b044
EIP=00102341 EFL=00000212 [----A--] CPL=0 II=0 A20=1 SMM=0 HLT=0
ES =0010 00000000 ffffffff 00cf9300 DPL=0 DS   [-WA]
CS =0008 00000000 ffffffff 00cf9a00 DPL=0 CS32 [-R-]
SS =0010 00000000 ffffffff 00cf9300 DPL=0 DS   [-WA]
DS =0010 00000000 ffffffff 00cf9300 DPL=0 DS   [-WA]
FS =0010 00000000 ffffffff 00cf9300 DPL=0 DS   [-WA]
GS =0010 00000000 ffffffff 00cf9300 DPL=0 DS   [-WA]
LDT=0000 00000000 0000ffff 00008200 DPL=0 LDT
TR =0000 00000000 0000ffff 00008b00 DPL=0 TSS32-busy
GDT=     001150a0 0000002f
IDT=     00115100 000007ff
CR0=e0000011 CR2=00000000 CR3=00122000 CR4=00000000
DR0=00000000 DR1=00000000 DR2=00000000 DR3=00000000 
DR6=ffff0ff0 DR7=00000400
CCS=00000010 CCD=0011b038 CCO=EFLAGS
EFER=0000000000000000
Servicing hardware INT=0x40
   197: v=40 e=0000 i=0 cpl=0 IP=0008:00102341 pc=00102341 SP=0010:0011b044 env->regs[R_EAX]=00000000
EAX=00000000 EBX=00000001 ECX=00000780 EDX=000003d5
ESI=00000000 EDI=00000000 EBP=00000000 ESP=0011b044
EIP=00102341 EFL=00000212 [----A--] CPL=0 II=0 A20=1 SMM=0 HLT=0
ES =0010 00000000 ffffffff 00cf9300 DPL=0 DS   [-WA]
CS =0008 00000000 ffffffff 00cf9a00 DPL=0 CS32 [-R-]
SS =0010 00000000 ffffffff 00cf9300 DPL=0 DS   [-WA]
DS =0010 00000000 ffffffff 00cf9300 DPL=0 DS   [-WA]
FS =0010 00000000 ffffffff 00cf9300 DPL=0 DS   [-WA]
GS =0010 00000000 ffffffff 00cf9300 DPL=0 DS   [-WA]
LDT=0000 00000000 0000ffff 00008200 DPL=0 LDT
TR =0000 00000000 0000ffff 00008b00 DPL=0 TSS32-busy
GDT=     001150a0 0000002f
IDT=     00115100 000007ff
CR0=e0000011 CR2=00000000 CR3=00122000 CR4=00000000
DR0=00000000 DR1=00000000 DR2=00000000 DR3=00000000 
DR6=ffff0ff0 DR7=00000400
CCS=00000010 CCD=0011b038 CCO=EFLAGS
EFER=0000000000000000
Servicing hardware INT=0x40
   198: v=40 e=0000 i=0 cpl=0 IP=0008:00102341 pc=00102341 SP=0010:0011b044 env->regs[R_EAX]=00000000
EAX=00000000 EBX=00000001 ECX=00000780 EDX=000003d5
ESI=00000000 EDI=00000000 EBP=00000000 ESP=0011b044
EIP=00102341 EFL=00000212 [----A--] CPL=0 II=0 A20=1 SMM=0 HLT=0
ES =0010 00000000 ffffffff 00cf9300 DPL=0 DS   [-WA]
CS =0008 00000000 ffffffff 00cf9a00 DPL=0 CS32 [-R-]
SS =0010 00000000 ffffffff 00cf9300 DPL=0 DS   [-WA]
DS =0010 00000000 ffffffff 00cf9300 DPL=0 DS   [-WA]
FS =0010 00000000 ffffffff 00cf9300 DPL=0 DS   [-WA]
GS =0010 00000000 ffffffff 00cf9300 DPL=0 DS   [-WA]
LDT=0000 00000000 0000ffff 00008200 DPL=0 LDT
TR =0000 00000000 0000ffff 00008b00 DPL=0 TSS32-busy
GDT=     001150a0 0000002f
IDT=     00115100 000007ff
CR0=e0000011 CR2=00000000 CR3=00122000 CR4=00000000
DR0=00000000 DR1=00000000 DR2=00000000 DR3=00000000 
DR6=ffff0ff0 DR7=00000400
CCS=00000010 CCD=0011b038 CCO=EFLAGS
EFER=0000000000000000
Servicing hardware INT=0x40
   199: v=40 e=0000 i=0 cpl=0 IP=0008:00102341 pc=00102341 SP=0010:0011b044 env->regs[R_EAX]=00000000
EAX=00000000 EBX=00000001 ECX=00000780 EDX=000003d5
ESI=00000000 EDI=00000000 EBP=00000000 ESP=0011b044
EIP=00102341 EFL=00000212 [----A--] CPL=0 II=0 A20=1 SMM=0 HLT=0
ES =0010 00000000 ffffffff 00cf9300 DPL=0 DS   [-WA]
CS =0008 00000000 ffffffff 00cf9a00 DPL=0 CS32 [-R-]
SS =0010 00000000 ffffffff 00cf9300 DPL=0 DS   [-WA]
DS =0010 00000000 ffffffff 00cf9300 DPL=0 DS   [-WA]
FS =0010 00000000 ffffffff 00cf9300 DPL=0 DS   [-WA]
GS =0010 00000000 ffffffff 00cf9300 DPL=0 DS   [-WA]
LDT=0000 00000000 0000ffff 00008200 DPL=0 LDT
TR =0000 00000000 0000ffff 00008b00 DPL=0 TSS32-busy
GDT=     001150a0 0000002f
IDT=     00115100 000007ff
CR0=e0000011 CR2=00000000 CR3=00122000 CR4=00000000
DR0=00000000 DR1=00000000 DR2=00000000 DR3=00000000 
DR6=ffff0ff0 DR7=00000400
CCS=00000010 CCD=0011b038 CCO=EFLAGS
EFER=0000000000000000
Servicing hardware INT=0x40
   200: v=40 e=0000 i=0 cpl=0 IP=0008:00102341 pc=00102341 SP=0010:0011b044 env->regs[R_EAX]=00000000
EAX=00000000 EBX=00000001 ECX=00000780 EDX=000003d5
ESI=00000000 EDI=00000000 EBP=00000000 ESP=0011b044
EIP=00102341 EFL=00000212 [----A--] CPL=0 II=0 A20=1 SMM=0 HLT=0
ES =0010 00000000 ffffffff 00cf9300 DPL=0 DS   [-WA]
CS =0008 00000000 ffffffff 00cf9a00 DPL=0 CS32 [-R-]
SS =0010 00000000 ffffffff 00cf9300 DPL=0 DS   [-WA]
DS =0010 00000000 ffffffff 00cf9300 DPL=0 DS   [-WA]
FS =0010 00000000 ffffffff 00cf9300 DPL=0 DS   [-WA]
GS =0010 00000000 ffffffff 00cf9300 DPL=0 DS   [-WA]
LDT=0000 00000000 0000ffff 00008200 DPL=0 LDT
TR =0000 00000000 0000ffff 00008b00 DPL=0 TSS32-busy
GDT=     001150a0 0000002f
IDT=     00115100 000007ff
CR0=e0000011 CR2=00000000 CR3=00122000 CR4=00000000
DR0=00000000 DR1=00000000 DR2=00000000 DR3=00000000 
DR6=ffff0ff0 DR7=00000400
CCS=00000010 CCD=0011b038 CCO=EFLAGS
EFER=0000000000000000
Servicing hardware INT=0x40
   201: v=40 e=0000 i=0 cpl=0 IP=0008:00102341 pc=00102341 SP=0010:0011b044 env->regs[R_EAX]=00000000
EAX=00000000 EBX=00000001 ECX=00000780 EDX=000003d5
ESI=00000000 EDI=00000000 EBP=00000000 ESP=0011b044
EIP=00102341 EFL=00000212 [----A--] CPL=0 II=0 A20=1 SMM=0 HLT=0
ES =0010 00000000 ffffffff 00cf9300 DPL=0 DS   [-WA]
CS =0008 00000000 ffffffff 00cf9a00 DPL=0 CS32 [-R-]
SS =0010 00000000 ffffffff 00cf9300 DPL=0 DS   [-WA]
DS =0010 00000000 ffffffff 00cf9300 DPL=0 DS   [-WA]
FS =0010 00000000 ffffffff 00cf9300 DPL=0 DS   [-WA]
GS =0010 00000000 ffffffff 00cf9300 DPL=0 DS   [-WA]
LDT=0000 00000000 0000ffff 00008200 DPL=0 LDT
TR =0000 00000000 0000ffff 00008b00 DPL=0 TSS32-busy
GDT=     001150a0 0000002f
IDT=     00115100 000007ff
CR0=e0000011 CR2=00000000 CR3=00122000 CR4=00000000
DR0=00000000 DR1=00000000 DR2=00000000 DR3=00000000 
DR6=ffff0ff0 DR7=00000400
CCS=00000010 CCD=0011b038 CCO=EFLAGS
EFER=0000000000000000
Servicing hardware INT=0x40
   202: v=40 e=0000 i=0 cpl=0 IP=0008:00102341 pc=00102341 SP=0010:0011b044 env->regs[R_EAX]=00000000
EAX=00000000 EBX=00000001 ECX=00000780 EDX=000003d5
ESI=00000000 EDI=00000000 EBP=00000000 ESP=0011b044
EIP=00102341 EFL=00000212 [----A--] CPL=0 II=0 A20=1 SMM=0 HLT=0
ES =0010 00000000 ffffffff 00cf9300 DPL=0 DS   [-WA]
CS =0008 00000000 ffffffff 00cf9a00 DPL=0 CS32 [-R-]
SS =0010 00000000 ffffffff 00cf9300 DPL=0 DS   [-WA]
DS =0010 00000000 ffffffff 00cf9300 DPL=0 DS   [-WA]
FS =0010 00000000 ffffffff 00cf9300 DPL=0 DS   [-WA]
GS =0010 00000000 ffffffff 00cf9300 DPL=0 DS   [-WA]
LDT=0000 00000000 0000ffff 00008200 DPL=0 LDT
TR =0000 00000000 0000ffff 00008b00 DPL=0 TSS32-busy
GDT=     001150a0 0000002f
IDT=     00115100 000007ff
CR0=e0000011 CR2=00000000 CR3=00122000 CR4=00000000
DR0=00000000 DR1=00000000 DR2=00000000 DR3=00000000 
DR6=ffff0ff0 DR7=00000400
CCS=00000010 CCD=0011b038 CCO=EFLAGS
EFER=0000000000000000
Servicing hardware INT=0x40
   203: v=40 e=0000 i=0 cpl=0 IP=0008:00102341 pc=00102341 SP=0010:0011b044 env->regs[R_EAX]=00000000
EAX=00000000 EBX=00000001 ECX=00000780 EDX=000003d5
ESI=00000000 EDI=00000000 EBP=00000000 ESP=0011b044
EIP=00102341 EFL=00000212 [----A--] CPL=0 II=0 A20=1 SMM=0 HLT=0
ES =0010 00000000 ffffffff 00cf9300 DPL=0 DS   [-WA]
CS =0008 00000000 ffffffff 00cf9a00 DPL=0 CS32 [-R-]
SS =0010 00000000 ffffffff 00cf9300 DPL=0 DS   [-WA]
DS =0010 00000000 ffffffff 00cf9300 DPL=0 DS   [-WA]
FS =0010 00000000 ffffffff 00cf9300 DPL=0 DS   [-WA]
GS =0010 00000000 ffffffff 00cf9300 DPL=0 DS   [-WA]
LDT=0000 00000000 0000ffff 00008200 DPL=0 LDT
TR =0000 00000000 0000ffff 00008b00 DPL=0 TSS32-busy
GDT=     001150a0 0000002f
IDT=     00115100 000007ff
CR0=e0000011 CR2=00000000 CR3=00122000 CR4=00000000
DR0=00000000 DR1=00000000 DR2=00000000 DR3=00000000 
DR6=ffff0ff0 DR7=00000400
CCS=00000010 CCD=0011b038 CCO=EFLAGS
EFER=0000000000000000
Servicing hardware INT=0x40
   204: v=40 e=0000 i=0 cpl=0 IP=0008:00102341 pc=00102341 SP=0010:0011b044 env->regs[R_EAX]=00000000
EAX=00000000 EBX=00000001 ECX=00000780 EDX=000003d5
ESI=00000000 EDI=00000000 EBP=00000000 ESP=0011b044
EIP=00102341 EFL=00000212 [----A--] CPL=0 II=0 A20=1 SMM=0 HLT=0
ES =0010 00000000 ffffffff 00cf9300 DPL=0 DS   [-WA]
CS =0008 00000000 ffffffff 00cf9a00 DPL=0 CS32 [-R-]
SS =0010 00000000 ffffffff 00cf9300 DPL=0 DS   [-WA]
DS =0010 00000000 ffffffff 00cf9300 DPL=0 DS   [-WA]
FS =0010 00000000 ffffffff 00cf9300 DPL=0 DS   [-WA]
GS =0010 00000000 ffffffff 00cf9300 DPL=0 DS   [-WA]
LDT=0000 00000000 0000ffff 00008200 DPL=0 LDT
TR =0000 00000000 0000ffff 00008b00 DPL=0 TSS32-busy
GDT=     001150a0 0000002f
IDT=     00115100 000007ff
CR0=e0000011 CR2=00000000 CR3=00122000 CR4=00000000
DR0=00000000 DR1=00000000 DR2=00000000 DR3=00000000 
DR6=ffff0ff0 DR7=00000400
CCS=00000010 CCD=0011b038 CCO=EFLAGS
EFER=0000000000000000
Servicing hardware INT=0x40
   205: v=40 e=0000 i=0 cpl=0 IP=0008:00102341 pc=00102341 SP=0010:0011b044 env->regs[R_EAX]=00000000
EAX=00000000 EBX=00000001 ECX=00000780 EDX=000003d5
ESI=00000000 EDI=00000000 EBP=00000000 ESP=0011b044
EIP=00102341 EFL=00000212 [----A--] CPL=0 II=0 A20=1 SMM=0 HLT=0
ES =0010 00000000 ffffffff 00cf9300 DPL=0 DS   [-WA]
CS =0008 00000000 ffffffff 00cf9a00 DPL=0 CS32 [-R-]
SS =0010 00000000 ffffffff 00cf9300 DPL=0 DS   [-WA]
DS =0010 00000000 ffffffff 00cf9300 DPL=0 DS   [-WA]
FS =0010 00000000 ffffffff 00cf9300 DPL=0 DS   [-WA]
GS =0010 00000000 ffffffff 00cf9300 DPL=0 DS   [-WA]
LDT=0000 00000000 0000ffff 00008200 DPL=0 LDT
TR =0000 00000000 0000ffff 00008b00 DPL=0 TSS32-busy
GDT=     001150a0 0000002f
IDT=     00115100 000007ff
CR0=e0000011 CR2=00000000 CR3=00122000 CR4=00000000
DR0=00000000 DR1=00000000 DR2=00000000 DR3=00000000 
DR6=ffff0ff0 DR7=00000400
CCS=00000010 CCD=0011b038 CCO=EFLAGS
EFER=0000000000000000
Servicing hardware INT=0x40
   206: v=40 e=0000 i=0 cpl=0 IP=0008:00102341 pc=00102341 SP=0010:0011b044 env->regs[R_EAX]=00000000
EAX=00000000 EBX=00000001 ECX=00000780 EDX=000003d5
ESI=00000000 EDI=00000000 EBP=00000000 ESP=0011b044
EIP=00102341 EFL=00000212 [----A--] CPL=0 II=0 A20=1 SMM=0 HLT=0
ES =0010 00000000 ffffffff 00cf9300 DPL=0 DS   [-WA]
CS =0008 00000000 ffffffff 00cf9a00 DPL=0 CS32 [-R-]
SS =0010 00000000 ffffffff 00cf9300 DPL=0 DS   [-WA]
DS =0010 00000000 ffffffff 00cf9300 DPL=0 DS   [-WA]
FS =0010 00000000 ffffffff 00cf9300 DPL=0 DS   [-WA]
GS =0010 00000000 ffffffff 00cf9300 DPL=0 DS   [-WA]
LDT=0000 00000000 0000ffff 00008200 DPL=0 LDT
TR =0000 00000000 0000ffff 00008b00 DPL=0 TSS32-busy
GDT=     001150a0 0000002f
IDT=     00115100 000007ff
CR0=e0000011 CR2=00000000 CR3=00122000 CR4=00000000
DR0=00000000 DR1=00000000 DR2=00000000 DR3=00000000 
DR6=ffff0ff0 DR7=00000400
CCS=00000010 CCD=0011b038 CCO=EFLAGS
EFER=0000000000000000
Servicing hardware INT=0x40
   207: v=40 e=0000 i=0 cpl=0 IP=0008:00102341 pc=00102341 SP=0010:0011b044 env->regs[R_EAX]=00000000
EAX=00000000 EBX=00000001 ECX=00000780 EDX=000003d5
ESI=00000000 EDI=00000000 EBP=00000000 ESP=0011b044
EIP=00102341 EFL=00000212 [----A--] CPL=0 II=0 A20=1 SMM=0 HLT=0
ES =0010 00000000 ffffffff 00cf9300 DPL=0 DS   [-WA]
CS =0008 00000000 ffffffff 00cf9a00 DPL=0 CS32 [-R-]
SS =0010 00000000 ffffffff 00cf9300 DPL=0 DS   [-WA]
DS =0010 00000000 ffffffff 00cf9300 DPL=0 DS   [-WA]
FS =0010 00000000 ffffffff 00cf9300 DPL=0 DS   [-WA]
GS =0010 00000000 ffffffff 00cf9300 DPL=0 DS   [-WA]
LDT=0000 00000000 0000ffff 00008200 DPL=0 LDT
TR =0000 00000000 0000ffff 00008b00 DPL=0 TSS32-busy
GDT=     001150a0 0000002f
IDT=     00115100 000007ff
CR0=e0000011 CR2=00000000 CR3=00122000 CR4=00000000
DR0=00000000 DR1=00000000 DR2=00000000 DR3=00000000 
DR6=ffff0ff0 DR7=00000400
CCS=00000010 CCD=0011b038 CCO=EFLAGS
EFER=0000000000000000
Servicing hardware INT=0x40
   208: v=40 e=0000 i=0 cpl=0 IP=0008:00102341 pc=00102341 SP=0010:0011b044 env->regs[R_EAX]=00000000
EAX=00000000 EBX=00000001 ECX=00000780 EDX=000003d5
ESI=00000000 EDI=00000000 EBP=00000000 ESP=0011b044
EIP=00102341 EFL=00000212 [----A--] CPL=0 II=0 A20=1 SMM=0 HLT=0
ES =0010 00000000 ffffffff 00cf9300 DPL=0 DS   [-WA]
CS =0008 00000000 ffffffff 00cf9a00 DPL=0 CS32 [-R-]
SS =0010 00000000 ffffffff 00cf9300 DPL=0 DS   [-WA]
DS =0010 00000000 ffffffff 00cf9300 DPL=0 DS   [-WA]
FS =0010 00000000 ffffffff 00cf9300 DPL=0 DS   [-WA]
GS =0010 00000000 ffffffff 00cf9300 DPL=0 DS   [-WA]
LDT=0000 00000000 0000ffff 00008200 DPL=0 LDT
TR =0000 00000000 0000ffff 00008b00 DPL=0 TSS32-busy
GDT=     001150a0 0000002f
IDT=     00115100 000007ff
CR0=e0000011 CR2=00000000 CR3=00122000 CR4=00000000
DR0=00000000 DR1=00000000 DR2=00000000 DR3=00000000 
DR6=ffff0ff0 DR7=00000400
CCS=00000010 CCD=0011b038 CCO=EFLAGS
EFER=0000000000000000
Servicing hardware INT=0x40
   209: v=40 e=0000 i=0 cpl=0 IP=0008:00102341 pc=00102341 SP=0010:0011b044 env->regs[R_EAX]=00000000
EAX=00000000 EBX=00000001 ECX=00000780 EDX=000003d5
ESI=00000000 EDI=00000000 EBP=00000000 ESP=0011b044
EIP=00102341 EFL=00000212 [----A--] CPL=0 II=0 A20=1 SMM=0 HLT=0
ES =0010 00000000 ffffffff 00cf9300 DPL=0 DS   [-WA]
CS =0008 00000000 ffffffff 00cf9a00 DPL=0 CS32 [-R-]
SS =0010 00000000 ffffffff 00cf9300 DPL=0 DS   [-WA]
DS =0010 00000000 ffffffff 00cf9300 DPL=0 DS   [-WA]
FS =0010 00000000 ffffffff 00cf9300 DPL=0 DS   [-WA]
GS =0010 00000000 ffffffff 00cf9300 DPL=0 DS   [-WA]
LDT=0000 00000000 0000ffff 00008200 DPL=0 LDT
TR =0000 00000000 0000ffff 00008b00 DPL=0 TSS32-busy
GDT=     001150a0 0000002f
IDT=     00115100 000007ff
CR0=e0000011 CR2=00000000 CR3=00122000 CR4=00000000
DR0=00000000 DR1=00000000 DR2=00000000 DR3=00000000 
DR6=ffff0ff0 DR7=00000400
CCS=00000010 CCD=0011b038 CCO=EFLAGS
EFER=0000000000000000
Servicing hardware INT=0x40
   210: v=40 e=0000 i=0 cpl=0 IP=0008:00102341 pc=00102341 SP=0010:0011b044 env->regs[R_EAX]=00000000
EAX=00000000 EBX=00000001 ECX=00000780 EDX=000003d5
ESI=00000000 EDI=00000000 EBP=00000000 ESP=0011b044
EIP=00102341 EFL=00000212 [----A--] CPL=0 II=0 A20=1 SMM=0 HLT=0
ES =0010 00000000 ffffffff 00cf9300 DPL=0 DS   [-WA]
CS =0008 00000000 ffffffff 00cf9a00 DPL=0 CS32 [-R-]
SS =0010 00000000 ffffffff 00cf9300 DPL=0 DS   [-WA]
DS =0010 00000000 ffffffff 00cf9300 DPL=0 DS   [-WA]
FS =0010 00000000 ffffffff 00cf9300 DPL=0 DS   [-WA]
GS =0010 00000000 ffffffff 00cf9300 DPL=0 DS   [-WA]
LDT=0000 00000000 0000ffff 00008200 DPL=0 LDT
TR =0000 00000000 0000ffff 00008b00 DPL=0 TSS32-busy
GDT=     001150a0 0000002f
IDT=     00115100 000007ff
CR0=e0000011 CR2=00000000 CR3=00122000 CR4=00000000
DR0=00000000 DR1=00000000 DR2=00000000 DR3=00000000 
DR6=ffff0ff0 DR7=00000400
CCS=00000010 CCD=0011b038 CCO=EFLAGS
EFER=0000000000000000
Servicing hardware INT=0x40
   211: v=40 e=0000 i=0 cpl=0 IP=0008:00102341 pc=00102341 SP=0010:0011b044 env->regs[R_EAX]=00000000
EAX=00000000 EBX=00000001 ECX=00000780 EDX=000003d5
ESI=00000000 EDI=00000000 EBP=00000000 ESP=0011b044
EIP=00102341 EFL=00000212 [----A--] CPL=0 II=0 A20=1 SMM=0 HLT=0
ES =0010 00000000 ffffffff 00cf9300 DPL=0 DS   [-WA]
CS =0008 00000000 ffffffff 00cf9a00 DPL=0 CS32 [-R-]
SS =0010 00000000 ffffffff 00cf9300 DPL=0 DS   [-WA]
DS =0010 00000000 ffffffff 00cf9300 DPL=0 DS   [-WA]
FS =0010 00000000 ffffffff 00cf9300 DPL=0 DS   [-WA]
GS =0010 00000000 ffffffff 00cf9300 DPL=0 DS   [-WA]
LDT=0000 00000000 0000ffff 00008200 DPL=0 LDT
TR =0000 00000000 0000ffff 00008b00 DPL=0 TSS32-busy
GDT=     001150a0 0000002f
IDT=     00115100 000007ff
CR0=e0000011 CR2=00000000 CR3=00122000 CR4=00000000
DR0=00000000 DR1=00000000 DR2=00000000 DR3=00000000 
DR6=ffff0ff0 DR7=00000400
CCS=00000010 CCD=0011b038 CCO=EFLAGS
EFER=0000000000000000
Servicing hardware INT=0x40
   212: v=40 e=0000 i=0 cpl=0 IP=0008:00102341 pc=00102341 SP=0010:0011b044 env->regs[R_EAX]=00000000
EAX=00000000 EBX=00000001 ECX=00000780 EDX=000003d5
ESI=00000000 EDI=00000000 EBP=00000000 ESP=0011b044
EIP=00102341 EFL=00000212 [----A--] CPL=0 II=0 A20=1 SMM=0 HLT=0
ES =0010 00000000 ffffffff 00cf9300 DPL=0 DS   [-WA]
CS =0008 00000000 ffffffff 00cf9a00 DPL=0 CS32 [-R-]
SS =0010 00000000 ffffffff 00cf9300 DPL=0 DS   [-WA]
DS =0010 00000000 ffffffff 00cf9300 DPL=0 DS   [-WA]
FS =0010 00000000 ffffffff 00cf9300 DPL=0 DS   [-WA]
GS =0010 00000000 ffffffff 00cf9300 DPL=0 DS   [-WA]
LDT=0000 00000000 0000ffff 00008200 DPL=0 LDT
TR =0000 00000000 0000ffff 00008b00 DPL=0 TSS32-busy
GDT=     001150a0 0000002f
IDT=     00115100 000007ff
CR0=e0000011 CR2=00000000 CR3=00122000 CR4=00000000
DR0=00000000 DR1=00000000 DR2=00000000 DR3=00000000 
DR6=ffff0ff0 DR7=00000400
CCS=00000010 CCD=0011b038 CCO=EFLAGS
EFER=0000000000000000
Servicing hardware INT=0x40
   213: v=40 e=0000 i=0 cpl=0 IP=0008:00102341 pc=00102341 SP=0010:0011b044 env->regs[R_EAX]=00000000
EAX=00000000 EBX=00000001 ECX=00000780 EDX=000003d5
ESI=00000000 EDI=00000000 EBP=00000000 ESP=0011b044
EIP=00102341 EFL=00000212 [----A--] CPL=0 II=0 A20=1 SMM=0 HLT=0
ES =0010 00000000 ffffffff 00cf9300 DPL=0 DS   [-WA]
CS =0008 00000000 ffffffff 00cf9a00 DPL=0 CS32 [-R-]
SS =0010 00000000 ffffffff 00cf9300 DPL=0 DS   [-WA]
DS =0010 00000000 ffffffff 00cf9300 DPL=0 DS   [-WA]
FS =0010 00000000 ffffffff 00cf9300 DPL=0 DS   [-WA]
GS =0010 00000000 ffffffff 00cf9300 DPL=0 DS   [-WA]
LDT=0000 00000000 0000ffff 00008200 DPL=0 LDT
TR =0000 00000000 0000ffff 00008b00 DPL=0 TSS32-busy
GDT=     001150a0 0000002f
IDT=     00115100 000007ff
CR0=e0000011 CR2=00000000 CR3=00122000 CR4=00000000
DR0=00000000 DR1=00000000 DR2=00000000 DR3=00000000 
DR6=ffff0ff0 DR7=00000400
CCS=00000010 CCD=0011b038 CCO=EFLAGS
EFER=0000000000000000
Servicing hardware INT=0x40
   214: v=40 e=0000 i=0 cpl=0 IP=0008:00102341 pc=00102341 SP=0010:0011b044 env->regs[R_EAX]=00000000
EAX=00000000 EBX=00000001 ECX=00000780 EDX=000003d5
ESI=00000000 EDI=00000000 EBP=00000000 ESP=0011b044
EIP=00102341 EFL=00000212 [----A--] CPL=0 II=0 A20=1 SMM=0 HLT=0
ES =0010 00000000 ffffffff 00cf9300 DPL=0 DS   [-WA]
CS =0008 00000000 ffffffff 00cf9a00 DPL=0 CS32 [-R-]
SS =0010 00000000 ffffffff 00cf9300 DPL=0 DS   [-WA]
DS =0010 00000000 ffffffff 00cf9300 DPL=0 DS   [-WA]
FS =0010 00000000 ffffffff 00cf9300 DPL=0 DS   [-WA]
GS =0010 00000000 ffffffff 00cf9300 DPL=0 DS   [-WA]
LDT=0000 00000000 0000ffff 00008200 DPL=0 LDT
TR =0000 00000000 0000ffff 00008b00 DPL=0 TSS32-busy
GDT=     001150a0 0000002f
IDT=     00115100 000007ff
CR0=e0000011 CR2=00000000 CR3=00122000 CR4=00000000
DR0=00000000 DR1=00000000 DR2=00000000 DR3=00000000 
DR6=ffff0ff0 DR7=00000400
CCS=00000010 CCD=0011b038 CCO=EFLAGS
EFER=0000000000000000
Servicing hardware INT=0x40
   215: v=40 e=0000 i=0 cpl=0 IP=0008:00102341 pc=00102341 SP=0010:0011b044 env->regs[R_EAX]=00000000
EAX=00000000 EBX=00000001 ECX=00000780 EDX=000003d5
ESI=00000000 EDI=00000000 EBP=00000000 ESP=0011b044
EIP=00102341 EFL=00000212 [----A--] CPL=0 II=0 A20=1 SMM=0 HLT=0
ES =0010 00000000 ffffffff 00cf9300 DPL=0 DS   [-WA]
CS =0008 00000000 ffffffff 00cf9a00 DPL=0 CS32 [-R-]
SS =0010 00000000 ffffffff 00cf9300 DPL=0 DS   [-WA]
DS =0010 00000000 ffffffff 00cf9300 DPL=0 DS   [-WA]
FS =0010 00000000 ffffffff 00cf9300 DPL=0 DS   [-WA]
GS =0010 00000000 ffffffff 00cf9300 DPL=0 DS   [-WA]
LDT=0000 00000000 0000ffff 00008200 DPL=0 LDT
TR =0000 00000000 0000ffff 00008b00 DPL=0 TSS32-busy
GDT=     001150a0 0000002f
IDT=     00115100 000007ff
CR0=e0000011 CR2=00000000 CR3=00122000 CR4=00000000
DR0=00000000 DR1=00000000 DR2=00000000 DR3=00000000 
DR6=ffff0ff0 DR7=00000400
CCS=00000010 CCD=0011b038 CCO=EFLAGS
EFER=0000000000000000
Servicing hardware INT=0x40
   216: v=40 e=0000 i=0 cpl=0 IP=0008:00102341 pc=00102341 SP=0010:0011b044 env->regs[R_EAX]=00000000
EAX=00000000 EBX=00000001 ECX=00000780 EDX=000003d5
ESI=00000000 EDI=00000000 EBP=00000000 ESP=0011b044
EIP=00102341 EFL=00000212 [----A--] CPL=0 II=0 A20=1 SMM=0 HLT=0
ES =0010 00000000 ffffffff 00cf9300 DPL=0 DS   [-WA]
CS =0008 00000000 ffffffff 00cf9a00 DPL=0 CS32 [-R-]
SS =0010 00000000 ffffffff 00cf9300 DPL=0 DS   [-WA]
DS =0010 00000000 ffffffff 00cf9300 DPL=0 DS   [-WA]
FS =0010 00000000 ffffffff 00cf9300 DPL=0 DS   [-WA]
GS =0010 00000000 ffffffff 00cf9300 DPL=0 DS   [-WA]
LDT=0000 00000000 0000ffff 00008200 DPL=0 LDT
TR =0000 00000000 0000ffff 00008b00 DPL=0 TSS32-busy
GDT=     001150a0 0000002f
IDT=     00115100 000007ff
CR0=e0000011 CR2=00000000 CR3=00122000 CR4=00000000
DR0=00000000 DR1=00000000 DR2=00000000 DR3=00000000 
DR6=ffff0ff0 DR7=00000400
CCS=00000010 CCD=0011b038 CCO=EFLAGS
EFER=0000000000000000
Servicing hardware INT=0x40
   217: v=40 e=0000 i=0 cpl=0 IP=0008:00102341 pc=00102341 SP=0010:0011b044 env->regs[R_EAX]=00000000
EAX=00000000 EBX=00000001 ECX=00000780 EDX=000003d5
ESI=00000000 EDI=00000000 EBP=00000000 ESP=0011b044
EIP=00102341 EFL=00000212 [----A--] CPL=0 II=0 A20=1 SMM=0 HLT=0
ES =0010 00000000 ffffffff 00cf9300 DPL=0 DS   [-WA]
CS =0008 00000000 ffffffff 00cf9a00 DPL=0 CS32 [-R-]
SS =0010 00000000 ffffffff 00cf9300 DPL=0 DS   [-WA]
DS =0010 00000000 ffffffff 00cf9300 DPL=0 DS   [-WA]
FS =0010 00000000 ffffffff 00cf9300 DPL=0 DS   [-WA]
GS =0010 00000000 ffffffff 00cf9300 DPL=0 DS   [-WA]
LDT=0000 00000000 0000ffff 00008200 DPL=0 LDT
TR =0000 00000000 0000ffff 00008b00 DPL=0 TSS32-busy
GDT=     001150a0 0000002f
IDT=     00115100 000007ff
CR0=e0000011 CR2=00000000 CR3=00122000 CR4=00000000
DR0=00000000 DR1=00000000 DR2=00000000 DR3=00000000 
DR6=ffff0ff0 DR7=00000400
CCS=00000010 CCD=0011b038 CCO=EFLAGS
EFER=0000000000000000
Servicing hardware INT=0x40
   218: v=40 e=0000 i=0 cpl=0 IP=0008:00102341 pc=00102341 SP=0010:0011b044 env->regs[R_EAX]=00000000
EAX=00000000 EBX=00000001 ECX=00000780 EDX=000003d5
ESI=00000000 EDI=00000000 EBP=00000000 ESP=0011b044
EIP=00102341 EFL=00000212 [----A--] CPL=0 II=0 A20=1 SMM=0 HLT=0
ES =0010 00000000 ffffffff 00cf9300 DPL=0 DS   [-WA]
CS =0008 00000000 ffffffff 00cf9a00 DPL=0 CS32 [-R-]
SS =0010 00000000 ffffffff 00cf9300 DPL=0 DS   [-WA]
DS =0010 00000000 ffffffff 00cf9300 DPL=0 DS   [-WA]
FS =0010 00000000 ffffffff 00cf9300 DPL=0 DS   [-WA]
GS =0010 00000000 ffffffff 00cf9300 DPL=0 DS   [-WA]
LDT=0000 00000000 0000ffff 00008200 DPL=0 LDT
TR =0000 00000000 0000ffff 00008b00 DPL=0 TSS32-busy
GDT=     001150a0 0000002f
IDT=     00115100 000007ff
CR0=e0000011 CR2=00000000 CR3=00122000 CR4=00000000
DR0=00000000 DR1=00000000 DR2=00000000 DR3=00000000 
DR6=ffff0ff0 DR7=00000400
CCS=00000010 CCD=0011b038 CCO=EFLAGS
EFER=0000000000000000
Servicing hardware INT=0x40
   219: v=40 e=0000 i=0 cpl=0 IP=0008:00102341 pc=00102341 SP=0010:0011b044 env->regs[R_EAX]=00000000
EAX=00000000 EBX=00000001 ECX=00000780 EDX=000003d5
ESI=00000000 EDI=00000000 EBP=00000000 ESP=0011b044
EIP=00102341 EFL=00000212 [----A--] CPL=0 II=0 A20=1 SMM=0 HLT=0
ES =0010 00000000 ffffffff 00cf9300 DPL=0 DS   [-WA]
CS =0008 00000000 ffffffff 00cf9a00 DPL=0 CS32 [-R-]
SS =0010 00000000 ffffffff 00cf9300 DPL=0 DS   [-WA]
DS =0010 00000000 ffffffff 00cf9300 DPL=0 DS   [-WA]
FS =0010 00000000 ffffffff 00cf9300 DPL=0 DS   [-WA]
GS =0010 00000000 ffffffff 00cf9300 DPL=0 DS   [-WA]
LDT=0000 00000000 0000ffff 00008200 DPL=0 LDT
TR =0000 00000000 0000ffff 00008b00 DPL=0 TSS32-busy
GDT=     001150a0 0000002f
IDT=     00115100 000007ff
CR0=e0000011 CR2=00000000 CR3=00122000 CR4=00000000
DR0=00000000 DR1=00000000 DR2=00000000 DR3=00000000 
DR6=ffff0ff0 DR7=00000400
CCS=00000010 CCD=0011b038 CCO=EFLAGS
EFER=0000000000000000
Servicing hardware INT=0x40
   220: v=40 e=0000 i=0 cpl=0 IP=0008:00102341 pc=00102341 SP=0010:0011b044 env->regs[R_EAX]=00000000
EAX=00000000 EBX=00000001 ECX=00000780 EDX=000003d5
ESI=00000000 EDI=00000000 EBP=00000000 ESP=0011b044
EIP=00102341 EFL=00000212 [----A--] CPL=0 II=0 A20=1 SMM=0 HLT=0
ES =0010 00000000 ffffffff 00cf9300 DPL=0 DS   [-WA]
CS =0008 00000000 ffffffff 00cf9a00 DPL=0 CS32 [-R-]
SS =0010 00000000 ffffffff 00cf9300 DPL=0 DS   [-WA]
DS =0010 00000000 ffffffff 00cf9300 DPL=0 DS   [-WA]
FS =0010 00000000 ffffffff 00cf9300 DPL=0 DS   [-WA]
GS =0010 00000000 ffffffff 00cf9300 DPL=0 DS   [-WA]
LDT=0000 00000000 0000ffff 00008200 DPL=0 LDT
TR =0000 00000000 0000ffff 00008b00 DPL=0 TSS32-busy
GDT=     001150a0 0000002f
IDT=     00115100 000007ff
CR0=e0000011 CR2=00000000 CR3=00122000 CR4=00000000
DR0=00000000 DR1=00000000 DR2=00000000 DR3=00000000 
DR6=ffff0ff0 DR7=00000400
CCS=00000010 CCD=0011b038 CCO=EFLAGS
EFER=0000000000000000
Servicing hardware INT=0x40
   221: v=40 e=0000 i=0 cpl=0 IP=0008:00102341 pc=00102341 SP=0010:0011b044 env->regs[R_EAX]=00000000
EAX=00000000 EBX=00000001 ECX=00000780 EDX=000003d5
ESI=00000000 EDI=00000000 EBP=00000000 ESP=0011b044
EIP=00102341 EFL=00000212 [----A--] CPL=0 II=0 A20=1 SMM=0 HLT=0
ES =0010 00000000 ffffffff 00cf9300 DPL=0 DS   [-WA]
CS =0008 00000000 ffffffff 00cf9a00 DPL=0 CS32 [-R-]
SS =0010 00000000 ffffffff 00cf9300 DPL=0 DS   [-WA]
DS =0010 00000000 ffffffff 00cf9300 DPL=0 DS   [-WA]
FS =0010 00000000 ffffffff 00cf9300 DPL=0 DS   [-WA]
GS =0010 00000000 ffffffff 00cf9300 DPL=0 DS   [-WA]
LDT=0000 00000000 0000ffff 00008200 DPL=0 LDT
TR =0000 00000000 0000ffff 00008b00 DPL=0 TSS32-busy
GDT=     001150a0 0000002f
IDT=     00115100 000007ff
CR0=e0000011 CR2=00000000 CR3=00122000 CR4=00000000
DR0=00000000 DR1=00000000 DR2=00000000 DR3=00000000 
DR6=ffff0ff0 DR7=00000400
CCS=00000010 CCD=0011b038 CCO=EFLAGS
EFER=0000000000000000
Servicing hardware INT=0x40
   222: v=40 e=0000 i=0 cpl=0 IP=0008:00102341 pc=00102341 SP=0010:0011b044 env->regs[R_EAX]=00000000
EAX=00000000 EBX=00000001 ECX=00000780 EDX=000003d5
ESI=00000000 EDI=00000000 EBP=00000000 ESP=0011b044
EIP=00102341 EFL=00000212 [----A--] CPL=0 II=0 A20=1 SMM=0 HLT=0
ES =0010 00000000 ffffffff 00cf9300 DPL=0 DS   [-WA]
CS =0008 00000000 ffffffff 00cf9a00 DPL=0 CS32 [-R-]
SS =0010 00000000 ffffffff 00cf9300 DPL=0 DS   [-WA]
DS =0010 00000000 ffffffff 00cf9300 DPL=0 DS   [-WA]
FS =0010 00000000 ffffffff 00cf9300 DPL=0 DS   [-WA]
GS =0010 00000000 ffffffff 00cf9300 DPL=0 DS   [-WA]
LDT=0000 00000000 0000ffff 00008200 DPL=0 LDT
TR =0000 00000000 0000ffff 00008b00 DPL=0 TSS32-busy
GDT=     001150a0 0000002f
IDT=     00115100 000007ff
CR0=e0000011 CR2=00000000 CR3=00122000 CR4=00000000
DR0=00000000 DR1=00000000 DR2=00000000 DR3=00000000 
DR6=ffff0ff0 DR7=00000400
CCS=00000010 CCD=0011b038 CCO=EFLAGS
EFER=0000000000000000
Servicing hardware INT=0x40
   223: v=40 e=0000 i=0 cpl=0 IP=0008:00102341 pc=00102341 SP=0010:0011b044 env->regs[R_EAX]=00000000
EAX=00000000 EBX=00000001 ECX=00000780 EDX=000003d5
ESI=00000000 EDI=00000000 EBP=00000000 ESP=0011b044
EIP=00102341 EFL=00000212 [----A--] CPL=0 II=0 A20=1 SMM=0 HLT=0
ES =0010 00000000 ffffffff 00cf9300 DPL=0 DS   [-WA]
CS =0008 00000000 ffffffff 00cf9a00 DPL=0 CS32 [-R-]
SS =0010 00000000 ffffffff 00cf9300 DPL=0 DS   [-WA]
DS =0010 00000000 ffffffff 00cf9300 DPL=0 DS   [-WA]
FS =0010 00000000 ffffffff 00cf9300 DPL=0 DS   [-WA]
GS =0010 00000000 ffffffff 00cf9300 DPL=0 DS   [-WA]
LDT=0000 00000000 0000ffff 00008200 DPL=0 LDT
TR =0000 00000000 0000ffff 00008b00 DPL=0 TSS32-busy
GDT=     001150a0 0000002f
IDT=     00115100 000007ff
CR0=e0000011 CR2=00000000 CR3=00122000 CR4=00000000
DR0=00000000 DR1=00000000 DR2=00000000 DR3=00000000 
DR6=ffff0ff0 DR7=00000400
CCS=00000010 CCD=0011b038 CCO=EFLAGS
EFER=0000000000000000
Servicing hardware INT=0x40
   224: v=40 e=0000 i=0 cpl=0 IP=0008:00102341 pc=00102341 SP=0010:0011b044 env->regs[R_EAX]=00000000
EAX=00000000 EBX=00000001 ECX=00000780 EDX=000003d5
ESI=00000000 EDI=00000000 EBP=00000000 ESP=0011b044
EIP=00102341 EFL=00000212 [----A--] CPL=0 II=0 A20=1 SMM=0 HLT=0
ES =0010 00000000 ffffffff 00cf9300 DPL=0 DS   [-WA]
CS =0008 00000000 ffffffff 00cf9a00 DPL=0 CS32 [-R-]
SS =0010 00000000 ffffffff 00cf9300 DPL=0 DS   [-WA]
DS =0010 00000000 ffffffff 00cf9300 DPL=0 DS   [-WA]
FS =0010 00000000 ffffffff 00cf9300 DPL=0 DS   [-WA]
GS =0010 00000000 ffffffff 00cf9300 DPL=0 DS   [-WA]
LDT=0000 00000000 0000ffff 00008200 DPL=0 LDT
TR =0000 00000000 0000ffff 00008b00 DPL=0 TSS32-busy
GDT=     001150a0 0000002f
IDT=     00115100 000007ff
CR0=e0000011 CR2=00000000 CR3=00122000 CR4=00000000
DR0=00000000 DR1=00000000 DR2=00000000 DR3=00000000 
DR6=ffff0ff0 DR7=00000400
CCS=00000010 CCD=0011b038 CCO=EFLAGS
EFER=0000000000000000
Servicing hardware INT=0x40
   225: v=40 e=0000 i=0 cpl=0 IP=0008:00102341 pc=00102341 SP=0010:0011b044 env->regs[R_EAX]=00000000
EAX=00000000 EBX=00000001 ECX=00000780 EDX=000003d5
ESI=00000000 EDI=00000000 EBP=00000000 ESP=0011b044
EIP=00102341 EFL=00000212 [----A--] CPL=0 II=0 A20=1 SMM=0 HLT=0
ES =0010 00000000 ffffffff 00cf9300 DPL=0 DS   [-WA]
CS =0008 00000000 ffffffff 00cf9a00 DPL=0 CS32 [-R-]
SS =0010 00000000 ffffffff 00cf9300 DPL=0 DS   [-WA]
DS =0010 00000000 ffffffff 00cf9300 DPL=0 DS   [-WA]
FS =0010 00000000 ffffffff 00cf9300 DPL=0 DS   [-WA]
GS =0010 00000000 ffffffff 00cf9300 DPL=0 DS   [-WA]
LDT=0000 00000000 0000ffff 00008200 DPL=0 LDT
TR =0000 00000000 0000ffff 00008b00 DPL=0 TSS32-busy
GDT=     001150a0 0000002f
IDT=     00115100 000007ff
CR0=e0000011 CR2=00000000 CR3=00122000 CR4=00000000
DR0=00000000 DR1=00000000 DR2=00000000 DR3=00000000 
DR6=ffff0ff0 DR7=00000400
CCS=00000010 CCD=0011b038 CCO=EFLAGS
EFER=0000000000000000
Servicing hardware INT=0x40
   226: v=40 e=0000 i=0 cpl=0 IP=0008:00102341 pc=00102341 SP=0010:0011b044 env->regs[R_EAX]=00000000
EAX=00000000 EBX=00000001 ECX=00000780 EDX=000003d5
ESI=00000000 EDI=00000000 EBP=00000000 ESP=0011b044
EIP=00102341 EFL=00000212 [----A--] CPL=0 II=0 A20=1 SMM=0 HLT=0
ES =0010 00000000 ffffffff 00cf9300 DPL=0 DS   [-WA]
CS =0008 00000000 ffffffff 00cf9a00 DPL=0 CS32 [-R-]
SS =0010 00000000 ffffffff 00cf9300 DPL=0 DS   [-WA]
DS =0010 00000000 ffffffff 00cf9300 DPL=0 DS   [-WA]
FS =0010 00000000 ffffffff 00cf9300 DPL=0 DS   [-WA]
GS =0010 00000000 ffffffff 00cf9300 DPL=0 DS   [-WA]
LDT=0000 00000000 0000ffff 00008200 DPL=0 LDT
TR =0000 00000000 0000ffff 00008b00 DPL=0 TSS32-busy
GDT=     001150a0 0000002f
IDT=     00115100 000007ff
CR0=e0000011 CR2=00000000 CR3=00122000 CR4=00000000
DR0=00000000 DR1=00000000 DR2=00000000 DR3=00000000 
DR6=ffff0ff0 DR7=00000400
CCS=00000010 CCD=0011b038 CCO=EFLAGS
EFER=0000000000000000
Servicing hardware INT=0x40
   227: v=40 e=0000 i=0 cpl=0 IP=0008:00102341 pc=00102341 SP=0010:0011b044 env->regs[R_EAX]=00000000
EAX=00000000 EBX=00000001 ECX=00000780 EDX=000003d5
ESI=00000000 EDI=00000000 EBP=00000000 ESP=0011b044
EIP=00102341 EFL=00000212 [----A--] CPL=0 II=0 A20=1 SMM=0 HLT=0
ES =0010 00000000 ffffffff 00cf9300 DPL=0 DS   [-WA]
CS =0008 00000000 ffffffff 00cf9a00 DPL=0 CS32 [-R-]
SS =0010 00000000 ffffffff 00cf9300 DPL=0 DS   [-WA]
DS =0010 00000000 ffffffff 00cf9300 DPL=0 DS   [-WA]
FS =0010 00000000 ffffffff 00cf9300 DPL=0 DS   [-WA]
GS =0010 00000000 ffffffff 00cf9300 DPL=0 DS   [-WA]
LDT=0000 00000000 0000ffff 00008200 DPL=0 LDT
TR =0000 00000000 0000ffff 00008b00 DPL=0 TSS32-busy
GDT=     001150a0 0000002f
IDT=     00115100 000007ff
CR0=e0000011 CR2=00000000 CR3=00122000 CR4=00000000
DR0=00000000 DR1=00000000 DR2=00000000 DR3=00000000 
DR6=ffff0ff0 DR7=00000400
CCS=00000010 CCD=0011b038 CCO=EFLAGS
EFER=0000000000000000
Servicing hardware INT=0x40
   228: v=40 e=0000 i=0 cpl=0 IP=0008:00102341 pc=00102341 SP=0010:0011b044 env->regs[R_EAX]=00000000
EAX=00000000 EBX=00000001 ECX=00000780 EDX=000003d5
ESI=00000000 EDI=00000000 EBP=00000000 ESP=0011b044
EIP=00102341 EFL=00000212 [----A--] CPL=0 II=0 A20=1 SMM=0 HLT=0
ES =0010 00000000 ffffffff 00cf9300 DPL=0 DS   [-WA]
CS =0008 00000000 ffffffff 00cf9a00 DPL=0 CS32 [-R-]
SS =0010 00000000 ffffffff 00cf9300 DPL=0 DS   [-WA]
DS =0010 00000000 ffffffff 00cf9300 DPL=0 DS   [-WA]
FS =0010 00000000 ffffffff 00cf9300 DPL=0 DS   [-WA]
GS =0010 00000000 ffffffff 00cf9300 DPL=0 DS   [-WA]
LDT=0000 00000000 0000ffff 00008200 DPL=0 LDT
TR =0000 00000000 0000ffff 00008b00 DPL=0 TSS32-busy
GDT=     001150a0 0000002f
IDT=     00115100 000007ff
CR0=e0000011 CR2=00000000 CR3=00122000 CR4=00000000
DR0=00000000 DR1=00000000 DR2=00000000 DR3=00000000 
DR6=ffff0ff0 DR7=00000400
CCS=00000010 CCD=0011b038 CCO=EFLAGS
EFER=0000000000000000
Servicing hardware INT=0x40
   229: v=40 e=0000 i=0 cpl=0 IP=0008:00102341 pc=00102341 SP=0010:0011b044 env->regs[R_EAX]=00000000
EAX=00000000 EBX=00000001 ECX=00000780 EDX=000003d5
ESI=00000000 EDI=00000000 EBP=00000000 ESP=0011b044
EIP=00102341 EFL=00000212 [----A--] CPL=0 II=0 A20=1 SMM=0 HLT=0
ES =0010 00000000 ffffffff 00cf9300 DPL=0 DS   [-WA]
CS =0008 00000000 ffffffff 00cf9a00 DPL=0 CS32 [-R-]
SS =0010 00000000 ffffffff 00cf9300 DPL=0 DS   [-WA]
DS =0010 00000000 ffffffff 00cf9300 DPL=0 DS   [-WA]
FS =0010 00000000 ffffffff 00cf9300 DPL=0 DS   [-WA]
GS =0010 00000000 ffffffff 00cf9300 DPL=0 DS   [-WA]
LDT=0000 00000000 0000ffff 00008200 DPL=0 LDT
TR =0000 00000000 0000ffff 00008b00 DPL=0 TSS32-busy
GDT=     001150a0 0000002f
IDT=     00115100 000007ff
CR0=e0000011 CR2=00000000 CR3=00122000 CR4=00000000
DR0=00000000 DR1=00000000 DR2=00000000 DR3=00000000 
DR6=ffff0ff0 DR7=00000400
CCS=00000010 CCD=0011b038 CCO=EFLAGS
EFER=0000000000000000
Servicing hardware INT=0x40
   230: v=40 e=0000 i=0 cpl=0 IP=0008:00102341 pc=00102341 SP=0010:0011b044 env->regs[R_EAX]=00000000
EAX=00000000 EBX=00000001 ECX=00000780 EDX=000003d5
ESI=00000000 EDI=00000000 EBP=00000000 ESP=0011b044
EIP=00102341 EFL=00000212 [----A--] CPL=0 II=0 A20=1 SMM=0 HLT=0
ES =0010 00000000 ffffffff 00cf9300 DPL=0 DS   [-WA]
CS =0008 00000000 ffffffff 00cf9a00 DPL=0 CS32 [-R-]
SS =0010 00000000 ffffffff 00cf9300 DPL=0 DS   [-WA]
DS =0010 00000000 ffffffff 00cf9300 DPL=0 DS   [-WA]
FS =0010 00000000 ffffffff 00cf9300 DPL=0 DS   [-WA]
GS =0010 00000000 ffffffff 00cf9300 DPL=0 DS   [-WA]
LDT=0000 00000000 0000ffff 00008200 DPL=0 LDT
TR =0000 00000000 0000ffff 00008b00 DPL=0 TSS32-busy
GDT=     001150a0 0000002f
IDT=     00115100 000007ff
CR0=e0000011 CR2=00000000 CR3=00122000 CR4=00000000
DR0=00000000 DR1=00000000 DR2=00000000 DR3=00000000 
DR6=ffff0ff0 DR7=00000400
CCS=00000010 CCD=0011b038 CCO=EFLAGS
EFER=0000000000000000
Servicing hardware INT=0x40
   231: v=40 e=0000 i=0 cpl=0 IP=0008:00102341 pc=00102341 SP=0010:0011b044 env->regs[R_EAX]=00000000
EAX=00000000 EBX=00000001 ECX=00000780 EDX=000003d5
ESI=00000000 EDI=00000000 EBP=00000000 ESP=0011b044
EIP=00102341 EFL=00000212 [----A--] CPL=0 II=0 A20=1 SMM=0 HLT=0
ES =0010 00000000 ffffffff 00cf9300 DPL=0 DS   [-WA]
CS =0008 00000000 ffffffff 00cf9a00 DPL=0 CS32 [-R-]
SS =0010 00000000 ffffffff 00cf9300 DPL=0 DS   [-WA]
DS =0010 00000000 ffffffff 00cf9300 DPL=0 DS   [-WA]
FS =0010 00000000 ffffffff 00cf9300 DPL=0 DS   [-WA]
GS =0010 00000000 ffffffff 00cf9300 DPL=0 DS   [-WA]
LDT=0000 00000000 0000ffff 00008200 DPL=0 LDT
TR =0000 00000000 0000ffff 00008b00 DPL=0 TSS32-busy
GDT=     001150a0 0000002f
IDT=     00115100 000007ff
CR0=e0000011 CR2=00000000 CR3=00122000 CR4=00000000
DR0=00000000 DR1=00000000 DR2=00000000 DR3=00000000 
DR6=ffff0ff0 DR7=00000400
CCS=00000010 CCD=0011b038 CCO=EFLAGS
EFER=0000000000000000
Servicing hardware INT=0x40
   232: v=40 e=0000 i=0 cpl=0 IP=0008:00102341 pc=00102341 SP=0010:0011b044 env->regs[R_EAX]=00000000
EAX=00000000 EBX=00000001 ECX=00000780 EDX=000003d5
ESI=00000000 EDI=00000000 EBP=00000000 ESP=0011b044
EIP=00102341 EFL=00000212 [----A--] CPL=0 II=0 A20=1 SMM=0 HLT=0
ES =0010 00000000 ffffffff 00cf9300 DPL=0 DS   [-WA]
CS =0008 00000000 ffffffff 00cf9a00 DPL=0 CS32 [-R-]
SS =0010 00000000 ffffffff 00cf9300 DPL=0 DS   [-WA]
DS =0010 00000000 ffffffff 00cf9300 DPL=0 DS   [-WA]
FS =0010 00000000 ffffffff 00cf9300 DPL=0 DS   [-WA]
GS =0010 00000000 ffffffff 00cf9300 DPL=0 DS   [-WA]
LDT=0000 00000000 0000ffff 00008200 DPL=0 LDT
TR =0000 00000000 0000ffff 00008b00 DPL=0 TSS32-busy
GDT=     001150a0 0000002f
IDT=     00115100 000007ff
CR0=e0000011 CR2=00000000 CR3=00122000 CR4=00000000
DR0=00000000 DR1=00000000 DR2=00000000 DR3=00000000 
DR6=ffff0ff0 DR7=00000400
CCS=00000010 CCD=0011b038 CCO=EFLAGS
EFER=0000000000000000
Servicing hardware INT=0x40
   233: v=40 e=0000 i=0 cpl=0 IP=0008:00102341 pc=00102341 SP=0010:0011b044 env->regs[R_EAX]=00000000
EAX=00000000 EBX=00000001 ECX=00000780 EDX=000003d5
ESI=00000000 EDI=00000000 EBP=00000000 ESP=0011b044
EIP=00102341 EFL=00000212 [----A--] CPL=0 II=0 A20=1 SMM=0 HLT=0
ES =0010 00000000 ffffffff 00cf9300 DPL=0 DS   [-WA]
CS =0008 00000000 ffffffff 00cf9a00 DPL=0 CS32 [-R-]
SS =0010 00000000 ffffffff 00cf9300 DPL=0 DS   [-WA]
DS =0010 00000000 ffffffff 00cf9300 DPL=0 DS   [-WA]
FS =0010 00000000 ffffffff 00cf9300 DPL=0 DS   [-WA]
GS =0010 00000000 ffffffff 00cf9300 DPL=0 DS   [-WA]
LDT=0000 00000000 0000ffff 00008200 DPL=0 LDT
TR =0000 00000000 0000ffff 00008b00 DPL=0 TSS32-busy
GDT=     001150a0 0000002f
IDT=     00115100 000007ff
CR0=e0000011 CR2=00000000 CR3=00122000 CR4=00000000
DR0=00000000 DR1=00000000 DR2=00000000 DR3=00000000 
DR6=ffff0ff0 DR7=00000400
CCS=00000010 CCD=0011b038 CCO=EFLAGS
EFER=0000000000000000
Servicing hardware INT=0x40
   234: v=40 e=0000 i=0 cpl=0 IP=0008:00102341 pc=00102341 SP=0010:0011b044 env->regs[R_EAX]=00000000
EAX=00000000 EBX=00000001 ECX=00000780 EDX=000003d5
ESI=00000000 EDI=00000000 EBP=00000000 ESP=0011b044
EIP=00102341 EFL=00000212 [----A--] CPL=0 II=0 A20=1 SMM=0 HLT=0
ES =0010 00000000 ffffffff 00cf9300 DPL=0 DS   [-WA]
CS =0008 00000000 ffffffff 00cf9a00 DPL=0 CS32 [-R-]
SS =0010 00000000 ffffffff 00cf9300 DPL=0 DS   [-WA]
DS =0010 00000000 ffffffff 00cf9300 DPL=0 DS   [-WA]
FS =0010 00000000 ffffffff 00cf9300 DPL=0 DS   [-WA]
GS =0010 00000000 ffffffff 00cf9300 DPL=0 DS   [-WA]
LDT=0000 00000000 0000ffff 00008200 DPL=0 LDT
TR =0000 00000000 0000ffff 00008b00 DPL=0 TSS32-busy
GDT=     001150a0 0000002f
IDT=     00115100 000007ff
CR0=e0000011 CR2=00000000 CR3=00122000 CR4=00000000
DR0=00000000 DR1=00000000 DR2=00000000 DR3=00000000 
DR6=ffff0ff0 DR7=00000400
CCS=00000010 CCD=0011b038 CCO=EFLAGS
EFER=0000000000000000
Servicing hardware INT=0x40
   235: v=40 e=0000 i=0 cpl=0 IP=0008:00102341 pc=00102341 SP=0010:0011b044 env->regs[R_EAX]=00000000
EAX=00000000 EBX=00000001 ECX=00000780 EDX=000003d5
ESI=00000000 EDI=00000000 EBP=00000000 ESP=0011b044
EIP=00102341 EFL=00000212 [----A--] CPL=0 II=0 A20=1 SMM=0 HLT=0
ES =0010 00000000 ffffffff 00cf9300 DPL=0 DS   [-WA]
CS =0008 00000000 ffffffff 00cf9a00 DPL=0 CS32 [-R-]
SS =0010 00000000 ffffffff 00cf9300 DPL=0 DS   [-WA]
DS =0010 00000000 ffffffff 00cf9300 DPL=0 DS   [-WA]
FS =0010 00000000 ffffffff 00cf9300 DPL=0 DS   [-WA]
GS =0010 00000000 ffffffff 00cf9300 DPL=0 DS   [-WA]
LDT=0000 00000000 0000ffff 00008200 DPL=0 LDT
TR =0000 00000000 0000ffff 00008b00 DPL=0 TSS32-busy
GDT=     001150a0 0000002f
IDT=     00115100 000007ff
CR0=e0000011 CR2=00000000 CR3=00122000 CR4=00000000
DR0=00000000 DR1=00000000 DR2=00000000 DR3=00000000 
DR6=ffff0ff0 DR7=00000400
CCS=00000010 CCD=0011b038 CCO=EFLAGS
EFER=0000000000000000
Servicing hardware INT=0x40
   236: v=40 e=0000 i=0 cpl=0 IP=0008:00102341 pc=00102341 SP=0010:0011b044 env->regs[R_EAX]=00000000
EAX=00000000 EBX=00000001 ECX=00000780 EDX=000003d5
ESI=00000000 EDI=00000000 EBP=00000000 ESP=0011b044
EIP=00102341 EFL=00000212 [----A--] CPL=0 II=0 A20=1 SMM=0 HLT=0
ES =0010 00000000 ffffffff 00cf9300 DPL=0 DS   [-WA]
CS =0008 00000000 ffffffff 00cf9a00 DPL=0 CS32 [-R-]
SS =0010 00000000 ffffffff 00cf9300 DPL=0 DS   [-WA]
DS =0010 00000000 ffffffff 00cf9300 DPL=0 DS   [-WA]
FS =0010 00000000 ffffffff 00cf9300 DPL=0 DS   [-WA]
GS =0010 00000000 ffffffff 00cf9300 DPL=0 DS   [-WA]
LDT=0000 00000000 0000ffff 00008200 DPL=0 LDT
TR =0000 00000000 0000ffff 00008b00 DPL=0 TSS32-busy
GDT=     001150a0 0000002f
IDT=     00115100 000007ff
CR0=e0000011 CR2=00000000 CR3=00122000 CR4=00000000
DR0=00000000 DR1=00000000 DR2=00000000 DR3=00000000 
DR6=ffff0ff0 DR7=00000400
CCS=00000010 CCD=0011b038 CCO=EFLAGS
EFER=0000000000000000
Servicing hardware INT=0x40
   237: v=40 e=0000 i=0 cpl=0 IP=0008:00102341 pc=00102341 SP=0010:0011b044 env->regs[R_EAX]=00000000
EAX=00000000 EBX=00000001 ECX=00000780 EDX=000003d5
ESI=00000000 EDI=00000000 EBP=00000000 ESP=0011b044
EIP=00102341 EFL=00000212 [----A--] CPL=0 II=0 A20=1 SMM=0 HLT=0
ES =0010 00000000 ffffffff 00cf9300 DPL=0 DS   [-WA]
CS =0008 00000000 ffffffff 00cf9a00 DPL=0 CS32 [-R-]
SS =0010 00000000 ffffffff 00cf9300 DPL=0 DS   [-WA]
DS =0010 00000000 ffffffff 00cf9300 DPL=0 DS   [-WA]
FS =0010 00000000 ffffffff 00cf9300 DPL=0 DS   [-WA]
GS =0010 00000000 ffffffff 00cf9300 DPL=0 DS   [-WA]
LDT=0000 00000000 0000ffff 00008200 DPL=0 LDT
TR =0000 00000000 0000ffff 00008b00 DPL=0 TSS32-busy
GDT=     001150a0 0000002f
IDT=     00115100 000007ff
CR0=e0000011 CR2=00000000 CR3=00122000 CR4=00000000
DR0=00000000 DR1=00000000 DR2=00000000 DR3=00000000 
DR6=ffff0ff0 DR7=00000400
CCS=00000010 CCD=0011b038 CCO=EFLAGS
EFER=0000000000000000
Servicing hardware INT=0x40
   238: v=40 e=0000 i=0 cpl=0 IP=0008:00102341 pc=00102341 SP=0010:0011b044 env->regs[R_EAX]=00000000
EAX=00000000 EBX=00000001 ECX=00000780 EDX=000003d5
ESI=00000000 EDI=00000000 EBP=00000000 ESP=0011b044
EIP=00102341 EFL=00000212 [----A--] CPL=0 II=0 A20=1 SMM=0 HLT=0
ES =0010 00000000 ffffffff 00cf9300 DPL=0 DS   [-WA]
CS =0008 00000000 ffffffff 00cf9a00 DPL=0 CS32 [-R-]
SS =0010 00000000 ffffffff 00cf9300 DPL=0 DS   [-WA]
DS =0010 00000000 ffffffff 00cf9300 DPL=0 DS   [-WA]
FS =0010 00000000 ffffffff 00cf9300 DPL=0 DS   [-WA]
GS =0010 00000000 ffffffff 00cf9300 DPL=0 DS   [-WA]
LDT=0000 00000000 0000ffff 00008200 DPL=0 LDT
TR =0000 00000000 0000ffff 00008b00 DPL=0 TSS32-busy
GDT=     001150a0 0000002f
IDT=     00115100 000007ff
CR0=e0000011 CR2=00000000 CR3=00122000 CR4=00000000
DR0=00000000 DR1=00000000 DR2=00000000 DR3=00000000 
DR6=ffff0ff0 DR7=00000400
CCS=00000010 CCD=0011b038 CCO=EFLAGS
EFER=0000000000000000
Servicing hardware INT=0x40
   239: v=40 e=0000 i=0 cpl=0 IP=0008:00102341 pc=00102341 SP=0010:0011b044 env->regs[R_EAX]=00000000
EAX=00000000 EBX=00000001 ECX=00000780 EDX=000003d5
ESI=00000000 EDI=00000000 EBP=00000000 ESP=0011b044
EIP=00102341 EFL=00000212 [----A--] CPL=0 II=0 A20=1 SMM=0 HLT=0
ES =0010 00000000 ffffffff 00cf9300 DPL=0 DS   [-WA]
CS =0008 00000000 ffffffff 00cf9a00 DPL=0 CS32 [-R-]
SS =0010 00000000 ffffffff 00cf9300 DPL=0 DS   [-WA]
DS =0010 00000000 ffffffff 00cf9300 DPL=0 DS   [-WA]
FS =0010 00000000 ffffffff 00cf9300 DPL=0 DS   [-WA]
GS =0010 00000000 ffffffff 00cf9300 DPL=0 DS   [-WA]
LDT=0000 00000000 0000ffff 00008200 DPL=0 LDT
TR =0000 00000000 0000ffff 00008b00 DPL=0 TSS32-busy
GDT=     001150a0 0000002f
IDT=     00115100 000007ff
CR0=e0000011 CR2=00000000 CR3=00122000 CR4=00000000
DR0=00000000 DR1=00000000 DR2=00000000 DR3=00000000 
DR6=ffff0ff0 DR7=00000400
CCS=00000010 CCD=0011b038 CCO=EFLAGS
EFER=0000000000000000
Servicing hardware INT=0x40
   240: v=40 e=0000 i=0 cpl=0 IP=0008:00102341 pc=00102341 SP=0010:0011b044 env->regs[R_EAX]=00000000
EAX=00000000 EBX=00000001 ECX=00000780 EDX=000003d5
ESI=00000000 EDI=00000000 EBP=00000000 ESP=0011b044
EIP=00102341 EFL=00000212 [----A--] CPL=0 II=0 A20=1 SMM=0 HLT=0
ES =0010 00000000 ffffffff 00cf9300 DPL=0 DS   [-WA]
CS =0008 00000000 ffffffff 00cf9a00 DPL=0 CS32 [-R-]
SS =0010 00000000 ffffffff 00cf9300 DPL=0 DS   [-WA]
DS =0010 00000000 ffffffff 00cf9300 DPL=0 DS   [-WA]
FS =0010 00000000 ffffffff 00cf9300 DPL=0 DS   [-WA]
GS =0010 00000000 ffffffff 00cf9300 DPL=0 DS   [-WA]
LDT=0000 00000000 0000ffff 00008200 DPL=0 LDT
TR =0000 00000000 0000ffff 00008b00 DPL=0 TSS32-busy
GDT=     001150a0 0000002f
IDT=     00115100 000007ff
CR0=e0000011 CR2=00000000 CR3=00122000 CR4=00000000
DR0=00000000 DR1=00000000 DR2=00000000 DR3=00000000 
DR6=ffff0ff0 DR7=00000400
CCS=00000010 CCD=0011b038 CCO=EFLAGS
EFER=0000000000000000
Servicing hardware INT=0x40
   241: v=40 e=0000 i=0 cpl=0 IP=0008:00102341 pc=00102341 SP=0010:0011b044 env->regs[R_EAX]=00000000
EAX=00000000 EBX=00000001 ECX=00000780 EDX=000003d5
ESI=00000000 EDI=00000000 EBP=00000000 ESP=0011b044
EIP=00102341 EFL=00000212 [----A--] CPL=0 II=0 A20=1 SMM=0 HLT=0
ES =0010 00000000 ffffffff 00cf9300 DPL=0 DS   [-WA]
CS =0008 00000000 ffffffff 00cf9a00 DPL=0 CS32 [-R-]
SS =0010 00000000 ffffffff 00cf9300 DPL=0 DS   [-WA]
DS =0010 00000000 ffffffff 00cf9300 DPL=0 DS   [-WA]
FS =0010 00000000 ffffffff 00cf9300 DPL=0 DS   [-WA]
GS =0010 00000000 ffffffff 00cf9300 DPL=0 DS   [-WA]
LDT=0000 00000000 0000ffff 00008200 DPL=0 LDT
TR =0000 00000000 0000ffff 00008b00 DPL=0 TSS32-busy
GDT=     001150a0 0000002f
IDT=     00115100 000007ff
CR0=e0000011 CR2=00000000 CR3=00122000 CR4=00000000
DR0=00000000 DR1=00000000 DR2=00000000 DR3=00000000 
DR6=ffff0ff0 DR7=00000400
CCS=00000010 CCD=0011b038 CCO=EFLAGS
EFER=0000000000000000
Servicing hardware INT=0x40
   242: v=40 e=0000 i=0 cpl=0 IP=0008:00102341 pc=00102341 SP=0010:0011b044 env->regs[R_EAX]=00000000
EAX=00000000 EBX=00000001 ECX=00000780 EDX=000003d5
ESI=00000000 EDI=00000000 EBP=00000000 ESP=0011b044
EIP=00102341 EFL=00000212 [----A--] CPL=0 II=0 A20=1 SMM=0 HLT=0
ES =0010 00000000 ffffffff 00cf9300 DPL=0 DS   [-WA]
CS =0008 00000000 ffffffff 00cf9a00 DPL=0 CS32 [-R-]
SS =0010 00000000 ffffffff 00cf9300 DPL=0 DS   [-WA]
DS =0010 00000000 ffffffff 00cf9300 DPL=0 DS   [-WA]
FS =0010 00000000 ffffffff 00cf9300 DPL=0 DS   [-WA]
GS =0010 00000000 ffffffff 00cf9300 DPL=0 DS   [-WA]
LDT=0000 00000000 0000ffff 00008200 DPL=0 LDT
TR =0000 00000000 0000ffff 00008b00 DPL=0 TSS32-busy
GDT=     001150a0 0000002f
IDT=     00115100 000007ff
CR0=e0000011 CR2=00000000 CR3=00122000 CR4=00000000
DR0=00000000 DR1=00000000 DR2=00000000 DR3=00000000 
DR6=ffff0ff0 DR7=00000400
CCS=00000010 CCD=0011b038 CCO=EFLAGS
EFER=0000000000000000
Servicing hardware INT=0x40
   243: v=40 e=0000 i=0 cpl=0 IP=0008:00102341 pc=00102341 SP=0010:0011b044 env->regs[R_EAX]=00000000
EAX=00000000 EBX=00000001 ECX=00000780 EDX=000003d5
ESI=00000000 EDI=00000000 EBP=00000000 ESP=0011b044
EIP=00102341 EFL=00000212 [----A--] CPL=0 II=0 A20=1 SMM=0 HLT=0
ES =0010 00000000 ffffffff 00cf9300 DPL=0 DS   [-WA]
CS =0008 00000000 ffffffff 00cf9a00 DPL=0 CS32 [-R-]
SS =0010 00000000 ffffffff 00cf9300 DPL=0 DS   [-WA]
DS =0010 00000000 ffffffff 00cf9300 DPL=0 DS   [-WA]
FS =0010 00000000 ffffffff 00cf9300 DPL=0 DS   [-WA]
GS =0010 00000000 ffffffff 00cf9300 DPL=0 DS   [-WA]
LDT=0000 00000000 0000ffff 00008200 DPL=0 LDT
TR =0000 00000000 0000ffff 00008b00 DPL=0 TSS32-busy
GDT=     001150a0 0000002f
IDT=     00115100 000007ff
CR0=e0000011 CR2=00000000 CR3=00122000 CR4=00000000
DR0=00000000 DR1=00000000 DR2=00000000 DR3=00000000 
DR6=ffff0ff0 DR7=00000400
CCS=00000010 CCD=0011b038 CCO=EFLAGS
EFER=0000000000000000
Servicing hardware INT=0x40
   244: v=40 e=0000 i=0 cpl=0 IP=0008:00102341 pc=00102341 SP=0010:0011b044 env->regs[R_EAX]=00000000
EAX=00000000 EBX=00000001 ECX=00000780 EDX=000003d5
ESI=00000000 EDI=00000000 EBP=00000000 ESP=0011b044
EIP=00102341 EFL=00000212 [----A--] CPL=0 II=0 A20=1 SMM=0 HLT=0
ES =0010 00000000 ffffffff 00cf9300 DPL=0 DS   [-WA]
CS =0008 00000000 ffffffff 00cf9a00 DPL=0 CS32 [-R-]
SS =0010 00000000 ffffffff 00cf9300 DPL=0 DS   [-WA]
DS =0010 00000000 ffffffff 00cf9300 DPL=0 DS   [-WA]
FS =0010 00000000 ffffffff 00cf9300 DPL=0 DS   [-WA]
GS =0010 00000000 ffffffff 00cf9300 DPL=0 DS   [-WA]
LDT=0000 00000000 0000ffff 00008200 DPL=0 LDT
TR =0000 00000000 0000ffff 00008b00 DPL=0 TSS32-busy
GDT=     001150a0 0000002f
IDT=     00115100 000007ff
CR0=e0000011 CR2=00000000 CR3=00122000 CR4=00000000
DR0=00000000 DR1=00000000 DR2=00000000 DR3=00000000 
DR6=ffff0ff0 DR7=00000400
CCS=00000010 CCD=0011b038 CCO=EFLAGS
EFER=0000000000000000
Servicing hardware INT=0x40
   245: v=40 e=0000 i=0 cpl=0 IP=0008:00102341 pc=00102341 SP=0010:0011b044 env->regs[R_EAX]=00000000
EAX=00000000 EBX=00000001 ECX=00000780 EDX=000003d5
ESI=00000000 EDI=00000000 EBP=00000000 ESP=0011b044
EIP=00102341 EFL=00000212 [----A--] CPL=0 II=0 A20=1 SMM=0 HLT=0
ES =0010 00000000 ffffffff 00cf9300 DPL=0 DS   [-WA]
CS =0008 00000000 ffffffff 00cf9a00 DPL=0 CS32 [-R-]
SS =0010 00000000 ffffffff 00cf9300 DPL=0 DS   [-WA]
DS =0010 00000000 ffffffff 00cf9300 DPL=0 DS   [-WA]
FS =0010 00000000 ffffffff 00cf9300 DPL=0 DS   [-WA]
GS =0010 00000000 ffffffff 00cf9300 DPL=0 DS   [-WA]
LDT=0000 00000000 0000ffff 00008200 DPL=0 LDT
TR =0000 00000000 0000ffff 00008b00 DPL=0 TSS32-busy
GDT=     001150a0 0000002f
IDT=     00115100 000007ff
CR0=e0000011 CR2=00000000 CR3=00122000 CR4=00000000
DR0=00000000 DR1=00000000 DR2=00000000 DR3=00000000 
DR6=ffff0ff0 DR7=00000400
CCS=00000010 CCD=0011b038 CCO=EFLAGS
EFER=0000000000000000
Servicing hardware INT=0x40
   246: v=40 e=0000 i=0 cpl=0 IP=0008:00102341 pc=00102341 SP=0010:0011b044 env->regs[R_EAX]=00000000
EAX=00000000 EBX=00000001 ECX=00000780 EDX=000003d5
ESI=00000000 EDI=00000000 EBP=00000000 ESP=0011b044
EIP=00102341 EFL=00000212 [----A--] CPL=0 II=0 A20=1 SMM=0 HLT=0
ES =0010 00000000 ffffffff 00cf9300 DPL=0 DS   [-WA]
CS =0008 00000000 ffffffff 00cf9a00 DPL=0 CS32 [-R-]
SS =0010 00000000 ffffffff 00cf9300 DPL=0 DS   [-WA]
DS =0010 00000000 ffffffff 00cf9300 DPL=0 DS   [-WA]
FS =0010 00000000 ffffffff 00cf9300 DPL=0 DS   [-WA]
GS =0010 00000000 ffffffff 00cf9300 DPL=0 DS   [-WA]
LDT=0000 00000000 0000ffff 00008200 DPL=0 LDT
TR =0000 00000000 0000ffff 00008b00 DPL=0 TSS32-busy
GDT=     001150a0 0000002f
IDT=     00115100 000007ff
CR0=e0000011 CR2=00000000 CR3=00122000 CR4=00000000
DR0=00000000 DR1=00000000 DR2=00000000 DR3=00000000 
DR6=ffff0ff0 DR7=00000400
CCS=00000010 CCD=0011b038 CCO=EFLAGS
EFER=0000000000000000
Servicing hardware INT=0x40
   247: v=40 e=0000 i=0 cpl=0 IP=0008:00102341 pc=00102341 SP=0010:0011b044 env->regs[R_EAX]=00000000
EAX=00000000 EBX=00000001 ECX=00000780 EDX=000003d5
ESI=00000000 EDI=00000000 EBP=00000000 ESP=0011b044
EIP=00102341 EFL=00000212 [----A--] CPL=0 II=0 A20=1 SMM=0 HLT=0
ES =0010 00000000 ffffffff 00cf9300 DPL=0 DS   [-WA]
CS =0008 00000000 ffffffff 00cf9a00 DPL=0 CS32 [-R-]
SS =0010 00000000 ffffffff 00cf9300 DPL=0 DS   [-WA]
DS =0010 00000000 ffffffff 00cf9300 DPL=0 DS   [-WA]
FS =0010 00000000 ffffffff 00cf9300 DPL=0 DS   [-WA]
GS =0010 00000000 ffffffff 00cf9300 DPL=0 DS   [-WA]
LDT=0000 00000000 0000ffff 00008200 DPL=0 LDT
TR =0000 00000000 0000ffff 00008b00 DPL=0 TSS32-busy
GDT=     001150a0 0000002f
IDT=     00115100 000007ff
CR0=e0000011 CR2=00000000 CR3=00122000 CR4=00000000
DR0=00000000 DR1=00000000 DR2=00000000 DR3=00000000 
DR6=ffff0ff0 DR7=00000400
CCS=00000010 CCD=0011b038 CCO=EFLAGS
EFER=0000000000000000
Servicing hardware INT=0x40
   248: v=40 e=0000 i=0 cpl=0 IP=0008:00102341 pc=00102341 SP=0010:0011b044 env->regs[R_EAX]=00000000
EAX=00000000 EBX=00000001 ECX=00000780 EDX=000003d5
ESI=00000000 EDI=00000000 EBP=00000000 ESP=0011b044
EIP=00102341 EFL=00000212 [----A--] CPL=0 II=0 A20=1 SMM=0 HLT=0
ES =0010 00000000 ffffffff 00cf9300 DPL=0 DS   [-WA]
CS =0008 00000000 ffffffff 00cf9a00 DPL=0 CS32 [-R-]
SS =0010 00000000 ffffffff 00cf9300 DPL=0 DS   [-WA]
DS =0010 00000000 ffffffff 00cf9300 DPL=0 DS   [-WA]
FS =0010 00000000 ffffffff 00cf9300 DPL=0 DS   [-WA]
GS =0010 00000000 ffffffff 00cf9300 DPL=0 DS   [-WA]
LDT=0000 00000000 0000ffff 00008200 DPL=0 LDT
TR =0000 00000000 0000ffff 00008b00 DPL=0 TSS32-busy
GDT=     001150a0 0000002f
IDT=     00115100 000007ff
CR0=e0000011 CR2=00000000 CR3=00122000 CR4=00000000
DR0=00000000 DR1=00000000 DR2=00000000 DR3=00000000 
DR6=ffff0ff0 DR7=00000400
CCS=00000010 CCD=0011b038 CCO=EFLAGS
EFER=0000000000000000
Servicing hardware INT=0x40
   249: v=40 e=0000 i=0 cpl=0 IP=0008:00102341 pc=00102341 SP=0010:0011b044 env->regs[R_EAX]=00000000
EAX=00000000 EBX=00000001 ECX=00000780 EDX=000003d5
ESI=00000000 EDI=00000000 EBP=00000000 ESP=0011b044
EIP=00102341 EFL=00000212 [----A--] CPL=0 II=0 A20=1 SMM=0 HLT=0
ES =0010 00000000 ffffffff 00cf9300 DPL=0 DS   [-WA]
CS =0008 00000000 ffffffff 00cf9a00 DPL=0 CS32 [-R-]
SS =0010 00000000 ffffffff 00cf9300 DPL=0 DS   [-WA]
DS =0010 00000000 ffffffff 00cf9300 DPL=0 DS   [-WA]
FS =0010 00000000 ffffffff 00cf9300 DPL=0 DS   [-WA]
GS =0010 00000000 ffffffff 00cf9300 DPL=0 DS   [-WA]
LDT=0000 00000000 0000ffff 00008200 DPL=0 LDT
TR =0000 00000000 0000ffff 00008b00 DPL=0 TSS32-busy
GDT=     001150a0 0000002f
IDT=     00115100 000007ff
CR0=e0000011 CR2=00000000 CR3=00122000 CR4=00000000
DR0=00000000 DR1=00000000 DR2=00000000 DR3=00000000 
DR6=ffff0ff0 DR7=00000400
CCS=00000010 CCD=0011b038 CCO=EFLAGS
EFER=0000000000000000
Servicing hardware INT=0x40
   250: v=40 e=0000 i=0 cpl=0 IP=0008:00102341 pc=00102341 SP=0010:0011b044 env->regs[R_EAX]=00000000
EAX=00000000 EBX=00000001 ECX=00000780 EDX=000003d5
ESI=00000000 EDI=00000000 EBP=00000000 ESP=0011b044
EIP=00102341 EFL=00000212 [----A--] CPL=0 II=0 A20=1 SMM=0 HLT=0
ES =0010 00000000 ffffffff 00cf9300 DPL=0 DS   [-WA]
CS =0008 00000000 ffffffff 00cf9a00 DPL=0 CS32 [-R-]
SS =0010 00000000 ffffffff 00cf9300 DPL=0 DS   [-WA]
DS =0010 00000000 ffffffff 00cf9300 DPL=0 DS   [-WA]
FS =0010 00000000 ffffffff 00cf9300 DPL=0 DS   [-WA]
GS =0010 00000000 ffffffff 00cf9300 DPL=0 DS   [-WA]
LDT=0000 00000000 0000ffff 00008200 DPL=0 LDT
TR =0000 00000000 0000ffff 00008b00 DPL=0 TSS32-busy
GDT=     001150a0 0000002f
IDT=     00115100 000007ff
CR0=e0000011 CR2=00000000 CR3=00122000 CR4=00000000
DR0=00000000 DR1=00000000 DR2=00000000 DR3=00000000 
DR6=ffff0ff0 DR7=00000400
CCS=00000010 CCD=0011b038 CCO=EFLAGS
EFER=0000000000000000
Servicing hardware INT=0x40
   251: v=40 e=0000 i=0 cpl=0 IP=0008:00102341 pc=00102341 SP=0010:0011b044 env->regs[R_EAX]=00000000
EAX=00000000 EBX=00000001 ECX=00000780 EDX=000003d5
ESI=00000000 EDI=00000000 EBP=00000000 ESP=0011b044
EIP=00102341 EFL=00000212 [----A--] CPL=0 II=0 A20=1 SMM=0 HLT=0
ES =0010 00000000 ffffffff 00cf9300 DPL=0 DS   [-WA]
CS =0008 00000000 ffffffff 00cf9a00 DPL=0 CS32 [-R-]
SS =0010 00000000 ffffffff 00cf9300 DPL=0 DS   [-WA]
DS =0010 00000000 ffffffff 00cf9300 DPL=0 DS   [-WA]
FS =0010 00000000 ffffffff 00cf9300 DPL=0 DS   [-WA]
GS =0010 00000000 ffffffff 00cf9300 DPL=0 DS   [-WA]
LDT=0000 00000000 0000ffff 00008200 DPL=0 LDT
TR =0000 00000000 0000ffff 00008b00 DPL=0 TSS32-busy
GDT=     001150a0 0000002f
IDT=     00115100 000007ff
CR0=e0000011 CR2=00000000 CR3=00122000 CR4=00000000
DR0=00000000 DR1=00000000 DR2=00000000 DR3=00000000 
DR6=ffff0ff0 DR7=00000400
CCS=00000010 CCD=0011b038 CCO=EFLAGS
EFER=0000000000000000
Servicing hardware INT=0x40
   252: v=40 e=0000 i=0 cpl=0 IP=0008:00102341 pc=00102341 SP=0010:0011b044 env->regs[R_EAX]=00000000
EAX=00000000 EBX=00000001 ECX=00000780 EDX=000003d5
ESI=00000000 EDI=00000000 EBP=00000000 ESP=0011b044
EIP=00102341 EFL=00000212 [----A--] CPL=0 II=0 A20=1 SMM=0 HLT=0
ES =0010 00000000 ffffffff 00cf9300 DPL=0 DS   [-WA]
CS =0008 00000000 ffffffff 00cf9a00 DPL=0 CS32 [-R-]
SS =0010 00000000 ffffffff 00cf9300 DPL=0 DS   [-WA]
DS =0010 00000000 ffffffff 00cf9300 DPL=0 DS   [-WA]
FS =0010 00000000 ffffffff 00cf9300 DPL=0 DS   [-WA]
GS =0010 00000000 ffffffff 00cf9300 DPL=0 DS   [-WA]
LDT=0000 00000000 0000ffff 00008200 DPL=0 LDT
TR =0000 00000000 0000ffff 00008b00 DPL=0 TSS32-busy
GDT=     001150a0 0000002f
IDT=     00115100 000007ff
CR0=e0000011 CR2=00000000 CR3=00122000 CR4=00000000
DR0=00000000 DR1=00000000 DR2=00000000 DR3=00000000 
DR6=ffff0ff0 DR7=00000400
CCS=00000010 CCD=0011b038 CCO=EFLAGS
EFER=0000000000000000
Servicing hardware INT=0x40
   253: v=40 e=0000 i=0 cpl=0 IP=0008:00102341 pc=00102341 SP=0010:0011b044 env->regs[R_EAX]=00000000
EAX=00000000 EBX=00000001 ECX=00000780 EDX=000003d5
ESI=00000000 EDI=00000000 EBP=00000000 ESP=0011b044
EIP=00102341 EFL=00000212 [----A--] CPL=0 II=0 A20=1 SMM=0 HLT=0
ES =0010 00000000 ffffffff 00cf9300 DPL=0 DS   [-WA]
CS =0008 00000000 ffffffff 00cf9a00 DPL=0 CS32 [-R-]
SS =0010 00000000 ffffffff 00cf9300 DPL=0 DS   [-WA]
DS =0010 00000000 ffffffff 00cf9300 DPL=0 DS   [-WA]
FS =0010 00000000 ffffffff 00cf9300 DPL=0 DS   [-WA]
GS =0010 00000000 ffffffff 00cf9300 DPL=0 DS   [-WA]
LDT=0000 00000000 0000ffff 00008200 DPL=0 LDT
TR =0000 00000000 0000ffff 00008b00 DPL=0 TSS32-busy
GDT=     001150a0 0000002f
IDT=     00115100 000007ff
CR0=e0000011 CR2=00000000 CR3=00122000 CR4=00000000
DR0=00000000 DR1=00000000 DR2=00000000 DR3=00000000 
DR6=ffff0ff0 DR7=00000400
CCS=00000010 CCD=0011b038 CCO=EFLAGS
EFER=0000000000000000
Servicing hardware INT=0x40
   254: v=40 e=0000 i=0 cpl=0 IP=0008:00102341 pc=00102341 SP=0010:0011b044 env->regs[R_EAX]=00000000
EAX=00000000 EBX=00000001 ECX=00000780 EDX=000003d5
ESI=00000000 EDI=00000000 EBP=00000000 ESP=0011b044
EIP=00102341 EFL=00000212 [----A--] CPL=0 II=0 A20=1 SMM=0 HLT=0
ES =0010 00000000 ffffffff 00cf9300 DPL=0 DS   [-WA]
CS =0008 00000000 ffffffff 00cf9a00 DPL=0 CS32 [-R-]
SS =0010 00000000 ffffffff 00cf9300 DPL=0 DS   [-WA]
DS =0010 00000000 ffffffff 00cf9300 DPL=0 DS   [-WA]
FS =0010 00000000 ffffffff 00cf9300 DPL=0 DS   [-WA]
GS =0010 00000000 ffffffff 00cf9300 DPL=0 DS   [-WA]
LDT=0000 00000000 0000ffff 00008200 DPL=0 LDT
TR =0000 00000000 0000ffff 00008b00 DPL=0 TSS32-busy
GDT=     001150a0 0000002f
IDT=     00115100 000007ff
CR0=e0000011 CR2=00000000 CR3=00122000 CR4=00000000
DR0=00000000 DR1=00000000 DR2=00000000 DR3=00000000 
DR6=ffff0ff0 DR7=00000400
CCS=00000010 CCD=0011b038 CCO=EFLAGS
EFER=0000000000000000
Servicing hardware INT=0x40
   255: v=40 e=0000 i=0 cpl=0 IP=0008:00102341 pc=00102341 SP=0010:0011b044 env->regs[R_EAX]=00000000
EAX=00000000 EBX=00000001 ECX=00000780 EDX=000003d5
ESI=00000000 EDI=00000000 EBP=00000000 ESP=0011b044
EIP=00102341 EFL=00000212 [----A--] CPL=0 II=0 A20=1 SMM=0 HLT=0
ES =0010 00000000 ffffffff 00cf9300 DPL=0 DS   [-WA]
CS =0008 00000000 ffffffff 00cf9a00 DPL=0 CS32 [-R-]
SS =0010 00000000 ffffffff 00cf9300 DPL=0 DS   [-WA]
DS =0010 00000000 ffffffff 00cf9300 DPL=0 DS   [-WA]
FS =0010 00000000 ffffffff 00cf9300 DPL=0 DS   [-WA]
GS =0010 00000000 ffffffff 00cf9300 DPL=0 DS   [-WA]
LDT=0000 00000000 0000ffff 00008200 DPL=0 LDT
TR =0000 00000000 0000ffff 00008b00 DPL=0 TSS32-busy
GDT=     001150a0 0000002f
IDT=     00115100 000007ff
CR0=e0000011 CR2=00000000 CR3=00122000 CR4=00000000
DR0=00000000 DR1=00000000 DR2=00000000 DR3=00000000 
DR6=ffff0ff0 DR7=00000400
CCS=00000010 CCD=0011b038 CCO=EFLAGS
EFER=0000000000000000
Servicing hardware INT=0x40
   256: v=40 e=0000 i=0 cpl=0 IP=0008:00102341 pc=00102341 SP=0010:0011b044 env->regs[R_EAX]=00000000
EAX=00000000 EBX=00000001 ECX=00000780 EDX=000003d5
ESI=00000000 EDI=00000000 EBP=00000000 ESP=0011b044
EIP=00102341 EFL=00000212 [----A--] CPL=0 II=0 A20=1 SMM=0 HLT=0
ES =0010 00000000 ffffffff 00cf9300 DPL=0 DS   [-WA]
CS =0008 00000000 ffffffff 00cf9a00 DPL=0 CS32 [-R-]
SS =0010 00000000 ffffffff 00cf9300 DPL=0 DS   [-WA]
DS =0010 00000000 ffffffff 00cf9300 DPL=0 DS   [-WA]
FS =0010 00000000 ffffffff 00cf9300 DPL=0 DS   [-WA]
GS =0010 00000000 ffffffff 00cf9300 DPL=0 DS   [-WA]
LDT=0000 00000000 0000ffff 00008200 DPL=0 LDT
TR =0000 00000000 0000ffff 00008b00 DPL=0 TSS32-busy
GDT=     001150a0 0000002f
IDT=     00115100 000007ff
CR0=e0000011 CR2=00000000 CR3=00122000 CR4=00000000
DR0=00000000 DR1=00000000 DR2=00000000 DR3=00000000 
DR6=ffff0ff0 DR7=00000400
CCS=00000010 CCD=0011b038 CCO=EFLAGS
EFER=0000000000000000
Servicing hardware INT=0x40
   257: v=40 e=0000 i=0 cpl=0 IP=0008:00102341 pc=00102341 SP=0010:0011b044 env->regs[R_EAX]=00000000
EAX=00000000 EBX=00000001 ECX=00000780 EDX=000003d5
ESI=00000000 EDI=00000000 EBP=00000000 ESP=0011b044
EIP=00102341 EFL=00000212 [----A--] CPL=0 II=0 A20=1 SMM=0 HLT=0
ES =0010 00000000 ffffffff 00cf9300 DPL=0 DS   [-WA]
CS =0008 00000000 ffffffff 00cf9a00 DPL=0 CS32 [-R-]
SS =0010 00000000 ffffffff 00cf9300 DPL=0 DS   [-WA]
DS =0010 00000000 ffffffff 00cf9300 DPL=0 DS   [-WA]
FS =0010 00000000 ffffffff 00cf9300 DPL=0 DS   [-WA]
GS =0010 00000000 ffffffff 00cf9300 DPL=0 DS   [-WA]
LDT=0000 00000000 0000ffff 00008200 DPL=0 LDT
TR =0000 00000000 0000ffff 00008b00 DPL=0 TSS32-busy
GDT=     001150a0 0000002f
IDT=     00115100 000007ff
CR0=e0000011 CR2=00000000 CR3=00122000 CR4=00000000
DR0=00000000 DR1=00000000 DR2=00000000 DR3=00000000 
DR6=ffff0ff0 DR7=00000400
CCS=00000010 CCD=0011b038 CCO=EFLAGS
EFER=0000000000000000
Servicing hardware INT=0x40
   258: v=40 e=0000 i=0 cpl=0 IP=0008:00102341 pc=00102341 SP=0010:0011b044 env->regs[R_EAX]=00000000
EAX=00000000 EBX=00000001 ECX=00000780 EDX=000003d5
ESI=00000000 EDI=00000000 EBP=00000000 ESP=0011b044
EIP=00102341 EFL=00000212 [----A--] CPL=0 II=0 A20=1 SMM=0 HLT=0
ES =0010 00000000 ffffffff 00cf9300 DPL=0 DS   [-WA]
CS =0008 00000000 ffffffff 00cf9a00 DPL=0 CS32 [-R-]
SS =0010 00000000 ffffffff 00cf9300 DPL=0 DS   [-WA]
DS =0010 00000000 ffffffff 00cf9300 DPL=0 DS   [-WA]
FS =0010 00000000 ffffffff 00cf9300 DPL=0 DS   [-WA]
GS =0010 00000000 ffffffff 00cf9300 DPL=0 DS   [-WA]
LDT=0000 00000000 0000ffff 00008200 DPL=0 LDT
TR =0000 00000000 0000ffff 00008b00 DPL=0 TSS32-busy
GDT=     001150a0 0000002f
IDT=     00115100 000007ff
CR0=e0000011 CR2=00000000 CR3=00122000 CR4=00000000
DR0=00000000 DR1=00000000 DR2=00000000 DR3=00000000 
DR6=ffff0ff0 DR7=00000400
CCS=00000010 CCD=0011b038 CCO=EFLAGS
EFER=0000000000000000
Servicing hardware INT=0x40
   259: v=40 e=0000 i=0 cpl=0 IP=0008:00102341 pc=00102341 SP=0010:0011b044 env->regs[R_EAX]=00000000
EAX=00000000 EBX=00000001 ECX=00000780 EDX=000003d5
ESI=00000000 EDI=00000000 EBP=00000000 ESP=0011b044
EIP=00102341 EFL=00000212 [----A--] CPL=0 II=0 A20=1 SMM=0 HLT=0
ES =0010 00000000 ffffffff 00cf9300 DPL=0 DS   [-WA]
CS =0008 00000000 ffffffff 00cf9a00 DPL=0 CS32 [-R-]
SS =0010 00000000 ffffffff 00cf9300 DPL=0 DS   [-WA]
DS =0010 00000000 ffffffff 00cf9300 DPL=0 DS   [-WA]
FS =0010 00000000 ffffffff 00cf9300 DPL=0 DS   [-WA]
GS =0010 00000000 ffffffff 00cf9300 DPL=0 DS   [-WA]
LDT=0000 00000000 0000ffff 00008200 DPL=0 LDT
TR =0000 00000000 0000ffff 00008b00 DPL=0 TSS32-busy
GDT=     001150a0 0000002f
IDT=     00115100 000007ff
CR0=e0000011 CR2=00000000 CR3=00122000 CR4=00000000
DR0=00000000 DR1=00000000 DR2=00000000 DR3=00000000 
DR6=ffff0ff0 DR7=00000400
CCS=00000010 CCD=0011b038 CCO=EFLAGS
EFER=0000000000000000
Servicing hardware INT=0x40
   260: v=40 e=0000 i=0 cpl=0 IP=0008:00102341 pc=00102341 SP=0010:0011b044 env->regs[R_EAX]=00000000
EAX=00000000 EBX=00000001 ECX=00000780 EDX=000003d5
ESI=00000000 EDI=00000000 EBP=00000000 ESP=0011b044
EIP=00102341 EFL=00000212 [----A--] CPL=0 II=0 A20=1 SMM=0 HLT=0
ES =0010 00000000 ffffffff 00cf9300 DPL=0 DS   [-WA]
CS =0008 00000000 ffffffff 00cf9a00 DPL=0 CS32 [-R-]
SS =0010 00000000 ffffffff 00cf9300 DPL=0 DS   [-WA]
DS =0010 00000000 ffffffff 00cf9300 DPL=0 DS   [-WA]
FS =0010 00000000 ffffffff 00cf9300 DPL=0 DS   [-WA]
GS =0010 00000000 ffffffff 00cf9300 DPL=0 DS   [-WA]
LDT=0000 00000000 0000ffff 00008200 DPL=0 LDT
TR =0000 00000000 0000ffff 00008b00 DPL=0 TSS32-busy
GDT=     001150a0 0000002f
IDT=     00115100 000007ff
CR0=e0000011 CR2=00000000 CR3=00122000 CR4=00000000
DR0=00000000 DR1=00000000 DR2=00000000 DR3=00000000 
DR6=ffff0ff0 DR7=00000400
CCS=00000010 CCD=0011b038 CCO=EFLAGS
EFER=0000000000000000
Servicing hardware INT=0x40
   261: v=40 e=0000 i=0 cpl=0 IP=0008:00102341 pc=00102341 SP=0010:0011b044 env->regs[R_EAX]=00000000
EAX=00000000 EBX=00000001 ECX=00000780 EDX=000003d5
ESI=00000000 EDI=00000000 EBP=00000000 ESP=0011b044
EIP=00102341 EFL=00000212 [----A--] CPL=0 II=0 A20=1 SMM=0 HLT=0
ES =0010 00000000 ffffffff 00cf9300 DPL=0 DS   [-WA]
CS =0008 00000000 ffffffff 00cf9a00 DPL=0 CS32 [-R-]
SS =0010 00000000 ffffffff 00cf9300 DPL=0 DS   [-WA]
DS =0010 00000000 ffffffff 00cf9300 DPL=0 DS   [-WA]
FS =0010 00000000 ffffffff 00cf9300 DPL=0 DS   [-WA]
GS =0010 00000000 ffffffff 00cf9300 DPL=0 DS   [-WA]
LDT=0000 00000000 0000ffff 00008200 DPL=0 LDT
TR =0000 00000000 0000ffff 00008b00 DPL=0 TSS32-busy
GDT=     001150a0 0000002f
IDT=     00115100 000007ff
CR0=e0000011 CR2=00000000 CR3=00122000 CR4=00000000
DR0=00000000 DR1=00000000 DR2=00000000 DR3=00000000 
DR6=ffff0ff0 DR7=00000400
CCS=00000010 CCD=0011b038 CCO=EFLAGS
EFER=0000000000000000
Servicing hardware INT=0x40
   262: v=40 e=0000 i=0 cpl=0 IP=0008:00102341 pc=00102341 SP=0010:0011b044 env->regs[R_EAX]=00000000
EAX=00000000 EBX=00000001 ECX=00000780 EDX=000003d5
ESI=00000000 EDI=00000000 EBP=00000000 ESP=0011b044
EIP=00102341 EFL=00000212 [----A--] CPL=0 II=0 A20=1 SMM=0 HLT=0
ES =0010 00000000 ffffffff 00cf9300 DPL=0 DS   [-WA]
CS =0008 00000000 ffffffff 00cf9a00 DPL=0 CS32 [-R-]
SS =0010 00000000 ffffffff 00cf9300 DPL=0 DS   [-WA]
DS =0010 00000000 ffffffff 00cf9300 DPL=0 DS   [-WA]
FS =0010 00000000 ffffffff 00cf9300 DPL=0 DS   [-WA]
GS =0010 00000000 ffffffff 00cf9300 DPL=0 DS   [-WA]
LDT=0000 00000000 0000ffff 00008200 DPL=0 LDT
TR =0000 00000000 0000ffff 00008b00 DPL=0 TSS32-busy
GDT=     001150a0 0000002f
IDT=     00115100 000007ff
CR0=e0000011 CR2=00000000 CR3=00122000 CR4=00000000
DR0=00000000 DR1=00000000 DR2=00000000 DR3=00000000 
DR6=ffff0ff0 DR7=00000400
CCS=00000010 CCD=0011b038 CCO=EFLAGS
EFER=0000000000000000
Servicing hardware INT=0x40
   263: v=40 e=0000 i=0 cpl=0 IP=0008:00102341 pc=00102341 SP=0010:0011b044 env->regs[R_EAX]=00000000
EAX=00000000 EBX=00000001 ECX=00000780 EDX=000003d5
ESI=00000000 EDI=00000000 EBP=00000000 ESP=0011b044
EIP=00102341 EFL=00000212 [----A--] CPL=0 II=0 A20=1 SMM=0 HLT=0
ES =0010 00000000 ffffffff 00cf9300 DPL=0 DS   [-WA]
CS =0008 00000000 ffffffff 00cf9a00 DPL=0 CS32 [-R-]
SS =0010 00000000 ffffffff 00cf9300 DPL=0 DS   [-WA]
DS =0010 00000000 ffffffff 00cf9300 DPL=0 DS   [-WA]
FS =0010 00000000 ffffffff 00cf9300 DPL=0 DS   [-WA]
GS =0010 00000000 ffffffff 00cf9300 DPL=0 DS   [-WA]
LDT=0000 00000000 0000ffff 00008200 DPL=0 LDT
TR =0000 00000000 0000ffff 00008b00 DPL=0 TSS32-busy
GDT=     001150a0 0000002f
IDT=     00115100 000007ff
CR0=e0000011 CR2=00000000 CR3=00122000 CR4=00000000
DR0=00000000 DR1=00000000 DR2=00000000 DR3=00000000 
DR6=ffff0ff0 DR7=00000400
CCS=00000010 CCD=0011b038 CCO=EFLAGS
EFER=0000000000000000
Servicing hardware INT=0x40
   264: v=40 e=0000 i=0 cpl=0 IP=0008:00102341 pc=00102341 SP=0010:0011b044 env->regs[R_EAX]=00000000
EAX=00000000 EBX=00000001 ECX=00000780 EDX=000003d5
ESI=00000000 EDI=00000000 EBP=00000000 ESP=0011b044
EIP=00102341 EFL=00000212 [----A--] CPL=0 II=0 A20=1 SMM=0 HLT=0
ES =0010 00000000 ffffffff 00cf9300 DPL=0 DS   [-WA]
CS =0008 00000000 ffffffff 00cf9a00 DPL=0 CS32 [-R-]
SS =0010 00000000 ffffffff 00cf9300 DPL=0 DS   [-WA]
DS =0010 00000000 ffffffff 00cf9300 DPL=0 DS   [-WA]
FS =0010 00000000 ffffffff 00cf9300 DPL=0 DS   [-WA]
GS =0010 00000000 ffffffff 00cf9300 DPL=0 DS   [-WA]
LDT=0000 00000000 0000ffff 00008200 DPL=0 LDT
TR =0000 00000000 0000ffff 00008b00 DPL=0 TSS32-busy
GDT=     001150a0 0000002f
IDT=     00115100 000007ff
CR0=e0000011 CR2=00000000 CR3=00122000 CR4=00000000
DR0=00000000 DR1=00000000 DR2=00000000 DR3=00000000 
DR6=ffff0ff0 DR7=00000400
CCS=00000010 CCD=0011b038 CCO=EFLAGS
EFER=0000000000000000
Servicing hardware INT=0x40
   265: v=40 e=0000 i=0 cpl=0 IP=0008:00102341 pc=00102341 SP=0010:0011b044 env->regs[R_EAX]=00000000
EAX=00000000 EBX=00000001 ECX=00000780 EDX=000003d5
ESI=00000000 EDI=00000000 EBP=00000000 ESP=0011b044
EIP=00102341 EFL=00000212 [----A--] CPL=0 II=0 A20=1 SMM=0 HLT=0
ES =0010 00000000 ffffffff 00cf9300 DPL=0 DS   [-WA]
CS =0008 00000000 ffffffff 00cf9a00 DPL=0 CS32 [-R-]
SS =0010 00000000 ffffffff 00cf9300 DPL=0 DS   [-WA]
DS =0010 00000000 ffffffff 00cf9300 DPL=0 DS   [-WA]
FS =0010 00000000 ffffffff 00cf9300 DPL=0 DS   [-WA]
GS =0010 00000000 ffffffff 00cf9300 DPL=0 DS   [-WA]
LDT=0000 00000000 0000ffff 00008200 DPL=0 LDT
TR =0000 00000000 0000ffff 00008b00 DPL=0 TSS32-busy
GDT=     001150a0 0000002f
IDT=     00115100 000007ff
CR0=e0000011 CR2=00000000 CR3=00122000 CR4=00000000
DR0=00000000 DR1=00000000 DR2=00000000 DR3=00000000 
DR6=ffff0ff0 DR7=00000400
CCS=00000010 CCD=0011b038 CCO=EFLAGS
EFER=0000000000000000
Servicing hardware INT=0x40
   266: v=40 e=0000 i=0 cpl=0 IP=0008:00102341 pc=00102341 SP=0010:0011b044 env->regs[R_EAX]=00000000
EAX=00000000 EBX=00000001 ECX=00000780 EDX=000003d5
ESI=00000000 EDI=00000000 EBP=00000000 ESP=0011b044
EIP=00102341 EFL=00000212 [----A--] CPL=0 II=0 A20=1 SMM=0 HLT=0
ES =0010 00000000 ffffffff 00cf9300 DPL=0 DS   [-WA]
CS =0008 00000000 ffffffff 00cf9a00 DPL=0 CS32 [-R-]
SS =0010 00000000 ffffffff 00cf9300 DPL=0 DS   [-WA]
DS =0010 00000000 ffffffff 00cf9300 DPL=0 DS   [-WA]
FS =0010 00000000 ffffffff 00cf9300 DPL=0 DS   [-WA]
GS =0010 00000000 ffffffff 00cf9300 DPL=0 DS   [-WA]
LDT=0000 00000000 0000ffff 00008200 DPL=0 LDT
TR =0000 00000000 0000ffff 00008b00 DPL=0 TSS32-busy
GDT=     001150a0 0000002f
IDT=     00115100 000007ff
CR0=e0000011 CR2=00000000 CR3=00122000 CR4=00000000
DR0=00000000 DR1=00000000 DR2=00000000 DR3=00000000 
DR6=ffff0ff0 DR7=00000400
CCS=00000010 CCD=0011b038 CCO=EFLAGS
EFER=0000000000000000
Servicing hardware INT=0x40
   267: v=40 e=0000 i=0 cpl=0 IP=0008:00102341 pc=00102341 SP=0010:0011b044 env->regs[R_EAX]=00000000
EAX=00000000 EBX=00000001 ECX=00000780 EDX=000003d5
ESI=00000000 EDI=00000000 EBP=00000000 ESP=0011b044
EIP=00102341 EFL=00000212 [----A--] CPL=0 II=0 A20=1 SMM=0 HLT=0
ES =0010 00000000 ffffffff 00cf9300 DPL=0 DS   [-WA]
CS =0008 00000000 ffffffff 00cf9a00 DPL=0 CS32 [-R-]
SS =0010 00000000 ffffffff 00cf9300 DPL=0 DS   [-WA]
DS =0010 00000000 ffffffff 00cf9300 DPL=0 DS   [-WA]
FS =0010 00000000 ffffffff 00cf9300 DPL=0 DS   [-WA]
GS =0010 00000000 ffffffff 00cf9300 DPL=0 DS   [-WA]
LDT=0000 00000000 0000ffff 00008200 DPL=0 LDT
TR =0000 00000000 0000ffff 00008b00 DPL=0 TSS32-busy
GDT=     001150a0 0000002f
IDT=     00115100 000007ff
CR0=e0000011 CR2=00000000 CR3=00122000 CR4=00000000
DR0=00000000 DR1=00000000 DR2=00000000 DR3=00000000 
DR6=ffff0ff0 DR7=00000400
CCS=00000010 CCD=0011b038 CCO=EFLAGS
EFER=0000000000000000
Servicing hardware INT=0x40
   268: v=40 e=0000 i=0 cpl=0 IP=0008:00102341 pc=00102341 SP=0010:0011b044 env->regs[R_EAX]=00000000
EAX=00000000 EBX=00000001 ECX=00000780 EDX=000003d5
ESI=00000000 EDI=00000000 EBP=00000000 ESP=0011b044
EIP=00102341 EFL=00000212 [----A--] CPL=0 II=0 A20=1 SMM=0 HLT=0
ES =0010 00000000 ffffffff 00cf9300 DPL=0 DS   [-WA]
CS =0008 00000000 ffffffff 00cf9a00 DPL=0 CS32 [-R-]
SS =0010 00000000 ffffffff 00cf9300 DPL=0 DS   [-WA]
DS =0010 00000000 ffffffff 00cf9300 DPL=0 DS   [-WA]
FS =0010 00000000 ffffffff 00cf9300 DPL=0 DS   [-WA]
GS =0010 00000000 ffffffff 00cf9300 DPL=0 DS   [-WA]
LDT=0000 00000000 0000ffff 00008200 DPL=0 LDT
TR =0000 00000000 0000ffff 00008b00 DPL=0 TSS32-busy
GDT=     001150a0 0000002f
IDT=     00115100 000007ff
CR0=e0000011 CR2=00000000 CR3=00122000 CR4=00000000
DR0=00000000 DR1=00000000 DR2=00000000 DR3=00000000 
DR6=ffff0ff0 DR7=00000400
CCS=00000010 CCD=0011b038 CCO=EFLAGS
EFER=0000000000000000
Servicing hardware INT=0x40
   269: v=40 e=0000 i=0 cpl=0 IP=0008:00102341 pc=00102341 SP=0010:0011b044 env->regs[R_EAX]=00000000
EAX=00000000 EBX=00000001 ECX=00000780 EDX=000003d5
ESI=00000000 EDI=00000000 EBP=00000000 ESP=0011b044
EIP=00102341 EFL=00000212 [----A--] CPL=0 II=0 A20=1 SMM=0 HLT=0
ES =0010 00000000 ffffffff 00cf9300 DPL=0 DS   [-WA]
CS =0008 00000000 ffffffff 00cf9a00 DPL=0 CS32 [-R-]
SS =0010 00000000 ffffffff 00cf9300 DPL=0 DS   [-WA]
DS =0010 00000000 ffffffff 00cf9300 DPL=0 DS   [-WA]
FS =0010 00000000 ffffffff 00cf9300 DPL=0 DS   [-WA]
GS =0010 00000000 ffffffff 00cf9300 DPL=0 DS   [-WA]
LDT=0000 00000000 0000ffff 00008200 DPL=0 LDT
TR =0000 00000000 0000ffff 00008b00 DPL=0 TSS32-busy
GDT=     001150a0 0000002f
IDT=     00115100 000007ff
CR0=e0000011 CR2=00000000 CR3=00122000 CR4=00000000
DR0=00000000 DR1=00000000 DR2=00000000 DR3=00000000 
DR6=ffff0ff0 DR7=00000400
CCS=00000010 CCD=0011b038 CCO=EFLAGS
EFER=0000000000000000
Servicing hardware INT=0x40
   270: v=40 e=0000 i=0 cpl=0 IP=0008:00102341 pc=00102341 SP=0010:0011b044 env->regs[R_EAX]=00000000
EAX=00000000 EBX=00000001 ECX=00000780 EDX=000003d5
ESI=00000000 EDI=00000000 EBP=00000000 ESP=0011b044
EIP=00102341 EFL=00000212 [----A--] CPL=0 II=0 A20=1 SMM=0 HLT=0
ES =0010 00000000 ffffffff 00cf9300 DPL=0 DS   [-WA]
CS =0008 00000000 ffffffff 00cf9a00 DPL=0 CS32 [-R-]
SS =0010 00000000 ffffffff 00cf9300 DPL=0 DS   [-WA]
DS =0010 00000000 ffffffff 00cf9300 DPL=0 DS   [-WA]
FS =0010 00000000 ffffffff 00cf9300 DPL=0 DS   [-WA]
GS =0010 00000000 ffffffff 00cf9300 DPL=0 DS   [-WA]
LDT=0000 00000000 0000ffff 00008200 DPL=0 LDT
TR =0000 00000000 0000ffff 00008b00 DPL=0 TSS32-busy
GDT=     001150a0 0000002f
IDT=     00115100 000007ff
CR0=e0000011 CR2=00000000 CR3=00122000 CR4=00000000
DR0=00000000 DR1=00000000 DR2=00000000 DR3=00000000 
DR6=ffff0ff0 DR7=00000400
CCS=00000010 CCD=0011b038 CCO=EFLAGS
EFER=0000000000000000
Servicing hardware INT=0x40
   271: v=40 e=0000 i=0 cpl=0 IP=0008:00102341 pc=00102341 SP=0010:0011b044 env->regs[R_EAX]=00000000
EAX=00000000 EBX=00000001 ECX=00000780 EDX=000003d5
ESI=00000000 EDI=00000000 EBP=00000000 ESP=0011b044
EIP=00102341 EFL=00000212 [----A--] CPL=0 II=0 A20=1 SMM=0 HLT=0
ES =0010 00000000 ffffffff 00cf9300 DPL=0 DS   [-WA]
CS =0008 00000000 ffffffff 00cf9a00 DPL=0 CS32 [-R-]
SS =0010 00000000 ffffffff 00cf9300 DPL=0 DS   [-WA]
DS =0010 00000000 ffffffff 00cf9300 DPL=0 DS   [-WA]
FS =0010 00000000 ffffffff 00cf9300 DPL=0 DS   [-WA]
GS =0010 00000000 ffffffff 00cf9300 DPL=0 DS   [-WA]
LDT=0000 00000000 0000ffff 00008200 DPL=0 LDT
TR =0000 00000000 0000ffff 00008b00 DPL=0 TSS32-busy
GDT=     001150a0 0000002f
IDT=     00115100 000007ff
CR0=e0000011 CR2=00000000 CR3=00122000 CR4=00000000
DR0=00000000 DR1=00000000 DR2=00000000 DR3=00000000 
DR6=ffff0ff0 DR7=00000400
CCS=00000010 CCD=0011b038 CCO=EFLAGS
EFER=0000000000000000
Servicing hardware INT=0x40
   272: v=40 e=0000 i=0 cpl=0 IP=0008:00102341 pc=00102341 SP=0010:0011b044 env->regs[R_EAX]=00000000
EAX=00000000 EBX=00000001 ECX=00000780 EDX=000003d5
ESI=00000000 EDI=00000000 EBP=00000000 ESP=0011b044
EIP=00102341 EFL=00000212 [----A--] CPL=0 II=0 A20=1 SMM=0 HLT=0
ES =0010 00000000 ffffffff 00cf9300 DPL=0 DS   [-WA]
CS =0008 00000000 ffffffff 00cf9a00 DPL=0 CS32 [-R-]
SS =0010 00000000 ffffffff 00cf9300 DPL=0 DS   [-WA]
DS =0010 00000000 ffffffff 00cf9300 DPL=0 DS   [-WA]
FS =0010 00000000 ffffffff 00cf9300 DPL=0 DS   [-WA]
GS =0010 00000000 ffffffff 00cf9300 DPL=0 DS   [-WA]
LDT=0000 00000000 0000ffff 00008200 DPL=0 LDT
TR =0000 00000000 0000ffff 00008b00 DPL=0 TSS32-busy
GDT=     001150a0 0000002f
IDT=     00115100 000007ff
CR0=e0000011 CR2=00000000 CR3=00122000 CR4=00000000
DR0=00000000 DR1=00000000 DR2=00000000 DR3=00000000 
DR6=ffff0ff0 DR7=00000400
CCS=00000010 CCD=0011b038 CCO=EFLAGS
EFER=0000000000000000
Servicing hardware INT=0x40
   273: v=40 e=0000 i=0 cpl=0 IP=0008:00102341 pc=00102341 SP=0010:0011b044 env->regs[R_EAX]=00000000
EAX=00000000 EBX=00000001 ECX=00000780 EDX=000003d5
ESI=00000000 EDI=00000000 EBP=00000000 ESP=0011b044
EIP=00102341 EFL=00000212 [----A--] CPL=0 II=0 A20=1 SMM=0 HLT=0
ES =0010 00000000 ffffffff 00cf9300 DPL=0 DS   [-WA]
CS =0008 00000000 ffffffff 00cf9a00 DPL=0 CS32 [-R-]
SS =0010 00000000 ffffffff 00cf9300 DPL=0 DS   [-WA]
DS =0010 00000000 ffffffff 00cf9300 DPL=0 DS   [-WA]
FS =0010 00000000 ffffffff 00cf9300 DPL=0 DS   [-WA]
GS =0010 00000000 ffffffff 00cf9300 DPL=0 DS   [-WA]
LDT=0000 00000000 0000ffff 00008200 DPL=0 LDT
TR =0000 00000000 0000ffff 00008b00 DPL=0 TSS32-busy
GDT=     001150a0 0000002f
IDT=     00115100 000007ff
CR0=e0000011 CR2=00000000 CR3=00122000 CR4=00000000
DR0=00000000 DR1=00000000 DR2=00000000 DR3=00000000 
DR6=ffff0ff0 DR7=00000400
CCS=00000010 CCD=0011b038 CCO=EFLAGS
EFER=0000000000000000
Servicing hardware INT=0x40
   274: v=40 e=0000 i=0 cpl=0 IP=0008:00102341 pc=00102341 SP=0010:0011b044 env->regs[R_EAX]=00000000
EAX=00000000 EBX=00000001 ECX=00000780 EDX=000003d5
ESI=00000000 EDI=00000000 EBP=00000000 ESP=0011b044
EIP=00102341 EFL=00000212 [----A--] CPL=0 II=0 A20=1 SMM=0 HLT=0
ES =0010 00000000 ffffffff 00cf9300 DPL=0 DS   [-WA]
CS =0008 00000000 ffffffff 00cf9a00 DPL=0 CS32 [-R-]
SS =0010 00000000 ffffffff 00cf9300 DPL=0 DS   [-WA]
DS =0010 00000000 ffffffff 00cf9300 DPL=0 DS   [-WA]
FS =0010 00000000 ffffffff 00cf9300 DPL=0 DS   [-WA]
GS =0010 00000000 ffffffff 00cf9300 DPL=0 DS   [-WA]
LDT=0000 00000000 0000ffff 00008200 DPL=0 LDT
TR =0000 00000000 0000ffff 00008b00 DPL=0 TSS32-busy
GDT=     001150a0 0000002f
IDT=     00115100 000007ff
CR0=e0000011 CR2=00000000 CR3=00122000 CR4=00000000
DR0=00000000 DR1=00000000 DR2=00000000 DR3=00000000 
DR6=ffff0ff0 DR7=00000400
CCS=00000010 CCD=0011b038 CCO=EFLAGS
EFER=0000000000000000
Servicing hardware INT=0x40
   275: v=40 e=0000 i=0 cpl=0 IP=0008:00102341 pc=00102341 SP=0010:0011b044 env->regs[R_EAX]=00000000
EAX=00000000 EBX=00000001 ECX=00000780 EDX=000003d5
ESI=00000000 EDI=00000000 EBP=00000000 ESP=0011b044
EIP=00102341 EFL=00000212 [----A--] CPL=0 II=0 A20=1 SMM=0 HLT=0
ES =0010 00000000 ffffffff 00cf9300 DPL=0 DS   [-WA]
CS =0008 00000000 ffffffff 00cf9a00 DPL=0 CS32 [-R-]
SS =0010 00000000 ffffffff 00cf9300 DPL=0 DS   [-WA]
DS =0010 00000000 ffffffff 00cf9300 DPL=0 DS   [-WA]
FS =0010 00000000 ffffffff 00cf9300 DPL=0 DS   [-WA]
GS =0010 00000000 ffffffff 00cf9300 DPL=0 DS   [-WA]
LDT=0000 00000000 0000ffff 00008200 DPL=0 LDT
TR =0000 00000000 0000ffff 00008b00 DPL=0 TSS32-busy
GDT=     001150a0 0000002f
IDT=     00115100 000007ff
CR0=e0000011 CR2=00000000 CR3=00122000 CR4=00000000
DR0=00000000 DR1=00000000 DR2=00000000 DR3=00000000 
DR6=ffff0ff0 DR7=00000400
CCS=00000010 CCD=0011b038 CCO=EFLAGS
EFER=0000000000000000
Servicing hardware INT=0x40
   276: v=40 e=0000 i=0 cpl=0 IP=0008:00102341 pc=00102341 SP=0010:0011b044 env->regs[R_EAX]=00000000
EAX=00000000 EBX=00000001 ECX=00000780 EDX=000003d5
ESI=00000000 EDI=00000000 EBP=00000000 ESP=0011b044
EIP=00102341 EFL=00000212 [----A--] CPL=0 II=0 A20=1 SMM=0 HLT=0
ES =0010 00000000 ffffffff 00cf9300 DPL=0 DS   [-WA]
CS =0008 00000000 ffffffff 00cf9a00 DPL=0 CS32 [-R-]
SS =0010 00000000 ffffffff 00cf9300 DPL=0 DS   [-WA]
DS =0010 00000000 ffffffff 00cf9300 DPL=0 DS   [-WA]
FS =0010 00000000 ffffffff 00cf9300 DPL=0 DS   [-WA]
GS =0010 00000000 ffffffff 00cf9300 DPL=0 DS   [-WA]
LDT=0000 00000000 0000ffff 00008200 DPL=0 LDT
TR =0000 00000000 0000ffff 00008b00 DPL=0 TSS32-busy
GDT=     001150a0 0000002f
IDT=     00115100 000007ff
CR0=e0000011 CR2=00000000 CR3=00122000 CR4=00000000
DR0=00000000 DR1=00000000 DR2=00000000 DR3=00000000 
DR6=ffff0ff0 DR7=00000400
CCS=00000010 CCD=0011b038 CCO=EFLAGS
EFER=0000000000000000
Servicing hardware INT=0x40
   277: v=40 e=0000 i=0 cpl=0 IP=0008:00102341 pc=00102341 SP=0010:0011b044 env->regs[R_EAX]=00000000
EAX=00000000 EBX=00000001 ECX=00000780 EDX=000003d5
ESI=00000000 EDI=00000000 EBP=00000000 ESP=0011b044
EIP=00102341 EFL=00000212 [----A--] CPL=0 II=0 A20=1 SMM=0 HLT=0
ES =0010 00000000 ffffffff 00cf9300 DPL=0 DS   [-WA]
CS =0008 00000000 ffffffff 00cf9a00 DPL=0 CS32 [-R-]
SS =0010 00000000 ffffffff 00cf9300 DPL=0 DS   [-WA]
DS =0010 00000000 ffffffff 00cf9300 DPL=0 DS   [-WA]
FS =0010 00000000 ffffffff 00cf9300 DPL=0 DS   [-WA]
GS =0010 00000000 ffffffff 00cf9300 DPL=0 DS   [-WA]
LDT=0000 00000000 0000ffff 00008200 DPL=0 LDT
TR =0000 00000000 0000ffff 00008b00 DPL=0 TSS32-busy
GDT=     001150a0 0000002f
IDT=     00115100 000007ff
CR0=e0000011 CR2=00000000 CR3=00122000 CR4=00000000
DR0=00000000 DR1=00000000 DR2=00000000 DR3=00000000 
DR6=ffff0ff0 DR7=00000400
CCS=00000010 CCD=0011b038 CCO=EFLAGS
EFER=0000000000000000
Servicing hardware INT=0x40
   278: v=40 e=0000 i=0 cpl=0 IP=0008:00102341 pc=00102341 SP=0010:0011b044 env->regs[R_EAX]=00000000
EAX=00000000 EBX=00000001 ECX=00000780 EDX=000003d5
ESI=00000000 EDI=00000000 EBP=00000000 ESP=0011b044
EIP=00102341 EFL=00000212 [----A--] CPL=0 II=0 A20=1 SMM=0 HLT=0
ES =0010 00000000 ffffffff 00cf9300 DPL=0 DS   [-WA]
CS =0008 00000000 ffffffff 00cf9a00 DPL=0 CS32 [-R-]
SS =0010 00000000 ffffffff 00cf9300 DPL=0 DS   [-WA]
DS =0010 00000000 ffffffff 00cf9300 DPL=0 DS   [-WA]
FS =0010 00000000 ffffffff 00cf9300 DPL=0 DS   [-WA]
GS =0010 00000000 ffffffff 00cf9300 DPL=0 DS   [-WA]
LDT=0000 00000000 0000ffff 00008200 DPL=0 LDT
TR =0000 00000000 0000ffff 00008b00 DPL=0 TSS32-busy
GDT=     001150a0 0000002f
IDT=     00115100 000007ff
CR0=e0000011 CR2=00000000 CR3=00122000 CR4=00000000
DR0=00000000 DR1=00000000 DR2=00000000 DR3=00000000 
DR6=ffff0ff0 DR7=00000400
CCS=00000010 CCD=0011b038 CCO=EFLAGS
EFER=0000000000000000
Servicing hardware INT=0x40
   279: v=40 e=0000 i=0 cpl=0 IP=0008:00102341 pc=00102341 SP=0010:0011b044 env->regs[R_EAX]=00000000
EAX=00000000 EBX=00000001 ECX=00000780 EDX=000003d5
ESI=00000000 EDI=00000000 EBP=00000000 ESP=0011b044
EIP=00102341 EFL=00000212 [----A--] CPL=0 II=0 A20=1 SMM=0 HLT=0
ES =0010 00000000 ffffffff 00cf9300 DPL=0 DS   [-WA]
CS =0008 00000000 ffffffff 00cf9a00 DPL=0 CS32 [-R-]
SS =0010 00000000 ffffffff 00cf9300 DPL=0 DS   [-WA]
DS =0010 00000000 ffffffff 00cf9300 DPL=0 DS   [-WA]
FS =0010 00000000 ffffffff 00cf9300 DPL=0 DS   [-WA]
GS =0010 00000000 ffffffff 00cf9300 DPL=0 DS   [-WA]
LDT=0000 00000000 0000ffff 00008200 DPL=0 LDT
TR =0000 00000000 0000ffff 00008b00 DPL=0 TSS32-busy
GDT=     001150a0 0000002f
IDT=     00115100 000007ff
CR0=e0000011 CR2=00000000 CR3=00122000 CR4=00000000
DR0=00000000 DR1=00000000 DR2=00000000 DR3=00000000 
DR6=ffff0ff0 DR7=00000400
CCS=00000010 CCD=0011b038 CCO=EFLAGS
EFER=0000000000000000
Servicing hardware INT=0x40
   280: v=40 e=0000 i=0 cpl=0 IP=0008:00102341 pc=00102341 SP=0010:0011b044 env->regs[R_EAX]=00000000
EAX=00000000 EBX=00000001 ECX=00000780 EDX=000003d5
ESI=00000000 EDI=00000000 EBP=00000000 ESP=0011b044
EIP=00102341 EFL=00000212 [----A--] CPL=0 II=0 A20=1 SMM=0 HLT=0
ES =0010 00000000 ffffffff 00cf9300 DPL=0 DS   [-WA]
CS =0008 00000000 ffffffff 00cf9a00 DPL=0 CS32 [-R-]
SS =0010 00000000 ffffffff 00cf9300 DPL=0 DS   [-WA]
DS =0010 00000000 ffffffff 00cf9300 DPL=0 DS   [-WA]
FS =0010 00000000 ffffffff 00cf9300 DPL=0 DS   [-WA]
GS =0010 00000000 ffffffff 00cf9300 DPL=0 DS   [-WA]
LDT=0000 00000000 0000ffff 00008200 DPL=0 LDT
TR =0000 00000000 0000ffff 00008b00 DPL=0 TSS32-busy
GDT=     001150a0 0000002f
IDT=     00115100 000007ff
CR0=e0000011 CR2=00000000 CR3=00122000 CR4=00000000
DR0=00000000 DR1=00000000 DR2=00000000 DR3=00000000 
DR6=ffff0ff0 DR7=00000400
CCS=00000010 CCD=0011b038 CCO=EFLAGS
EFER=0000000000000000
Servicing hardware INT=0x40
   281: v=40 e=0000 i=0 cpl=0 IP=0008:00102341 pc=00102341 SP=0010:0011b044 env->regs[R_EAX]=00000000
EAX=00000000 EBX=00000001 ECX=00000780 EDX=000003d5
ESI=00000000 EDI=00000000 EBP=00000000 ESP=0011b044
EIP=00102341 EFL=00000212 [----A--] CPL=0 II=0 A20=1 SMM=0 HLT=0
ES =0010 00000000 ffffffff 00cf9300 DPL=0 DS   [-WA]
CS =0008 00000000 ffffffff 00cf9a00 DPL=0 CS32 [-R-]
SS =0010 00000000 ffffffff 00cf9300 DPL=0 DS   [-WA]
DS =0010 00000000 ffffffff 00cf9300 DPL=0 DS   [-WA]
FS =0010 00000000 ffffffff 00cf9300 DPL=0 DS   [-WA]
GS =0010 00000000 ffffffff 00cf9300 DPL=0 DS   [-WA]
LDT=0000 00000000 0000ffff 00008200 DPL=0 LDT
TR =0000 00000000 0000ffff 00008b00 DPL=0 TSS32-busy
GDT=     001150a0 0000002f
IDT=     00115100 000007ff
CR0=e0000011 CR2=00000000 CR3=00122000 CR4=00000000
DR0=00000000 DR1=00000000 DR2=00000000 DR3=00000000 
DR6=ffff0ff0 DR7=00000400
CCS=00000010 CCD=0011b038 CCO=EFLAGS
EFER=0000000000000000
Servicing hardware INT=0x40
   282: v=40 e=0000 i=0 cpl=0 IP=0008:00102341 pc=00102341 SP=0010:0011b044 env->regs[R_EAX]=00000000
EAX=00000000 EBX=00000001 ECX=00000780 EDX=000003d5
ESI=00000000 EDI=00000000 EBP=00000000 ESP=0011b044
EIP=00102341 EFL=00000212 [----A--] CPL=0 II=0 A20=1 SMM=0 HLT=0
ES =0010 00000000 ffffffff 00cf9300 DPL=0 DS   [-WA]
CS =0008 00000000 ffffffff 00cf9a00 DPL=0 CS32 [-R-]
SS =0010 00000000 ffffffff 00cf9300 DPL=0 DS   [-WA]
DS =0010 00000000 ffffffff 00cf9300 DPL=0 DS   [-WA]
FS =0010 00000000 ffffffff 00cf9300 DPL=0 DS   [-WA]
GS =0010 00000000 ffffffff 00cf9300 DPL=0 DS   [-WA]
LDT=0000 00000000 0000ffff 00008200 DPL=0 LDT
TR =0000 00000000 0000ffff 00008b00 DPL=0 TSS32-busy
GDT=     001150a0 0000002f
IDT=     00115100 000007ff
CR0=e0000011 CR2=00000000 CR3=00122000 CR4=00000000
DR0=00000000 DR1=00000000 DR2=00000000 DR3=00000000 
DR6=ffff0ff0 DR7=00000400
CCS=00000010 CCD=0011b038 CCO=EFLAGS
EFER=0000000000000000
Servicing hardware INT=0x40
   283: v=40 e=0000 i=0 cpl=0 IP=0008:00102341 pc=00102341 SP=0010:0011b044 env->regs[R_EAX]=00000000
EAX=00000000 EBX=00000001 ECX=00000780 EDX=000003d5
ESI=00000000 EDI=00000000 EBP=00000000 ESP=0011b044
EIP=00102341 EFL=00000212 [----A--] CPL=0 II=0 A20=1 SMM=0 HLT=0
ES =0010 00000000 ffffffff 00cf9300 DPL=0 DS   [-WA]
CS =0008 00000000 ffffffff 00cf9a00 DPL=0 CS32 [-R-]
SS =0010 00000000 ffffffff 00cf9300 DPL=0 DS   [-WA]
DS =0010 00000000 ffffffff 00cf9300 DPL=0 DS   [-WA]
FS =0010 00000000 ffffffff 00cf9300 DPL=0 DS   [-WA]
GS =0010 00000000 ffffffff 00cf9300 DPL=0 DS   [-WA]
LDT=0000 00000000 0000ffff 00008200 DPL=0 LDT
TR =0000 00000000 0000ffff 00008b00 DPL=0 TSS32-busy
GDT=     001150a0 0000002f
IDT=     00115100 000007ff
CR0=e0000011 CR2=00000000 CR3=00122000 CR4=00000000
DR0=00000000 DR1=00000000 DR2=00000000 DR3=00000000 
DR6=ffff0ff0 DR7=00000400
CCS=00000010 CCD=0011b038 CCO=EFLAGS
EFER=0000000000000000
Servicing hardware INT=0x40
   284: v=40 e=0000 i=0 cpl=0 IP=0008:00102341 pc=00102341 SP=0010:0011b044 env->regs[R_EAX]=00000000
EAX=00000000 EBX=00000001 ECX=00000780 EDX=000003d5
ESI=00000000 EDI=00000000 EBP=00000000 ESP=0011b044
EIP=00102341 EFL=00000212 [----A--] CPL=0 II=0 A20=1 SMM=0 HLT=0
ES =0010 00000000 ffffffff 00cf9300 DPL=0 DS   [-WA]
CS =0008 00000000 ffffffff 00cf9a00 DPL=0 CS32 [-R-]
SS =0010 00000000 ffffffff 00cf9300 DPL=0 DS   [-WA]
DS =0010 00000000 ffffffff 00cf9300 DPL=0 DS   [-WA]
FS =0010 00000000 ffffffff 00cf9300 DPL=0 DS   [-WA]
GS =0010 00000000 ffffffff 00cf9300 DPL=0 DS   [-WA]
LDT=0000 00000000 0000ffff 00008200 DPL=0 LDT
TR =0000 00000000 0000ffff 00008b00 DPL=0 TSS32-busy
GDT=     001150a0 0000002f
IDT=     00115100 000007ff
CR0=e0000011 CR2=00000000 CR3=00122000 CR4=00000000
DR0=00000000 DR1=00000000 DR2=00000000 DR3=00000000 
DR6=ffff0ff0 DR7=00000400
CCS=00000010 CCD=0011b038 CCO=EFLAGS
EFER=0000000000000000
Servicing hardware INT=0x40
   285: v=40 e=0000 i=0 cpl=0 IP=0008:00102341 pc=00102341 SP=0010:0011b044 env->regs[R_EAX]=00000000
EAX=00000000 EBX=00000001 ECX=00000780 EDX=000003d5
ESI=00000000 EDI=00000000 EBP=00000000 ESP=0011b044
EIP=00102341 EFL=00000212 [----A--] CPL=0 II=0 A20=1 SMM=0 HLT=0
ES =0010 00000000 ffffffff 00cf9300 DPL=0 DS   [-WA]
CS =0008 00000000 ffffffff 00cf9a00 DPL=0 CS32 [-R-]
SS =0010 00000000 ffffffff 00cf9300 DPL=0 DS   [-WA]
DS =0010 00000000 ffffffff 00cf9300 DPL=0 DS   [-WA]
FS =0010 00000000 ffffffff 00cf9300 DPL=0 DS   [-WA]
GS =0010 00000000 ffffffff 00cf9300 DPL=0 DS   [-WA]
LDT=0000 00000000 0000ffff 00008200 DPL=0 LDT
TR =0000 00000000 0000ffff 00008b00 DPL=0 TSS32-busy
GDT=     001150a0 0000002f
IDT=     00115100 000007ff
CR0=e0000011 CR2=00000000 CR3=00122000 CR4=00000000
DR0=00000000 DR1=00000000 DR2=00000000 DR3=00000000 
DR6=ffff0ff0 DR7=00000400
CCS=00000010 CCD=0011b038 CCO=EFLAGS
EFER=0000000000000000
Servicing hardware INT=0x40
   286: v=40 e=0000 i=0 cpl=0 IP=0008:00102341 pc=00102341 SP=0010:0011b044 env->regs[R_EAX]=00000000
EAX=00000000 EBX=00000001 ECX=00000780 EDX=000003d5
ESI=00000000 EDI=00000000 EBP=00000000 ESP=0011b044
EIP=00102341 EFL=00000212 [----A--] CPL=0 II=0 A20=1 SMM=0 HLT=0
ES =0010 00000000 ffffffff 00cf9300 DPL=0 DS   [-WA]
CS =0008 00000000 ffffffff 00cf9a00 DPL=0 CS32 [-R-]
SS =0010 00000000 ffffffff 00cf9300 DPL=0 DS   [-WA]
DS =0010 00000000 ffffffff 00cf9300 DPL=0 DS   [-WA]
FS =0010 00000000 ffffffff 00cf9300 DPL=0 DS   [-WA]
GS =0010 00000000 ffffffff 00cf9300 DPL=0 DS   [-WA]
LDT=0000 00000000 0000ffff 00008200 DPL=0 LDT
TR =0000 00000000 0000ffff 00008b00 DPL=0 TSS32-busy
GDT=     001150a0 0000002f
IDT=     00115100 000007ff
CR0=e0000011 CR2=00000000 CR3=00122000 CR4=00000000
DR0=00000000 DR1=00000000 DR2=00000000 DR3=00000000 
DR6=ffff0ff0 DR7=00000400
CCS=00000010 CCD=0011b038 CCO=EFLAGS
EFER=0000000000000000
Servicing hardware INT=0x40
   287: v=40 e=0000 i=0 cpl=0 IP=0008:00102341 pc=00102341 SP=0010:0011b044 env->regs[R_EAX]=00000000
EAX=00000000 EBX=00000001 ECX=00000780 EDX=000003d5
ESI=00000000 EDI=00000000 EBP=00000000 ESP=0011b044
EIP=00102341 EFL=00000212 [----A--] CPL=0 II=0 A20=1 SMM=0 HLT=0
ES =0010 00000000 ffffffff 00cf9300 DPL=0 DS   [-WA]
CS =0008 00000000 ffffffff 00cf9a00 DPL=0 CS32 [-R-]
SS =0010 00000000 ffffffff 00cf9300 DPL=0 DS   [-WA]
DS =0010 00000000 ffffffff 00cf9300 DPL=0 DS   [-WA]
FS =0010 00000000 ffffffff 00cf9300 DPL=0 DS   [-WA]
GS =0010 00000000 ffffffff 00cf9300 DPL=0 DS   [-WA]
LDT=0000 00000000 0000ffff 00008200 DPL=0 LDT
TR =0000 00000000 0000ffff 00008b00 DPL=0 TSS32-busy
GDT=     001150a0 0000002f
IDT=     00115100 000007ff
CR0=e0000011 CR2=00000000 CR3=00122000 CR4=00000000
DR0=00000000 DR1=00000000 DR2=00000000 DR3=00000000 
DR6=ffff0ff0 DR7=00000400
CCS=00000010 CCD=0011b038 CCO=EFLAGS
EFER=0000000000000000
Servicing hardware INT=0x40
   288: v=40 e=0000 i=0 cpl=0 IP=0008:00102341 pc=00102341 SP=0010:0011b044 env->regs[R_EAX]=00000000
EAX=00000000 EBX=00000001 ECX=00000780 EDX=000003d5
ESI=00000000 EDI=00000000 EBP=00000000 ESP=0011b044
EIP=00102341 EFL=00000212 [----A--] CPL=0 II=0 A20=1 SMM=0 HLT=0
ES =0010 00000000 ffffffff 00cf9300 DPL=0 DS   [-WA]
CS =0008 00000000 ffffffff 00cf9a00 DPL=0 CS32 [-R-]
SS =0010 00000000 ffffffff 00cf9300 DPL=0 DS   [-WA]
DS =0010 00000000 ffffffff 00cf9300 DPL=0 DS   [-WA]
FS =0010 00000000 ffffffff 00cf9300 DPL=0 DS   [-WA]
GS =0010 00000000 ffffffff 00cf9300 DPL=0 DS   [-WA]
LDT=0000 00000000 0000ffff 00008200 DPL=0 LDT
TR =0000 00000000 0000ffff 00008b00 DPL=0 TSS32-busy
GDT=     001150a0 0000002f
IDT=     00115100 000007ff
CR0=e0000011 CR2=00000000 CR3=00122000 CR4=00000000
DR0=00000000 DR1=00000000 DR2=00000000 DR3=00000000 
DR6=ffff0ff0 DR7=00000400
CCS=00000010 CCD=0011b038 CCO=EFLAGS
EFER=0000000000000000
Servicing hardware INT=0x40
   289: v=40 e=0000 i=0 cpl=0 IP=0008:00102341 pc=00102341 SP=0010:0011b044 env->regs[R_EAX]=00000000
EAX=00000000 EBX=00000001 ECX=00000780 EDX=000003d5
ESI=00000000 EDI=00000000 EBP=00000000 ESP=0011b044
EIP=00102341 EFL=00000212 [----A--] CPL=0 II=0 A20=1 SMM=0 HLT=0
ES =0010 00000000 ffffffff 00cf9300 DPL=0 DS   [-WA]
CS =0008 00000000 ffffffff 00cf9a00 DPL=0 CS32 [-R-]
SS =0010 00000000 ffffffff 00cf9300 DPL=0 DS   [-WA]
DS =0010 00000000 ffffffff 00cf9300 DPL=0 DS   [-WA]
FS =0010 00000000 ffffffff 00cf9300 DPL=0 DS   [-WA]
GS =0010 00000000 ffffffff 00cf9300 DPL=0 DS   [-WA]
LDT=0000 00000000 0000ffff 00008200 DPL=0 LDT
TR =0000 00000000 0000ffff 00008b00 DPL=0 TSS32-busy
GDT=     001150a0 0000002f
IDT=     00115100 000007ff
CR0=e0000011 CR2=00000000 CR3=00122000 CR4=00000000
DR0=00000000 DR1=00000000 DR2=00000000 DR3=00000000 
DR6=ffff0ff0 DR7=00000400
CCS=00000010 CCD=0011b038 CCO=EFLAGS
EFER=0000000000000000
Servicing hardware INT=0x40
   290: v=40 e=0000 i=0 cpl=0 IP=0008:00102341 pc=00102341 SP=0010:0011b044 env->regs[R_EAX]=00000000
EAX=00000000 EBX=00000001 ECX=00000780 EDX=000003d5
ESI=00000000 EDI=00000000 EBP=00000000 ESP=0011b044
EIP=00102341 EFL=00000212 [----A--] CPL=0 II=0 A20=1 SMM=0 HLT=0
ES =0010 00000000 ffffffff 00cf9300 DPL=0 DS   [-WA]
CS =0008 00000000 ffffffff 00cf9a00 DPL=0 CS32 [-R-]
SS =0010 00000000 ffffffff 00cf9300 DPL=0 DS   [-WA]
DS =0010 00000000 ffffffff 00cf9300 DPL=0 DS   [-WA]
FS =0010 00000000 ffffffff 00cf9300 DPL=0 DS   [-WA]
GS =0010 00000000 ffffffff 00cf9300 DPL=0 DS   [-WA]
LDT=0000 00000000 0000ffff 00008200 DPL=0 LDT
TR =0000 00000000 0000ffff 00008b00 DPL=0 TSS32-busy
GDT=     001150a0 0000002f
IDT=     00115100 000007ff
CR0=e0000011 CR2=00000000 CR3=00122000 CR4=00000000
DR0=00000000 DR1=00000000 DR2=00000000 DR3=00000000 
DR6=ffff0ff0 DR7=00000400
CCS=00000010 CCD=0011b038 CCO=EFLAGS
EFER=0000000000000000
Servicing hardware INT=0x40
   291: v=40 e=0000 i=0 cpl=0 IP=0008:00102341 pc=00102341 SP=0010:0011b044 env->regs[R_EAX]=00000000
EAX=00000000 EBX=00000001 ECX=00000780 EDX=000003d5
ESI=00000000 EDI=00000000 EBP=00000000 ESP=0011b044
EIP=00102341 EFL=00000212 [----A--] CPL=0 II=0 A20=1 SMM=0 HLT=0
ES =0010 00000000 ffffffff 00cf9300 DPL=0 DS   [-WA]
CS =0008 00000000 ffffffff 00cf9a00 DPL=0 CS32 [-R-]
SS =0010 00000000 ffffffff 00cf9300 DPL=0 DS   [-WA]
DS =0010 00000000 ffffffff 00cf9300 DPL=0 DS   [-WA]
FS =0010 00000000 ffffffff 00cf9300 DPL=0 DS   [-WA]
GS =0010 00000000 ffffffff 00cf9300 DPL=0 DS   [-WA]
LDT=0000 00000000 0000ffff 00008200 DPL=0 LDT
TR =0000 00000000 0000ffff 00008b00 DPL=0 TSS32-busy
GDT=     001150a0 0000002f
IDT=     00115100 000007ff
CR0=e0000011 CR2=00000000 CR3=00122000 CR4=00000000
DR0=00000000 DR1=00000000 DR2=00000000 DR3=00000000 
DR6=ffff0ff0 DR7=00000400
CCS=00000010 CCD=0011b038 CCO=EFLAGS
EFER=0000000000000000
Servicing hardware INT=0x40
   292: v=40 e=0000 i=0 cpl=0 IP=0008:00102341 pc=00102341 SP=0010:0011b044 env->regs[R_EAX]=00000000
EAX=00000000 EBX=00000001 ECX=00000780 EDX=000003d5
ESI=00000000 EDI=00000000 EBP=00000000 ESP=0011b044
EIP=00102341 EFL=00000212 [----A--] CPL=0 II=0 A20=1 SMM=0 HLT=0
ES =0010 00000000 ffffffff 00cf9300 DPL=0 DS   [-WA]
CS =0008 00000000 ffffffff 00cf9a00 DPL=0 CS32 [-R-]
SS =0010 00000000 ffffffff 00cf9300 DPL=0 DS   [-WA]
DS =0010 00000000 ffffffff 00cf9300 DPL=0 DS   [-WA]
FS =0010 00000000 ffffffff 00cf9300 DPL=0 DS   [-WA]
GS =0010 00000000 ffffffff 00cf9300 DPL=0 DS   [-WA]
LDT=0000 00000000 0000ffff 00008200 DPL=0 LDT
TR =0000 00000000 0000ffff 00008b00 DPL=0 TSS32-busy
GDT=     001150a0 0000002f
IDT=     00115100 000007ff
CR0=e0000011 CR2=00000000 CR3=00122000 CR4=00000000
DR0=00000000 DR1=00000000 DR2=00000000 DR3=00000000 
DR6=ffff0ff0 DR7=00000400
CCS=00000010 CCD=0011b038 CCO=EFLAGS
EFER=0000000000000000
Servicing hardware INT=0x40
   293: v=40 e=0000 i=0 cpl=0 IP=0008:00102341 pc=00102341 SP=0010:0011b044 env->regs[R_EAX]=00000000
EAX=00000000 EBX=00000001 ECX=00000780 EDX=000003d5
ESI=00000000 EDI=00000000 EBP=00000000 ESP=0011b044
EIP=00102341 EFL=00000212 [----A--] CPL=0 II=0 A20=1 SMM=0 HLT=0
ES =0010 00000000 ffffffff 00cf9300 DPL=0 DS   [-WA]
CS =0008 00000000 ffffffff 00cf9a00 DPL=0 CS32 [-R-]
SS =0010 00000000 ffffffff 00cf9300 DPL=0 DS   [-WA]
DS =0010 00000000 ffffffff 00cf9300 DPL=0 DS   [-WA]
FS =0010 00000000 ffffffff 00cf9300 DPL=0 DS   [-WA]
GS =0010 00000000 ffffffff 00cf9300 DPL=0 DS   [-WA]
LDT=0000 00000000 0000ffff 00008200 DPL=0 LDT
TR =0000 00000000 0000ffff 00008b00 DPL=0 TSS32-busy
GDT=     001150a0 0000002f
IDT=     00115100 000007ff
CR0=e0000011 CR2=00000000 CR3=00122000 CR4=00000000
DR0=00000000 DR1=00000000 DR2=00000000 DR3=00000000 
DR6=ffff0ff0 DR7=00000400
CCS=00000010 CCD=0011b038 CCO=EFLAGS
EFER=0000000000000000
Servicing hardware INT=0x40
   294: v=40 e=0000 i=0 cpl=0 IP=0008:00102341 pc=00102341 SP=0010:0011b044 env->regs[R_EAX]=00000000
EAX=00000000 EBX=00000001 ECX=00000780 EDX=000003d5
ESI=00000000 EDI=00000000 EBP=00000000 ESP=0011b044
EIP=00102341 EFL=00000212 [----A--] CPL=0 II=0 A20=1 SMM=0 HLT=0
ES =0010 00000000 ffffffff 00cf9300 DPL=0 DS   [-WA]
CS =0008 00000000 ffffffff 00cf9a00 DPL=0 CS32 [-R-]
SS =0010 00000000 ffffffff 00cf9300 DPL=0 DS   [-WA]
DS =0010 00000000 ffffffff 00cf9300 DPL=0 DS   [-WA]
FS =0010 00000000 ffffffff 00cf9300 DPL=0 DS   [-WA]
GS =0010 00000000 ffffffff 00cf9300 DPL=0 DS   [-WA]
LDT=0000 00000000 0000ffff 00008200 DPL=0 LDT
TR =0000 00000000 0000ffff 00008b00 DPL=0 TSS32-busy
GDT=     001150a0 0000002f
IDT=     00115100 000007ff
CR0=e0000011 CR2=00000000 CR3=00122000 CR4=00000000
DR0=00000000 DR1=00000000 DR2=00000000 DR3=00000000 
DR6=ffff0ff0 DR7=00000400
CCS=00000010 CCD=0011b038 CCO=EFLAGS
EFER=0000000000000000
Servicing hardware INT=0x40
   295: v=40 e=0000 i=0 cpl=0 IP=0008:00102341 pc=00102341 SP=0010:0011b044 env->regs[R_EAX]=00000000
EAX=00000000 EBX=00000001 ECX=00000780 EDX=000003d5
ESI=00000000 EDI=00000000 EBP=00000000 ESP=0011b044
EIP=00102341 EFL=00000212 [----A--] CPL=0 II=0 A20=1 SMM=0 HLT=0
ES =0010 00000000 ffffffff 00cf9300 DPL=0 DS   [-WA]
CS =0008 00000000 ffffffff 00cf9a00 DPL=0 CS32 [-R-]
SS =0010 00000000 ffffffff 00cf9300 DPL=0 DS   [-WA]
DS =0010 00000000 ffffffff 00cf9300 DPL=0 DS   [-WA]
FS =0010 00000000 ffffffff 00cf9300 DPL=0 DS   [-WA]
GS =0010 00000000 ffffffff 00cf9300 DPL=0 DS   [-WA]
LDT=0000 00000000 0000ffff 00008200 DPL=0 LDT
TR =0000 00000000 0000ffff 00008b00 DPL=0 TSS32-busy
GDT=     001150a0 0000002f
IDT=     00115100 000007ff
CR0=e0000011 CR2=00000000 CR3=00122000 CR4=00000000
DR0=00000000 DR1=00000000 DR2=00000000 DR3=00000000 
DR6=ffff0ff0 DR7=00000400
CCS=00000010 CCD=0011b038 CCO=EFLAGS
EFER=0000000000000000
Servicing hardware INT=0x40
   296: v=40 e=0000 i=0 cpl=0 IP=0008:00102341 pc=00102341 SP=0010:0011b044 env->regs[R_EAX]=00000000
EAX=00000000 EBX=00000001 ECX=00000780 EDX=000003d5
ESI=00000000 EDI=00000000 EBP=00000000 ESP=0011b044
EIP=00102341 EFL=00000212 [----A--] CPL=0 II=0 A20=1 SMM=0 HLT=0
ES =0010 00000000 ffffffff 00cf9300 DPL=0 DS   [-WA]
CS =0008 00000000 ffffffff 00cf9a00 DPL=0 CS32 [-R-]
SS =0010 00000000 ffffffff 00cf9300 DPL=0 DS   [-WA]
DS =0010 00000000 ffffffff 00cf9300 DPL=0 DS   [-WA]
FS =0010 00000000 ffffffff 00cf9300 DPL=0 DS   [-WA]
GS =0010 00000000 ffffffff 00cf9300 DPL=0 DS   [-WA]
LDT=0000 00000000 0000ffff 00008200 DPL=0 LDT
TR =0000 00000000 0000ffff 00008b00 DPL=0 TSS32-busy
GDT=     001150a0 0000002f
IDT=     00115100 000007ff
CR0=e0000011 CR2=00000000 CR3=00122000 CR4=00000000
DR0=00000000 DR1=00000000 DR2=00000000 DR3=00000000 
DR6=ffff0ff0 DR7=00000400
CCS=00000010 CCD=0011b038 CCO=EFLAGS
EFER=0000000000000000
Servicing hardware INT=0x40
   297: v=40 e=0000 i=0 cpl=0 IP=0008:00102341 pc=00102341 SP=0010:0011b044 env->regs[R_EAX]=00000000
EAX=00000000 EBX=00000001 ECX=00000780 EDX=000003d5
ESI=00000000 EDI=00000000 EBP=00000000 ESP=0011b044
EIP=00102341 EFL=00000212 [----A--] CPL=0 II=0 A20=1 SMM=0 HLT=0
ES =0010 00000000 ffffffff 00cf9300 DPL=0 DS   [-WA]
CS =0008 00000000 ffffffff 00cf9a00 DPL=0 CS32 [-R-]
SS =0010 00000000 ffffffff 00cf9300 DPL=0 DS   [-WA]
DS =0010 00000000 ffffffff 00cf9300 DPL=0 DS   [-WA]
FS =0010 00000000 ffffffff 00cf9300 DPL=0 DS   [-WA]
GS =0010 00000000 ffffffff 00cf9300 DPL=0 DS   [-WA]
LDT=0000 00000000 0000ffff 00008200 DPL=0 LDT
TR =0000 00000000 0000ffff 00008b00 DPL=0 TSS32-busy
GDT=     001150a0 0000002f
IDT=     00115100 000007ff
CR0=e0000011 CR2=00000000 CR3=00122000 CR4=00000000
DR0=00000000 DR1=00000000 DR2=00000000 DR3=00000000 
DR6=ffff0ff0 DR7=00000400
CCS=00000010 CCD=0011b038 CCO=EFLAGS
EFER=0000000000000000
Servicing hardware INT=0x40
   298: v=40 e=0000 i=0 cpl=0 IP=0008:00102341 pc=00102341 SP=0010:0011b044 env->regs[R_EAX]=00000000
EAX=00000000 EBX=00000001 ECX=00000780 EDX=000003d5
ESI=00000000 EDI=00000000 EBP=00000000 ESP=0011b044
EIP=00102341 EFL=00000212 [----A--] CPL=0 II=0 A20=1 SMM=0 HLT=0
ES =0010 00000000 ffffffff 00cf9300 DPL=0 DS   [-WA]
CS =0008 00000000 ffffffff 00cf9a00 DPL=0 CS32 [-R-]
SS =0010 00000000 ffffffff 00cf9300 DPL=0 DS   [-WA]
DS =0010 00000000 ffffffff 00cf9300 DPL=0 DS   [-WA]
FS =0010 00000000 ffffffff 00cf9300 DPL=0 DS   [-WA]
GS =0010 00000000 ffffffff 00cf9300 DPL=0 DS   [-WA]
LDT=0000 00000000 0000ffff 00008200 DPL=0 LDT
TR =0000 00000000 0000ffff 00008b00 DPL=0 TSS32-busy
GDT=     001150a0 0000002f
IDT=     00115100 000007ff
CR0=e0000011 CR2=00000000 CR3=00122000 CR4=00000000
DR0=00000000 DR1=00000000 DR2=00000000 DR3=00000000 
DR6=ffff0ff0 DR7=00000400
CCS=00000010 CCD=0011b038 CCO=EFLAGS
EFER=0000000000000000
Servicing hardware INT=0x40
   299: v=40 e=0000 i=0 cpl=0 IP=0008:00102341 pc=00102341 SP=0010:0011b044 env->regs[R_EAX]=00000000
EAX=00000000 EBX=00000001 ECX=00000780 EDX=000003d5
ESI=00000000 EDI=00000000 EBP=00000000 ESP=0011b044
EIP=00102341 EFL=00000212 [----A--] CPL=0 II=0 A20=1 SMM=0 HLT=0
ES =0010 00000000 ffffffff 00cf9300 DPL=0 DS   [-WA]
CS =0008 00000000 ffffffff 00cf9a00 DPL=0 CS32 [-R-]
SS =0010 00000000 ffffffff 00cf9300 DPL=0 DS   [-WA]
DS =0010 00000000 ffffffff 00cf9300 DPL=0 DS   [-WA]
FS =0010 00000000 ffffffff 00cf9300 DPL=0 DS   [-WA]
GS =0010 00000000 ffffffff 00cf9300 DPL=0 DS   [-WA]
LDT=0000 00000000 0000ffff 00008200 DPL=0 LDT
TR =0000 00000000 0000ffff 00008b00 DPL=0 TSS32-busy
GDT=     001150a0 0000002f
IDT=     00115100 000007ff
CR0=e0000011 CR2=00000000 CR3=00122000 CR4=00000000
DR0=00000000 DR1=00000000 DR2=00000000 DR3=00000000 
DR6=ffff0ff0 DR7=00000400
CCS=00000010 CCD=0011b038 CCO=EFLAGS
EFER=0000000000000000
Servicing hardware INT=0x40
   300: v=40 e=0000 i=0 cpl=0 IP=0008:00102341 pc=00102341 SP=0010:0011b044 env->regs[R_EAX]=00000000
EAX=00000000 EBX=00000001 ECX=00000780 EDX=000003d5
ESI=00000000 EDI=00000000 EBP=00000000 ESP=0011b044
EIP=00102341 EFL=00000212 [----A--] CPL=0 II=0 A20=1 SMM=0 HLT=0
ES =0010 00000000 ffffffff 00cf9300 DPL=0 DS   [-WA]
CS =0008 00000000 ffffffff 00cf9a00 DPL=0 CS32 [-R-]
SS =0010 00000000 ffffffff 00cf9300 DPL=0 DS   [-WA]
DS =0010 00000000 ffffffff 00cf9300 DPL=0 DS   [-WA]
FS =0010 00000000 ffffffff 00cf9300 DPL=0 DS   [-WA]
GS =0010 00000000 ffffffff 00cf9300 DPL=0 DS   [-WA]
LDT=0000 00000000 0000ffff 00008200 DPL=0 LDT
TR =0000 00000000 0000ffff 00008b00 DPL=0 TSS32-busy
GDT=     001150a0 0000002f
IDT=     00115100 000007ff
CR0=e0000011 CR2=00000000 CR3=00122000 CR4=00000000
DR0=00000000 DR1=00000000 DR2=00000000 DR3=00000000 
DR6=ffff0ff0 DR7=00000400
CCS=00000010 CCD=0011b038 CCO=EFLAGS
EFER=0000000000000000
Servicing hardware INT=0x40
   301: v=40 e=0000 i=0 cpl=0 IP=0008:00102341 pc=00102341 SP=0010:0011b044 env->regs[R_EAX]=00000000
EAX=00000000 EBX=00000001 ECX=00000780 EDX=000003d5
ESI=00000000 EDI=00000000 EBP=00000000 ESP=0011b044
EIP=00102341 EFL=00000212 [----A--] CPL=0 II=0 A20=1 SMM=0 HLT=0
ES =0010 00000000 ffffffff 00cf9300 DPL=0 DS   [-WA]
CS =0008 00000000 ffffffff 00cf9a00 DPL=0 CS32 [-R-]
SS =0010 00000000 ffffffff 00cf9300 DPL=0 DS   [-WA]
DS =0010 00000000 ffffffff 00cf9300 DPL=0 DS   [-WA]
FS =0010 00000000 ffffffff 00cf9300 DPL=0 DS   [-WA]
GS =0010 00000000 ffffffff 00cf9300 DPL=0 DS   [-WA]
LDT=0000 00000000 0000ffff 00008200 DPL=0 LDT
TR =0000 00000000 0000ffff 00008b00 DPL=0 TSS32-busy
GDT=     001150a0 0000002f
IDT=     00115100 000007ff
CR0=e0000011 CR2=00000000 CR3=00122000 CR4=00000000
DR0=00000000 DR1=00000000 DR2=00000000 DR3=00000000 
DR6=ffff0ff0 DR7=00000400
CCS=00000010 CCD=0011b038 CCO=EFLAGS
EFER=0000000000000000
Servicing hardware INT=0x40
   302: v=40 e=0000 i=0 cpl=0 IP=0008:00102341 pc=00102341 SP=0010:0011b044 env->regs[R_EAX]=00000000
EAX=00000000 EBX=00000001 ECX=00000780 EDX=000003d5
ESI=00000000 EDI=00000000 EBP=00000000 ESP=0011b044
EIP=00102341 EFL=00000212 [----A--] CPL=0 II=0 A20=1 SMM=0 HLT=0
ES =0010 00000000 ffffffff 00cf9300 DPL=0 DS   [-WA]
CS =0008 00000000 ffffffff 00cf9a00 DPL=0 CS32 [-R-]
SS =0010 00000000 ffffffff 00cf9300 DPL=0 DS   [-WA]
DS =0010 00000000 ffffffff 00cf9300 DPL=0 DS   [-WA]
FS =0010 00000000 ffffffff 00cf9300 DPL=0 DS   [-WA]
GS =0010 00000000 ffffffff 00cf9300 DPL=0 DS   [-WA]
LDT=0000 00000000 0000ffff 00008200 DPL=0 LDT
TR =0000 00000000 0000ffff 00008b00 DPL=0 TSS32-busy
GDT=     001150a0 0000002f
IDT=     00115100 000007ff
CR0=e0000011 CR2=00000000 CR3=00122000 CR4=00000000
DR0=00000000 DR1=00000000 DR2=00000000 DR3=00000000 
DR6=ffff0ff0 DR7=00000400
CCS=00000010 CCD=0011b038 CCO=EFLAGS
EFER=0000000000000000
Servicing hardware INT=0x40
   303: v=40 e=0000 i=0 cpl=0 IP=0008:00102341 pc=00102341 SP=0010:0011b044 env->regs[R_EAX]=00000000
EAX=00000000 EBX=00000001 ECX=00000780 EDX=000003d5
ESI=00000000 EDI=00000000 EBP=00000000 ESP=0011b044
EIP=00102341 EFL=00000212 [----A--] CPL=0 II=0 A20=1 SMM=0 HLT=0
ES =0010 00000000 ffffffff 00cf9300 DPL=0 DS   [-WA]
CS =0008 00000000 ffffffff 00cf9a00 DPL=0 CS32 [-R-]
SS =0010 00000000 ffffffff 00cf9300 DPL=0 DS   [-WA]
DS =0010 00000000 ffffffff 00cf9300 DPL=0 DS   [-WA]
FS =0010 00000000 ffffffff 00cf9300 DPL=0 DS   [-WA]
GS =0010 00000000 ffffffff 00cf9300 DPL=0 DS   [-WA]
LDT=0000 00000000 0000ffff 00008200 DPL=0 LDT
TR =0000 00000000 0000ffff 00008b00 DPL=0 TSS32-busy
GDT=     001150a0 0000002f
IDT=     00115100 000007ff
CR0=e0000011 CR2=00000000 CR3=00122000 CR4=00000000
DR0=00000000 DR1=00000000 DR2=00000000 DR3=00000000 
DR6=ffff0ff0 DR7=00000400
CCS=00000010 CCD=0011b038 CCO=EFLAGS
EFER=0000000000000000
Servicing hardware INT=0x40
   304: v=40 e=0000 i=0 cpl=0 IP=0008:00102341 pc=00102341 SP=0010:0011b044 env->regs[R_EAX]=00000000
EAX=00000000 EBX=00000001 ECX=00000780 EDX=000003d5
ESI=00000000 EDI=00000000 EBP=00000000 ESP=0011b044
EIP=00102341 EFL=00000212 [----A--] CPL=0 II=0 A20=1 SMM=0 HLT=0
ES =0010 00000000 ffffffff 00cf9300 DPL=0 DS   [-WA]
CS =0008 00000000 ffffffff 00cf9a00 DPL=0 CS32 [-R-]
SS =0010 00000000 ffffffff 00cf9300 DPL=0 DS   [-WA]
DS =0010 00000000 ffffffff 00cf9300 DPL=0 DS   [-WA]
FS =0010 00000000 ffffffff 00cf9300 DPL=0 DS   [-WA]
GS =0010 00000000 ffffffff 00cf9300 DPL=0 DS   [-WA]
LDT=0000 00000000 0000ffff 00008200 DPL=0 LDT
TR =0000 00000000 0000ffff 00008b00 DPL=0 TSS32-busy
GDT=     001150a0 0000002f
IDT=     00115100 000007ff
CR0=e0000011 CR2=00000000 CR3=00122000 CR4=00000000
DR0=00000000 DR1=00000000 DR2=00000000 DR3=00000000 
DR6=ffff0ff0 DR7=00000400
CCS=00000010 CCD=0011b038 CCO=EFLAGS
EFER=0000000000000000
Servicing hardware INT=0x40
   305: v=40 e=0000 i=0 cpl=0 IP=0008:00102341 pc=00102341 SP=0010:0011b044 env->regs[R_EAX]=00000000
EAX=00000000 EBX=00000001 ECX=00000780 EDX=000003d5
ESI=00000000 EDI=00000000 EBP=00000000 ESP=0011b044
EIP=00102341 EFL=00000212 [----A--] CPL=0 II=0 A20=1 SMM=0 HLT=0
ES =0010 00000000 ffffffff 00cf9300 DPL=0 DS   [-WA]
CS =0008 00000000 ffffffff 00cf9a00 DPL=0 CS32 [-R-]
SS =0010 00000000 ffffffff 00cf9300 DPL=0 DS   [-WA]
DS =0010 00000000 ffffffff 00cf9300 DPL=0 DS   [-WA]
FS =0010 00000000 ffffffff 00cf9300 DPL=0 DS   [-WA]
GS =0010 00000000 ffffffff 00cf9300 DPL=0 DS   [-WA]
LDT=0000 00000000 0000ffff 00008200 DPL=0 LDT
TR =0000 00000000 0000ffff 00008b00 DPL=0 TSS32-busy
GDT=     001150a0 0000002f
IDT=     00115100 000007ff
CR0=e0000011 CR2=00000000 CR3=00122000 CR4=00000000
DR0=00000000 DR1=00000000 DR2=00000000 DR3=00000000 
DR6=ffff0ff0 DR7=00000400
CCS=00000010 CCD=0011b038 CCO=EFLAGS
EFER=0000000000000000
Servicing hardware INT=0x40
   306: v=40 e=0000 i=0 cpl=0 IP=0008:00102341 pc=00102341 SP=0010:0011b044 env->regs[R_EAX]=00000000
EAX=00000000 EBX=00000001 ECX=00000780 EDX=000003d5
ESI=00000000 EDI=00000000 EBP=00000000 ESP=0011b044
EIP=00102341 EFL=00000212 [----A--] CPL=0 II=0 A20=1 SMM=0 HLT=0
ES =0010 00000000 ffffffff 00cf9300 DPL=0 DS   [-WA]
CS =0008 00000000 ffffffff 00cf9a00 DPL=0 CS32 [-R-]
SS =0010 00000000 ffffffff 00cf9300 DPL=0 DS   [-WA]
DS =0010 00000000 ffffffff 00cf9300 DPL=0 DS   [-WA]
FS =0010 00000000 ffffffff 00cf9300 DPL=0 DS   [-WA]
GS =0010 00000000 ffffffff 00cf9300 DPL=0 DS   [-WA]
LDT=0000 00000000 0000ffff 00008200 DPL=0 LDT
TR =0000 00000000 0000ffff 00008b00 DPL=0 TSS32-busy
GDT=     001150a0 0000002f
IDT=     00115100 000007ff
CR0=e0000011 CR2=00000000 CR3=00122000 CR4=00000000
DR0=00000000 DR1=00000000 DR2=00000000 DR3=00000000 
DR6=ffff0ff0 DR7=00000400
CCS=00000010 CCD=0011b038 CCO=EFLAGS
EFER=0000000000000000
Servicing hardware INT=0x40
   307: v=40 e=0000 i=0 cpl=0 IP=0008:00102341 pc=00102341 SP=0010:0011b044 env->regs[R_EAX]=00000000
EAX=00000000 EBX=00000001 ECX=00000780 EDX=000003d5
ESI=00000000 EDI=00000000 EBP=00000000 ESP=0011b044
EIP=00102341 EFL=00000212 [----A--] CPL=0 II=0 A20=1 SMM=0 HLT=0
ES =0010 00000000 ffffffff 00cf9300 DPL=0 DS   [-WA]
CS =0008 00000000 ffffffff 00cf9a00 DPL=0 CS32 [-R-]
SS =0010 00000000 ffffffff 00cf9300 DPL=0 DS   [-WA]
DS =0010 00000000 ffffffff 00cf9300 DPL=0 DS   [-WA]
FS =0010 00000000 ffffffff 00cf9300 DPL=0 DS   [-WA]
GS =0010 00000000 ffffffff 00cf9300 DPL=0 DS   [-WA]
LDT=0000 00000000 0000ffff 00008200 DPL=0 LDT
TR =0000 00000000 0000ffff 00008b00 DPL=0 TSS32-busy
GDT=     001150a0 0000002f
IDT=     00115100 000007ff
CR0=e0000011 CR2=00000000 CR3=00122000 CR4=00000000
DR0=00000000 DR1=00000000 DR2=00000000 DR3=00000000 
DR6=ffff0ff0 DR7=00000400
CCS=00000010 CCD=0011b038 CCO=EFLAGS
EFER=0000000000000000
Servicing hardware INT=0x40
   308: v=40 e=0000 i=0 cpl=0 IP=0008:00102341 pc=00102341 SP=0010:0011b044 env->regs[R_EAX]=00000000
EAX=00000000 EBX=00000001 ECX=00000780 EDX=000003d5
ESI=00000000 EDI=00000000 EBP=00000000 ESP=0011b044
EIP=00102341 EFL=00000212 [----A--] CPL=0 II=0 A20=1 SMM=0 HLT=0
ES =0010 00000000 ffffffff 00cf9300 DPL=0 DS   [-WA]
CS =0008 00000000 ffffffff 00cf9a00 DPL=0 CS32 [-R-]
SS =0010 00000000 ffffffff 00cf9300 DPL=0 DS   [-WA]
DS =0010 00000000 ffffffff 00cf9300 DPL=0 DS   [-WA]
FS =0010 00000000 ffffffff 00cf9300 DPL=0 DS   [-WA]
GS =0010 00000000 ffffffff 00cf9300 DPL=0 DS   [-WA]
LDT=0000 00000000 0000ffff 00008200 DPL=0 LDT
TR =0000 00000000 0000ffff 00008b00 DPL=0 TSS32-busy
GDT=     001150a0 0000002f
IDT=     00115100 000007ff
CR0=e0000011 CR2=00000000 CR3=00122000 CR4=00000000
DR0=00000000 DR1=00000000 DR2=00000000 DR3=00000000 
DR6=ffff0ff0 DR7=00000400
CCS=00000010 CCD=0011b038 CCO=EFLAGS
EFER=0000000000000000
Servicing hardware INT=0x40
   309: v=40 e=0000 i=0 cpl=0 IP=0008:00102341 pc=00102341 SP=0010:0011b044 env->regs[R_EAX]=00000000
EAX=00000000 EBX=00000001 ECX=00000780 EDX=000003d5
ESI=00000000 EDI=00000000 EBP=00000000 ESP=0011b044
EIP=00102341 EFL=00000212 [----A--] CPL=0 II=0 A20=1 SMM=0 HLT=0
ES =0010 00000000 ffffffff 00cf9300 DPL=0 DS   [-WA]
CS =0008 00000000 ffffffff 00cf9a00 DPL=0 CS32 [-R-]
SS =0010 00000000 ffffffff 00cf9300 DPL=0 DS   [-WA]
DS =0010 00000000 ffffffff 00cf9300 DPL=0 DS   [-WA]
FS =0010 00000000 ffffffff 00cf9300 DPL=0 DS   [-WA]
GS =0010 00000000 ffffffff 00cf9300 DPL=0 DS   [-WA]
LDT=0000 00000000 0000ffff 00008200 DPL=0 LDT
TR =0000 00000000 0000ffff 00008b00 DPL=0 TSS32-busy
GDT=     001150a0 0000002f
IDT=     00115100 000007ff
CR0=e0000011 CR2=00000000 CR3=00122000 CR4=00000000
DR0=00000000 DR1=00000000 DR2=00000000 DR3=00000000 
DR6=ffff0ff0 DR7=00000400
CCS=00000010 CCD=0011b038 CCO=EFLAGS
EFER=0000000000000000
Servicing hardware INT=0x40
   310: v=40 e=0000 i=0 cpl=0 IP=0008:00102341 pc=00102341 SP=0010:0011b044 env->regs[R_EAX]=00000000
EAX=00000000 EBX=00000001 ECX=00000780 EDX=000003d5
ESI=00000000 EDI=00000000 EBP=00000000 ESP=0011b044
EIP=00102341 EFL=00000212 [----A--] CPL=0 II=0 A20=1 SMM=0 HLT=0
ES =0010 00000000 ffffffff 00cf9300 DPL=0 DS   [-WA]
CS =0008 00000000 ffffffff 00cf9a00 DPL=0 CS32 [-R-]
SS =0010 00000000 ffffffff 00cf9300 DPL=0 DS   [-WA]
DS =0010 00000000 ffffffff 00cf9300 DPL=0 DS   [-WA]
FS =0010 00000000 ffffffff 00cf9300 DPL=0 DS   [-WA]
GS =0010 00000000 ffffffff 00cf9300 DPL=0 DS   [-WA]
LDT=0000 00000000 0000ffff 00008200 DPL=0 LDT
TR =0000 00000000 0000ffff 00008b00 DPL=0 TSS32-busy
GDT=     001150a0 0000002f
IDT=     00115100 000007ff
CR0=e0000011 CR2=00000000 CR3=00122000 CR4=00000000
DR0=00000000 DR1=00000000 DR2=00000000 DR3=00000000 
DR6=ffff0ff0 DR7=00000400
CCS=00000010 CCD=0011b038 CCO=EFLAGS
EFER=0000000000000000
Servicing hardware INT=0x40
   311: v=40 e=0000 i=0 cpl=0 IP=0008:00102341 pc=00102341 SP=0010:0011b044 env->regs[R_EAX]=00000000
EAX=00000000 EBX=00000001 ECX=00000780 EDX=000003d5
ESI=00000000 EDI=00000000 EBP=00000000 ESP=0011b044
EIP=00102341 EFL=00000212 [----A--] CPL=0 II=0 A20=1 SMM=0 HLT=0
ES =0010 00000000 ffffffff 00cf9300 DPL=0 DS   [-WA]
CS =0008 00000000 ffffffff 00cf9a00 DPL=0 CS32 [-R-]
SS =0010 00000000 ffffffff 00cf9300 DPL=0 DS   [-WA]
DS =0010 00000000 ffffffff 00cf9300 DPL=0 DS   [-WA]
FS =0010 00000000 ffffffff 00cf9300 DPL=0 DS   [-WA]
GS =0010 00000000 ffffffff 00cf9300 DPL=0 DS   [-WA]
LDT=0000 00000000 0000ffff 00008200 DPL=0 LDT
TR =0000 00000000 0000ffff 00008b00 DPL=0 TSS32-busy
GDT=     001150a0 0000002f
IDT=     00115100 000007ff
CR0=e0000011 CR2=00000000 CR3=00122000 CR4=00000000
DR0=00000000 DR1=00000000 DR2=00000000 DR3=00000000 
DR6=ffff0ff0 DR7=00000400
CCS=00000010 CCD=0011b038 CCO=EFLAGS
EFER=0000000000000000
Servicing hardware INT=0x40
   312: v=40 e=0000 i=0 cpl=0 IP=0008:00102341 pc=00102341 SP=0010:0011b044 env->regs[R_EAX]=00000000
EAX=00000000 EBX=00000001 ECX=00000780 EDX=000003d5
ESI=00000000 EDI=00000000 EBP=00000000 ESP=0011b044
EIP=00102341 EFL=00000212 [----A--] CPL=0 II=0 A20=1 SMM=0 HLT=0
ES =0010 00000000 ffffffff 00cf9300 DPL=0 DS   [-WA]
CS =0008 00000000 ffffffff 00cf9a00 DPL=0 CS32 [-R-]
SS =0010 00000000 ffffffff 00cf9300 DPL=0 DS   [-WA]
DS =0010 00000000 ffffffff 00cf9300 DPL=0 DS   [-WA]
FS =0010 00000000 ffffffff 00cf9300 DPL=0 DS   [-WA]
GS =0010 00000000 ffffffff 00cf9300 DPL=0 DS   [-WA]
LDT=0000 00000000 0000ffff 00008200 DPL=0 LDT
TR =0000 00000000 0000ffff 00008b00 DPL=0 TSS32-busy
GDT=     001150a0 0000002f
IDT=     00115100 000007ff
CR0=e0000011 CR2=00000000 CR3=00122000 CR4=00000000
DR0=00000000 DR1=00000000 DR2=00000000 DR3=00000000 
DR6=ffff0ff0 DR7=00000400
CCS=00000010 CCD=0011b038 CCO=EFLAGS
EFER=0000000000000000
Servicing hardware INT=0x40
   313: v=40 e=0000 i=0 cpl=0 IP=0008:00102341 pc=00102341 SP=0010:0011b044 env->regs[R_EAX]=00000000
EAX=00000000 EBX=00000001 ECX=00000780 EDX=000003d5
ESI=00000000 EDI=00000000 EBP=00000000 ESP=0011b044
EIP=00102341 EFL=00000212 [----A--] CPL=0 II=0 A20=1 SMM=0 HLT=0
ES =0010 00000000 ffffffff 00cf9300 DPL=0 DS   [-WA]
CS =0008 00000000 ffffffff 00cf9a00 DPL=0 CS32 [-R-]
SS =0010 00000000 ffffffff 00cf9300 DPL=0 DS   [-WA]
DS =0010 00000000 ffffffff 00cf9300 DPL=0 DS   [-WA]
FS =0010 00000000 ffffffff 00cf9300 DPL=0 DS   [-WA]
GS =0010 00000000 ffffffff 00cf9300 DPL=0 DS   [-WA]
LDT=0000 00000000 0000ffff 00008200 DPL=0 LDT
TR =0000 00000000 0000ffff 00008b00 DPL=0 TSS32-busy
GDT=     001150a0 0000002f
IDT=     00115100 000007ff
CR0=e0000011 CR2=00000000 CR3=00122000 CR4=00000000
DR0=00000000 DR1=00000000 DR2=00000000 DR3=00000000 
DR6=ffff0ff0 DR7=00000400
CCS=00000010 CCD=0011b038 CCO=EFLAGS
EFER=0000000000000000
Servicing hardware INT=0x40
   314: v=40 e=0000 i=0 cpl=0 IP=0008:00102341 pc=00102341 SP=0010:0011b044 env->regs[R_EAX]=00000000
EAX=00000000 EBX=00000001 ECX=00000780 EDX=000003d5
ESI=00000000 EDI=00000000 EBP=00000000 ESP=0011b044
EIP=00102341 EFL=00000212 [----A--] CPL=0 II=0 A20=1 SMM=0 HLT=0
ES =0010 00000000 ffffffff 00cf9300 DPL=0 DS   [-WA]
CS =0008 00000000 ffffffff 00cf9a00 DPL=0 CS32 [-R-]
SS =0010 00000000 ffffffff 00cf9300 DPL=0 DS   [-WA]
DS =0010 00000000 ffffffff 00cf9300 DPL=0 DS   [-WA]
FS =0010 00000000 ffffffff 00cf9300 DPL=0 DS   [-WA]
GS =0010 00000000 ffffffff 00cf9300 DPL=0 DS   [-WA]
LDT=0000 00000000 0000ffff 00008200 DPL=0 LDT
TR =0000 00000000 0000ffff 00008b00 DPL=0 TSS32-busy
GDT=     001150a0 0000002f
IDT=     00115100 000007ff
CR0=e0000011 CR2=00000000 CR3=00122000 CR4=00000000
DR0=00000000 DR1=00000000 DR2=00000000 DR3=00000000 
DR6=ffff0ff0 DR7=00000400
CCS=00000010 CCD=0011b038 CCO=EFLAGS
EFER=0000000000000000
Servicing hardware INT=0x40
   315: v=40 e=0000 i=0 cpl=0 IP=0008:00102341 pc=00102341 SP=0010:0011b044 env->regs[R_EAX]=00000000
EAX=00000000 EBX=00000001 ECX=00000780 EDX=000003d5
ESI=00000000 EDI=00000000 EBP=00000000 ESP=0011b044
EIP=00102341 EFL=00000212 [----A--] CPL=0 II=0 A20=1 SMM=0 HLT=0
ES =0010 00000000 ffffffff 00cf9300 DPL=0 DS   [-WA]
CS =0008 00000000 ffffffff 00cf9a00 DPL=0 CS32 [-R-]
SS =0010 00000000 ffffffff 00cf9300 DPL=0 DS   [-WA]
DS =0010 00000000 ffffffff 00cf9300 DPL=0 DS   [-WA]
FS =0010 00000000 ffffffff 00cf9300 DPL=0 DS   [-WA]
GS =0010 00000000 ffffffff 00cf9300 DPL=0 DS   [-WA]
LDT=0000 00000000 0000ffff 00008200 DPL=0 LDT
TR =0000 00000000 0000ffff 00008b00 DPL=0 TSS32-busy
GDT=     001150a0 0000002f
IDT=     00115100 000007ff
CR0=e0000011 CR2=00000000 CR3=00122000 CR4=00000000
DR0=00000000 DR1=00000000 DR2=00000000 DR3=00000000 
DR6=ffff0ff0 DR7=00000400
CCS=00000010 CCD=0011b038 CCO=EFLAGS
EFER=0000000000000000
Servicing hardware INT=0x40
   316: v=40 e=0000 i=0 cpl=0 IP=0008:00102341 pc=00102341 SP=0010:0011b044 env->regs[R_EAX]=00000000
EAX=00000000 EBX=00000001 ECX=00000780 EDX=000003d5
ESI=00000000 EDI=00000000 EBP=00000000 ESP=0011b044
EIP=00102341 EFL=00000212 [----A--] CPL=0 II=0 A20=1 SMM=0 HLT=0
ES =0010 00000000 ffffffff 00cf9300 DPL=0 DS   [-WA]
CS =0008 00000000 ffffffff 00cf9a00 DPL=0 CS32 [-R-]
SS =0010 00000000 ffffffff 00cf9300 DPL=0 DS   [-WA]
DS =0010 00000000 ffffffff 00cf9300 DPL=0 DS   [-WA]
FS =0010 00000000 ffffffff 00cf9300 DPL=0 DS   [-WA]
GS =0010 00000000 ffffffff 00cf9300 DPL=0 DS   [-WA]
LDT=0000 00000000 0000ffff 00008200 DPL=0 LDT
TR =0000 00000000 0000ffff 00008b00 DPL=0 TSS32-busy
GDT=     001150a0 0000002f
IDT=     00115100 000007ff
CR0=e0000011 CR2=00000000 CR3=00122000 CR4=00000000
DR0=00000000 DR1=00000000 DR2=00000000 DR3=00000000 
DR6=ffff0ff0 DR7=00000400
CCS=00000010 CCD=0011b038 CCO=EFLAGS
EFER=0000000000000000
Servicing hardware INT=0x40
   317: v=40 e=0000 i=0 cpl=0 IP=0008:00102341 pc=00102341 SP=0010:0011b044 env->regs[R_EAX]=00000000
EAX=00000000 EBX=00000001 ECX=00000780 EDX=000003d5
ESI=00000000 EDI=00000000 EBP=00000000 ESP=0011b044
EIP=00102341 EFL=00000212 [----A--] CPL=0 II=0 A20=1 SMM=0 HLT=0
ES =0010 00000000 ffffffff 00cf9300 DPL=0 DS   [-WA]
CS =0008 00000000 ffffffff 00cf9a00 DPL=0 CS32 [-R-]
SS =0010 00000000 ffffffff 00cf9300 DPL=0 DS   [-WA]
DS =0010 00000000 ffffffff 00cf9300 DPL=0 DS   [-WA]
FS =0010 00000000 ffffffff 00cf9300 DPL=0 DS   [-WA]
GS =0010 00000000 ffffffff 00cf9300 DPL=0 DS   [-WA]
LDT=0000 00000000 0000ffff 00008200 DPL=0 LDT
TR =0000 00000000 0000ffff 00008b00 DPL=0 TSS32-busy
GDT=     001150a0 0000002f
IDT=     00115100 000007ff
CR0=e0000011 CR2=00000000 CR3=00122000 CR4=00000000
DR0=00000000 DR1=00000000 DR2=00000000 DR3=00000000 
DR6=ffff0ff0 DR7=00000400
CCS=00000010 CCD=0011b038 CCO=EFLAGS
EFER=0000000000000000
Servicing hardware INT=0x40
   318: v=40 e=0000 i=0 cpl=0 IP=0008:00102341 pc=00102341 SP=0010:0011b044 env->regs[R_EAX]=00000000
EAX=00000000 EBX=00000001 ECX=00000780 EDX=000003d5
ESI=00000000 EDI=00000000 EBP=00000000 ESP=0011b044
EIP=00102341 EFL=00000212 [----A--] CPL=0 II=0 A20=1 SMM=0 HLT=0
ES =0010 00000000 ffffffff 00cf9300 DPL=0 DS   [-WA]
CS =0008 00000000 ffffffff 00cf9a00 DPL=0 CS32 [-R-]
SS =0010 00000000 ffffffff 00cf9300 DPL=0 DS   [-WA]
DS =0010 00000000 ffffffff 00cf9300 DPL=0 DS   [-WA]
FS =0010 00000000 ffffffff 00cf9300 DPL=0 DS   [-WA]
GS =0010 00000000 ffffffff 00cf9300 DPL=0 DS   [-WA]
LDT=0000 00000000 0000ffff 00008200 DPL=0 LDT
TR =0000 00000000 0000ffff 00008b00 DPL=0 TSS32-busy
GDT=     001150a0 0000002f
IDT=     00115100 000007ff
CR0=e0000011 CR2=00000000 CR3=00122000 CR4=00000000
DR0=00000000 DR1=00000000 DR2=00000000 DR3=00000000 
DR6=ffff0ff0 DR7=00000400
CCS=00000010 CCD=0011b038 CCO=EFLAGS
EFER=0000000000000000
Servicing hardware INT=0x40
   319: v=40 e=0000 i=0 cpl=0 IP=0008:00102341 pc=00102341 SP=0010:0011b044 env->regs[R_EAX]=00000000
EAX=00000000 EBX=00000001 ECX=00000780 EDX=000003d5
ESI=00000000 EDI=00000000 EBP=00000000 ESP=0011b044
EIP=00102341 EFL=00000212 [----A--] CPL=0 II=0 A20=1 SMM=0 HLT=0
ES =0010 00000000 ffffffff 00cf9300 DPL=0 DS   [-WA]
CS =0008 00000000 ffffffff 00cf9a00 DPL=0 CS32 [-R-]
SS =0010 00000000 ffffffff 00cf9300 DPL=0 DS   [-WA]
DS =0010 00000000 ffffffff 00cf9300 DPL=0 DS   [-WA]
FS =0010 00000000 ffffffff 00cf9300 DPL=0 DS   [-WA]
GS =0010 00000000 ffffffff 00cf9300 DPL=0 DS   [-WA]
LDT=0000 00000000 0000ffff 00008200 DPL=0 LDT
TR =0000 00000000 0000ffff 00008b00 DPL=0 TSS32-busy
GDT=     001150a0 0000002f
IDT=     00115100 000007ff
CR0=e0000011 CR2=00000000 CR3=00122000 CR4=00000000
DR0=00000000 DR1=00000000 DR2=00000000 DR3=00000000 
DR6=ffff0ff0 DR7=00000400
CCS=00000010 CCD=0011b038 CCO=EFLAGS
EFER=0000000000000000
Servicing hardware INT=0x40
   320: v=40 e=0000 i=0 cpl=0 IP=0008:00102341 pc=00102341 SP=0010:0011b044 env->regs[R_EAX]=00000000
EAX=00000000 EBX=00000001 ECX=00000780 EDX=000003d5
ESI=00000000 EDI=00000000 EBP=00000000 ESP=0011b044
EIP=00102341 EFL=00000212 [----A--] CPL=0 II=0 A20=1 SMM=0 HLT=0
ES =0010 00000000 ffffffff 00cf9300 DPL=0 DS   [-WA]
CS =0008 00000000 ffffffff 00cf9a00 DPL=0 CS32 [-R-]
SS =0010 00000000 ffffffff 00cf9300 DPL=0 DS   [-WA]
DS =0010 00000000 ffffffff 00cf9300 DPL=0 DS   [-WA]
FS =0010 00000000 ffffffff 00cf9300 DPL=0 DS   [-WA]
GS =0010 00000000 ffffffff 00cf9300 DPL=0 DS   [-WA]
LDT=0000 00000000 0000ffff 00008200 DPL=0 LDT
TR =0000 00000000 0000ffff 00008b00 DPL=0 TSS32-busy
GDT=     001150a0 0000002f
IDT=     00115100 000007ff
CR0=e0000011 CR2=00000000 CR3=00122000 CR4=00000000
DR0=00000000 DR1=00000000 DR2=00000000 DR3=00000000 
DR6=ffff0ff0 DR7=00000400
CCS=00000010 CCD=0011b038 CCO=EFLAGS
EFER=0000000000000000
Servicing hardware INT=0x40
   321: v=40 e=0000 i=0 cpl=0 IP=0008:00102341 pc=00102341 SP=0010:0011b044 env->regs[R_EAX]=00000000
EAX=00000000 EBX=00000001 ECX=00000780 EDX=000003d5
ESI=00000000 EDI=00000000 EBP=00000000 ESP=0011b044
EIP=00102341 EFL=00000212 [----A--] CPL=0 II=0 A20=1 SMM=0 HLT=0
ES =0010 00000000 ffffffff 00cf9300 DPL=0 DS   [-WA]
CS =0008 00000000 ffffffff 00cf9a00 DPL=0 CS32 [-R-]
SS =0010 00000000 ffffffff 00cf9300 DPL=0 DS   [-WA]
DS =0010 00000000 ffffffff 00cf9300 DPL=0 DS   [-WA]
FS =0010 00000000 ffffffff 00cf9300 DPL=0 DS   [-WA]
GS =0010 00000000 ffffffff 00cf9300 DPL=0 DS   [-WA]
LDT=0000 00000000 0000ffff 00008200 DPL=0 LDT
TR =0000 00000000 0000ffff 00008b00 DPL=0 TSS32-busy
GDT=     001150a0 0000002f
IDT=     00115100 000007ff
CR0=e0000011 CR2=00000000 CR3=00122000 CR4=00000000
DR0=00000000 DR1=00000000 DR2=00000000 DR3=00000000 
DR6=ffff0ff0 DR7=00000400
CCS=00000010 CCD=0011b038 CCO=EFLAGS
EFER=0000000000000000
Servicing hardware INT=0x40
   322: v=40 e=0000 i=0 cpl=0 IP=0008:00102341 pc=00102341 SP=0010:0011b044 env->regs[R_EAX]=00000000
EAX=00000000 EBX=00000001 ECX=00000780 EDX=000003d5
ESI=00000000 EDI=00000000 EBP=00000000 ESP=0011b044
EIP=00102341 EFL=00000212 [----A--] CPL=0 II=0 A20=1 SMM=0 HLT=0
ES =0010 00000000 ffffffff 00cf9300 DPL=0 DS   [-WA]
CS =0008 00000000 ffffffff 00cf9a00 DPL=0 CS32 [-R-]
SS =0010 00000000 ffffffff 00cf9300 DPL=0 DS   [-WA]
DS =0010 00000000 ffffffff 00cf9300 DPL=0 DS   [-WA]
FS =0010 00000000 ffffffff 00cf9300 DPL=0 DS   [-WA]
GS =0010 00000000 ffffffff 00cf9300 DPL=0 DS   [-WA]
LDT=0000 00000000 0000ffff 00008200 DPL=0 LDT
TR =0000 00000000 0000ffff 00008b00 DPL=0 TSS32-busy
GDT=     001150a0 0000002f
IDT=     00115100 000007ff
CR0=e0000011 CR2=00000000 CR3=00122000 CR4=00000000
DR0=00000000 DR1=00000000 DR2=00000000 DR3=00000000 
DR6=ffff0ff0 DR7=00000400
CCS=00000010 CCD=0011b038 CCO=EFLAGS
EFER=0000000000000000
Servicing hardware INT=0x40
   323: v=40 e=0000 i=0 cpl=0 IP=0008:00102341 pc=00102341 SP=0010:0011b044 env->regs[R_EAX]=00000000
EAX=00000000 EBX=00000001 ECX=00000780 EDX=000003d5
ESI=00000000 EDI=00000000 EBP=00000000 ESP=0011b044
EIP=00102341 EFL=00000212 [----A--] CPL=0 II=0 A20=1 SMM=0 HLT=0
ES =0010 00000000 ffffffff 00cf9300 DPL=0 DS   [-WA]
CS =0008 00000000 ffffffff 00cf9a00 DPL=0 CS32 [-R-]
SS =0010 00000000 ffffffff 00cf9300 DPL=0 DS   [-WA]
DS =0010 00000000 ffffffff 00cf9300 DPL=0 DS   [-WA]
FS =0010 00000000 ffffffff 00cf9300 DPL=0 DS   [-WA]
GS =0010 00000000 ffffffff 00cf9300 DPL=0 DS   [-WA]
LDT=0000 00000000 0000ffff 00008200 DPL=0 LDT
TR =0000 00000000 0000ffff 00008b00 DPL=0 TSS32-busy
GDT=     001150a0 0000002f
IDT=     00115100 000007ff
CR0=e0000011 CR2=00000000 CR3=00122000 CR4=00000000
DR0=00000000 DR1=00000000 DR2=00000000 DR3=00000000 
DR6=ffff0ff0 DR7=00000400
CCS=00000010 CCD=0011b038 CCO=EFLAGS
EFER=0000000000000000
Servicing hardware INT=0x40
   324: v=40 e=0000 i=0 cpl=0 IP=0008:00102341 pc=00102341 SP=0010:0011b044 env->regs[R_EAX]=00000000
EAX=00000000 EBX=00000001 ECX=00000780 EDX=000003d5
ESI=00000000 EDI=00000000 EBP=00000000 ESP=0011b044
EIP=00102341 EFL=00000212 [----A--] CPL=0 II=0 A20=1 SMM=0 HLT=0
ES =0010 00000000 ffffffff 00cf9300 DPL=0 DS   [-WA]
CS =0008 00000000 ffffffff 00cf9a00 DPL=0 CS32 [-R-]
SS =0010 00000000 ffffffff 00cf9300 DPL=0 DS   [-WA]
DS =0010 00000000 ffffffff 00cf9300 DPL=0 DS   [-WA]
FS =0010 00000000 ffffffff 00cf9300 DPL=0 DS   [-WA]
GS =0010 00000000 ffffffff 00cf9300 DPL=0 DS   [-WA]
LDT=0000 00000000 0000ffff 00008200 DPL=0 LDT
TR =0000 00000000 0000ffff 00008b00 DPL=0 TSS32-busy
GDT=     001150a0 0000002f
IDT=     00115100 000007ff
CR0=e0000011 CR2=00000000 CR3=00122000 CR4=00000000
DR0=00000000 DR1=00000000 DR2=00000000 DR3=00000000 
DR6=ffff0ff0 DR7=00000400
CCS=00000010 CCD=0011b038 CCO=EFLAGS
EFER=0000000000000000
Servicing hardware INT=0x40
   325: v=40 e=0000 i=0 cpl=0 IP=0008:00102341 pc=00102341 SP=0010:0011b044 env->regs[R_EAX]=00000000
EAX=00000000 EBX=00000001 ECX=00000780 EDX=000003d5
ESI=00000000 EDI=00000000 EBP=00000000 ESP=0011b044
EIP=00102341 EFL=00000212 [----A--] CPL=0 II=0 A20=1 SMM=0 HLT=0
ES =0010 00000000 ffffffff 00cf9300 DPL=0 DS   [-WA]
CS =0008 00000000 ffffffff 00cf9a00 DPL=0 CS32 [-R-]
SS =0010 00000000 ffffffff 00cf9300 DPL=0 DS   [-WA]
DS =0010 00000000 ffffffff 00cf9300 DPL=0 DS   [-WA]
FS =0010 00000000 ffffffff 00cf9300 DPL=0 DS   [-WA]
GS =0010 00000000 ffffffff 00cf9300 DPL=0 DS   [-WA]
LDT=0000 00000000 0000ffff 00008200 DPL=0 LDT
TR =0000 00000000 0000ffff 00008b00 DPL=0 TSS32-busy
GDT=     001150a0 0000002f
IDT=     00115100 000007ff
CR0=e0000011 CR2=00000000 CR3=00122000 CR4=00000000
DR0=00000000 DR1=00000000 DR2=00000000 DR3=00000000 
DR6=ffff0ff0 DR7=00000400
CCS=00000010 CCD=0011b038 CCO=EFLAGS
EFER=0000000000000000
Servicing hardware INT=0x40
   326: v=40 e=0000 i=0 cpl=0 IP=0008:00102341 pc=00102341 SP=0010:0011b044 env->regs[R_EAX]=00000000
EAX=00000000 EBX=00000001 ECX=00000780 EDX=000003d5
ESI=00000000 EDI=00000000 EBP=00000000 ESP=0011b044
EIP=00102341 EFL=00000212 [----A--] CPL=0 II=0 A20=1 SMM=0 HLT=0
ES =0010 00000000 ffffffff 00cf9300 DPL=0 DS   [-WA]
CS =0008 00000000 ffffffff 00cf9a00 DPL=0 CS32 [-R-]
SS =0010 00000000 ffffffff 00cf9300 DPL=0 DS   [-WA]
DS =0010 00000000 ffffffff 00cf9300 DPL=0 DS   [-WA]
FS =0010 00000000 ffffffff 00cf9300 DPL=0 DS   [-WA]
GS =0010 00000000 ffffffff 00cf9300 DPL=0 DS   [-WA]
LDT=0000 00000000 0000ffff 00008200 DPL=0 LDT
TR =0000 00000000 0000ffff 00008b00 DPL=0 TSS32-busy
GDT=     001150a0 0000002f
IDT=     00115100 000007ff
CR0=e0000011 CR2=00000000 CR3=00122000 CR4=00000000
DR0=00000000 DR1=00000000 DR2=00000000 DR3=00000000 
DR6=ffff0ff0 DR7=00000400
CCS=00000010 CCD=0011b038 CCO=EFLAGS
EFER=0000000000000000
Servicing hardware INT=0x40
   327: v=40 e=0000 i=0 cpl=0 IP=0008:00102341 pc=00102341 SP=0010:0011b044 env->regs[R_EAX]=00000000
EAX=00000000 EBX=00000001 ECX=00000780 EDX=000003d5
ESI=00000000 EDI=00000000 EBP=00000000 ESP=0011b044
EIP=00102341 EFL=00000212 [----A--] CPL=0 II=0 A20=1 SMM=0 HLT=0
ES =0010 00000000 ffffffff 00cf9300 DPL=0 DS   [-WA]
CS =0008 00000000 ffffffff 00cf9a00 DPL=0 CS32 [-R-]
SS =0010 00000000 ffffffff 00cf9300 DPL=0 DS   [-WA]
DS =0010 00000000 ffffffff 00cf9300 DPL=0 DS   [-WA]
FS =0010 00000000 ffffffff 00cf9300 DPL=0 DS   [-WA]
GS =0010 00000000 ffffffff 00cf9300 DPL=0 DS   [-WA]
LDT=0000 00000000 0000ffff 00008200 DPL=0 LDT
TR =0000 00000000 0000ffff 00008b00 DPL=0 TSS32-busy
GDT=     001150a0 0000002f
IDT=     00115100 000007ff
CR0=e0000011 CR2=00000000 CR3=00122000 CR4=00000000
DR0=00000000 DR1=00000000 DR2=00000000 DR3=00000000 
DR6=ffff0ff0 DR7=00000400
CCS=00000010 CCD=0011b038 CCO=EFLAGS
EFER=0000000000000000
Servicing hardware INT=0x40
   328: v=40 e=0000 i=0 cpl=0 IP=0008:00102341 pc=00102341 SP=0010:0011b044 env->regs[R_EAX]=00000000
EAX=00000000 EBX=00000001 ECX=00000780 EDX=000003d5
ESI=00000000 EDI=00000000 EBP=00000000 ESP=0011b044
EIP=00102341 EFL=00000212 [----A--] CPL=0 II=0 A20=1 SMM=0 HLT=0
ES =0010 00000000 ffffffff 00cf9300 DPL=0 DS   [-WA]
CS =0008 00000000 ffffffff 00cf9a00 DPL=0 CS32 [-R-]
SS =0010 00000000 ffffffff 00cf9300 DPL=0 DS   [-WA]
DS =0010 00000000 ffffffff 00cf9300 DPL=0 DS   [-WA]
FS =0010 00000000 ffffffff 00cf9300 DPL=0 DS   [-WA]
GS =0010 00000000 ffffffff 00cf9300 DPL=0 DS   [-WA]
LDT=0000 00000000 0000ffff 00008200 DPL=0 LDT
TR =0000 00000000 0000ffff 00008b00 DPL=0 TSS32-busy
GDT=     001150a0 0000002f
IDT=     00115100 000007ff
CR0=e0000011 CR2=00000000 CR3=00122000 CR4=00000000
DR0=00000000 DR1=00000000 DR2=00000000 DR3=00000000 
DR6=ffff0ff0 DR7=00000400
CCS=00000010 CCD=0011b038 CCO=EFLAGS
EFER=0000000000000000
Servicing hardware INT=0x40
   329: v=40 e=0000 i=0 cpl=0 IP=0008:00102341 pc=00102341 SP=0010:0011b044 env->regs[R_EAX]=00000000
EAX=00000000 EBX=00000001 ECX=00000780 EDX=000003d5
ESI=00000000 EDI=00000000 EBP=00000000 ESP=0011b044
EIP=00102341 EFL=00000212 [----A--] CPL=0 II=0 A20=1 SMM=0 HLT=0
ES =0010 00000000 ffffffff 00cf9300 DPL=0 DS   [-WA]
CS =0008 00000000 ffffffff 00cf9a00 DPL=0 CS32 [-R-]
SS =0010 00000000 ffffffff 00cf9300 DPL=0 DS   [-WA]
DS =0010 00000000 ffffffff 00cf9300 DPL=0 DS   [-WA]
FS =0010 00000000 ffffffff 00cf9300 DPL=0 DS   [-WA]
GS =0010 00000000 ffffffff 00cf9300 DPL=0 DS   [-WA]
LDT=0000 00000000 0000ffff 00008200 DPL=0 LDT
TR =0000 00000000 0000ffff 00008b00 DPL=0 TSS32-busy
GDT=     001150a0 0000002f
IDT=     00115100 000007ff
CR0=e0000011 CR2=00000000 CR3=00122000 CR4=00000000
DR0=00000000 DR1=00000000 DR2=00000000 DR3=00000000 
DR6=ffff0ff0 DR7=00000400
CCS=00000010 CCD=0011b038 CCO=EFLAGS
EFER=0000000000000000
Servicing hardware INT=0x40
   330: v=40 e=0000 i=0 cpl=0 IP=0008:00102341 pc=00102341 SP=0010:0011b044 env->regs[R_EAX]=00000000
EAX=00000000 EBX=00000001 ECX=00000780 EDX=000003d5
ESI=00000000 EDI=00000000 EBP=00000000 ESP=0011b044
EIP=00102341 EFL=00000212 [----A--] CPL=0 II=0 A20=1 SMM=0 HLT=0
ES =0010 00000000 ffffffff 00cf9300 DPL=0 DS   [-WA]
CS =0008 00000000 ffffffff 00cf9a00 DPL=0 CS32 [-R-]
SS =0010 00000000 ffffffff 00cf9300 DPL=0 DS   [-WA]
DS =0010 00000000 ffffffff 00cf9300 DPL=0 DS   [-WA]
FS =0010 00000000 ffffffff 00cf9300 DPL=0 DS   [-WA]
GS =0010 00000000 ffffffff 00cf9300 DPL=0 DS   [-WA]
LDT=0000 00000000 0000ffff 00008200 DPL=0 LDT
TR =0000 00000000 0000ffff 00008b00 DPL=0 TSS32-busy
GDT=     001150a0 0000002f
IDT=     00115100 000007ff
CR0=e0000011 CR2=00000000 CR3=00122000 CR4=00000000
DR0=00000000 DR1=00000000 DR2=00000000 DR3=00000000 
DR6=ffff0ff0 DR7=00000400
CCS=00000010 CCD=0011b038 CCO=EFLAGS
EFER=0000000000000000
Servicing hardware INT=0x40
   331: v=40 e=0000 i=0 cpl=0 IP=0008:00102341 pc=00102341 SP=0010:0011b044 env->regs[R_EAX]=00000000
EAX=00000000 EBX=00000001 ECX=00000780 EDX=000003d5
ESI=00000000 EDI=00000000 EBP=00000000 ESP=0011b044
EIP=00102341 EFL=00000212 [----A--] CPL=0 II=0 A20=1 SMM=0 HLT=0
ES =0010 00000000 ffffffff 00cf9300 DPL=0 DS   [-WA]
CS =0008 00000000 ffffffff 00cf9a00 DPL=0 CS32 [-R-]
SS =0010 00000000 ffffffff 00cf9300 DPL=0 DS   [-WA]
DS =0010 00000000 ffffffff 00cf9300 DPL=0 DS   [-WA]
FS =0010 00000000 ffffffff 00cf9300 DPL=0 DS   [-WA]
GS =0010 00000000 ffffffff 00cf9300 DPL=0 DS   [-WA]
LDT=0000 00000000 0000ffff 00008200 DPL=0 LDT
TR =0000 00000000 0000ffff 00008b00 DPL=0 TSS32-busy
GDT=     001150a0 0000002f
IDT=     00115100 000007ff
CR0=e0000011 CR2=00000000 CR3=00122000 CR4=00000000
DR0=00000000 DR1=00000000 DR2=00000000 DR3=00000000 
DR6=ffff0ff0 DR7=00000400
CCS=00000010 CCD=0011b038 CCO=EFLAGS
EFER=0000000000000000
Servicing hardware INT=0x40
   332: v=40 e=0000 i=0 cpl=0 IP=0008:00102341 pc=00102341 SP=0010:0011b044 env->regs[R_EAX]=00000000
EAX=00000000 EBX=00000001 ECX=00000780 EDX=000003d5
ESI=00000000 EDI=00000000 EBP=00000000 ESP=0011b044
EIP=00102341 EFL=00000212 [----A--] CPL=0 II=0 A20=1 SMM=0 HLT=0
ES =0010 00000000 ffffffff 00cf9300 DPL=0 DS   [-WA]
CS =0008 00000000 ffffffff 00cf9a00 DPL=0 CS32 [-R-]
SS =0010 00000000 ffffffff 00cf9300 DPL=0 DS   [-WA]
DS =0010 00000000 ffffffff 00cf9300 DPL=0 DS   [-WA]
FS =0010 00000000 ffffffff 00cf9300 DPL=0 DS   [-WA]
GS =0010 00000000 ffffffff 00cf9300 DPL=0 DS   [-WA]
LDT=0000 00000000 0000ffff 00008200 DPL=0 LDT
TR =0000 00000000 0000ffff 00008b00 DPL=0 TSS32-busy
GDT=     001150a0 0000002f
IDT=     00115100 000007ff
CR0=e0000011 CR2=00000000 CR3=00122000 CR4=00000000
DR0=00000000 DR1=00000000 DR2=00000000 DR3=00000000 
DR6=ffff0ff0 DR7=00000400
CCS=00000010 CCD=0011b038 CCO=EFLAGS
EFER=0000000000000000
Servicing hardware INT=0x40
   333: v=40 e=0000 i=0 cpl=0 IP=0008:00102341 pc=00102341 SP=0010:0011b044 env->regs[R_EAX]=00000000
EAX=00000000 EBX=00000001 ECX=00000780 EDX=000003d5
ESI=00000000 EDI=00000000 EBP=00000000 ESP=0011b044
EIP=00102341 EFL=00000212 [----A--] CPL=0 II=0 A20=1 SMM=0 HLT=0
ES =0010 00000000 ffffffff 00cf9300 DPL=0 DS   [-WA]
CS =0008 00000000 ffffffff 00cf9a00 DPL=0 CS32 [-R-]
SS =0010 00000000 ffffffff 00cf9300 DPL=0 DS   [-WA]
DS =0010 00000000 ffffffff 00cf9300 DPL=0 DS   [-WA]
FS =0010 00000000 ffffffff 00cf9300 DPL=0 DS   [-WA]
GS =0010 00000000 ffffffff 00cf9300 DPL=0 DS   [-WA]
LDT=0000 00000000 0000ffff 00008200 DPL=0 LDT
TR =0000 00000000 0000ffff 00008b00 DPL=0 TSS32-busy
GDT=     001150a0 0000002f
IDT=     00115100 000007ff
CR0=e0000011 CR2=00000000 CR3=00122000 CR4=00000000
DR0=00000000 DR1=00000000 DR2=00000000 DR3=00000000 
DR6=ffff0ff0 DR7=00000400
CCS=00000010 CCD=0011b038 CCO=EFLAGS
EFER=0000000000000000
Servicing hardware INT=0x40
   334: v=40 e=0000 i=0 cpl=0 IP=0008:00102341 pc=00102341 SP=0010:0011b044 env->regs[R_EAX]=00000000
EAX=00000000 EBX=00000001 ECX=00000780 EDX=000003d5
ESI=00000000 EDI=00000000 EBP=00000000 ESP=0011b044
EIP=00102341 EFL=00000212 [----A--] CPL=0 II=0 A20=1 SMM=0 HLT=0
ES =0010 00000000 ffffffff 00cf9300 DPL=0 DS   [-WA]
CS =0008 00000000 ffffffff 00cf9a00 DPL=0 CS32 [-R-]
SS =0010 00000000 ffffffff 00cf9300 DPL=0 DS   [-WA]
DS =0010 00000000 ffffffff 00cf9300 DPL=0 DS   [-WA]
FS =0010 00000000 ffffffff 00cf9300 DPL=0 DS   [-WA]
GS =0010 00000000 ffffffff 00cf9300 DPL=0 DS   [-WA]
LDT=0000 00000000 0000ffff 00008200 DPL=0 LDT
TR =0000 00000000 0000ffff 00008b00 DPL=0 TSS32-busy
GDT=     001150a0 0000002f
IDT=     00115100 000007ff
CR0=e0000011 CR2=00000000 CR3=00122000 CR4=00000000
DR0=00000000 DR1=00000000 DR2=00000000 DR3=00000000 
DR6=ffff0ff0 DR7=00000400
CCS=00000010 CCD=0011b038 CCO=EFLAGS
EFER=0000000000000000
Servicing hardware INT=0x40
   335: v=40 e=0000 i=0 cpl=0 IP=0008:00102341 pc=00102341 SP=0010:0011b044 env->regs[R_EAX]=00000000
EAX=00000000 EBX=00000001 ECX=00000780 EDX=000003d5
ESI=00000000 EDI=00000000 EBP=00000000 ESP=0011b044
EIP=00102341 EFL=00000212 [----A--] CPL=0 II=0 A20=1 SMM=0 HLT=0
ES =0010 00000000 ffffffff 00cf9300 DPL=0 DS   [-WA]
CS =0008 00000000 ffffffff 00cf9a00 DPL=0 CS32 [-R-]
SS =0010 00000000 ffffffff 00cf9300 DPL=0 DS   [-WA]
DS =0010 00000000 ffffffff 00cf9300 DPL=0 DS   [-WA]
FS =0010 00000000 ffffffff 00cf9300 DPL=0 DS   [-WA]
GS =0010 00000000 ffffffff 00cf9300 DPL=0 DS   [-WA]
LDT=0000 00000000 0000ffff 00008200 DPL=0 LDT
TR =0000 00000000 0000ffff 00008b00 DPL=0 TSS32-busy
GDT=     001150a0 0000002f
IDT=     00115100 000007ff
CR0=e0000011 CR2=00000000 CR3=00122000 CR4=00000000
DR0=00000000 DR1=00000000 DR2=00000000 DR3=00000000 
DR6=ffff0ff0 DR7=00000400
CCS=00000010 CCD=0011b038 CCO=EFLAGS
EFER=0000000000000000
Servicing hardware INT=0x40
   336: v=40 e=0000 i=0 cpl=0 IP=0008:00102341 pc=00102341 SP=0010:0011b044 env->regs[R_EAX]=00000000
EAX=00000000 EBX=00000001 ECX=00000780 EDX=000003d5
ESI=00000000 EDI=00000000 EBP=00000000 ESP=0011b044
EIP=00102341 EFL=00000212 [----A--] CPL=0 II=0 A20=1 SMM=0 HLT=0
ES =0010 00000000 ffffffff 00cf9300 DPL=0 DS   [-WA]
CS =0008 00000000 ffffffff 00cf9a00 DPL=0 CS32 [-R-]
SS =0010 00000000 ffffffff 00cf9300 DPL=0 DS   [-WA]
DS =0010 00000000 ffffffff 00cf9300 DPL=0 DS   [-WA]
FS =0010 00000000 ffffffff 00cf9300 DPL=0 DS   [-WA]
GS =0010 00000000 ffffffff 00cf9300 DPL=0 DS   [-WA]
LDT=0000 00000000 0000ffff 00008200 DPL=0 LDT
TR =0000 00000000 0000ffff 00008b00 DPL=0 TSS32-busy
GDT=     001150a0 0000002f
IDT=     00115100 000007ff
CR0=e0000011 CR2=00000000 CR3=00122000 CR4=00000000
DR0=00000000 DR1=00000000 DR2=00000000 DR3=00000000 
DR6=ffff0ff0 DR7=00000400
CCS=00000010 CCD=0011b038 CCO=EFLAGS
EFER=0000000000000000
Servicing hardware INT=0x40
   337: v=40 e=0000 i=0 cpl=0 IP=0008:00102341 pc=00102341 SP=0010:0011b044 env->regs[R_EAX]=00000000
EAX=00000000 EBX=00000001 ECX=00000780 EDX=000003d5
ESI=00000000 EDI=00000000 EBP=00000000 ESP=0011b044
EIP=00102341 EFL=00000212 [----A--] CPL=0 II=0 A20=1 SMM=0 HLT=0
ES =0010 00000000 ffffffff 00cf9300 DPL=0 DS   [-WA]
CS =0008 00000000 ffffffff 00cf9a00 DPL=0 CS32 [-R-]
SS =0010 00000000 ffffffff 00cf9300 DPL=0 DS   [-WA]
DS =0010 00000000 ffffffff 00cf9300 DPL=0 DS   [-WA]
FS =0010 00000000 ffffffff 00cf9300 DPL=0 DS   [-WA]
GS =0010 00000000 ffffffff 00cf9300 DPL=0 DS   [-WA]
LDT=0000 00000000 0000ffff 00008200 DPL=0 LDT
TR =0000 00000000 0000ffff 00008b00 DPL=0 TSS32-busy
GDT=     001150a0 0000002f
IDT=     00115100 000007ff
CR0=e0000011 CR2=00000000 CR3=00122000 CR4=00000000
DR0=00000000 DR1=00000000 DR2=00000000 DR3=00000000 
DR6=ffff0ff0 DR7=00000400
CCS=00000010 CCD=0011b038 CCO=EFLAGS
EFER=0000000000000000
Servicing hardware INT=0x40
   338: v=40 e=0000 i=0 cpl=0 IP=0008:00102341 pc=00102341 SP=0010:0011b044 env->regs[R_EAX]=00000000
EAX=00000000 EBX=00000001 ECX=00000780 EDX=000003d5
ESI=00000000 EDI=00000000 EBP=00000000 ESP=0011b044
EIP=00102341 EFL=00000212 [----A--] CPL=0 II=0 A20=1 SMM=0 HLT=0
ES =0010 00000000 ffffffff 00cf9300 DPL=0 DS   [-WA]
CS =0008 00000000 ffffffff 00cf9a00 DPL=0 CS32 [-R-]
SS =0010 00000000 ffffffff 00cf9300 DPL=0 DS   [-WA]
DS =0010 00000000 ffffffff 00cf9300 DPL=0 DS   [-WA]
FS =0010 00000000 ffffffff 00cf9300 DPL=0 DS   [-WA]
GS =0010 00000000 ffffffff 00cf9300 DPL=0 DS   [-WA]
LDT=0000 00000000 0000ffff 00008200 DPL=0 LDT
TR =0000 00000000 0000ffff 00008b00 DPL=0 TSS32-busy
GDT=     001150a0 0000002f
IDT=     00115100 000007ff
CR0=e0000011 CR2=00000000 CR3=00122000 CR4=00000000
DR0=00000000 DR1=00000000 DR2=00000000 DR3=00000000 
DR6=ffff0ff0 DR7=00000400
CCS=00000010 CCD=0011b038 CCO=EFLAGS
EFER=0000000000000000
Servicing hardware INT=0x40
   339: v=40 e=0000 i=0 cpl=0 IP=0008:00102341 pc=00102341 SP=0010:0011b044 env->regs[R_EAX]=00000000
EAX=00000000 EBX=00000001 ECX=00000780 EDX=000003d5
ESI=00000000 EDI=00000000 EBP=00000000 ESP=0011b044
EIP=00102341 EFL=00000212 [----A--] CPL=0 II=0 A20=1 SMM=0 HLT=0
ES =0010 00000000 ffffffff 00cf9300 DPL=0 DS   [-WA]
CS =0008 00000000 ffffffff 00cf9a00 DPL=0 CS32 [-R-]
SS =0010 00000000 ffffffff 00cf9300 DPL=0 DS   [-WA]
DS =0010 00000000 ffffffff 00cf9300 DPL=0 DS   [-WA]
FS =0010 00000000 ffffffff 00cf9300 DPL=0 DS   [-WA]
GS =0010 00000000 ffffffff 00cf9300 DPL=0 DS   [-WA]
LDT=0000 00000000 0000ffff 00008200 DPL=0 LDT
TR =0000 00000000 0000ffff 00008b00 DPL=0 TSS32-busy
GDT=     001150a0 0000002f
IDT=     00115100 000007ff
CR0=e0000011 CR2=00000000 CR3=00122000 CR4=00000000
DR0=00000000 DR1=00000000 DR2=00000000 DR3=00000000 
DR6=ffff0ff0 DR7=00000400
CCS=00000010 CCD=0011b038 CCO=EFLAGS
EFER=0000000000000000
Servicing hardware INT=0x40
   340: v=40 e=0000 i=0 cpl=0 IP=0008:00102341 pc=00102341 SP=0010:0011b044 env->regs[R_EAX]=00000000
EAX=00000000 EBX=00000001 ECX=00000780 EDX=000003d5
ESI=00000000 EDI=00000000 EBP=00000000 ESP=0011b044
EIP=00102341 EFL=00000212 [----A--] CPL=0 II=0 A20=1 SMM=0 HLT=0
ES =0010 00000000 ffffffff 00cf9300 DPL=0 DS   [-WA]
CS =0008 00000000 ffffffff 00cf9a00 DPL=0 CS32 [-R-]
SS =0010 00000000 ffffffff 00cf9300 DPL=0 DS   [-WA]
DS =0010 00000000 ffffffff 00cf9300 DPL=0 DS   [-WA]
FS =0010 00000000 ffffffff 00cf9300 DPL=0 DS   [-WA]
GS =0010 00000000 ffffffff 00cf9300 DPL=0 DS   [-WA]
LDT=0000 00000000 0000ffff 00008200 DPL=0 LDT
TR =0000 00000000 0000ffff 00008b00 DPL=0 TSS32-busy
GDT=     001150a0 0000002f
IDT=     00115100 000007ff
CR0=e0000011 CR2=00000000 CR3=00122000 CR4=00000000
DR0=00000000 DR1=00000000 DR2=00000000 DR3=00000000 
DR6=ffff0ff0 DR7=00000400
CCS=00000010 CCD=0011b038 CCO=EFLAGS
EFER=0000000000000000
Servicing hardware INT=0x40
   341: v=40 e=0000 i=0 cpl=0 IP=0008:00102341 pc=00102341 SP=0010:0011b044 env->regs[R_EAX]=00000000
EAX=00000000 EBX=00000001 ECX=00000780 EDX=000003d5
ESI=00000000 EDI=00000000 EBP=00000000 ESP=0011b044
EIP=00102341 EFL=00000212 [----A--] CPL=0 II=0 A20=1 SMM=0 HLT=0
ES =0010 00000000 ffffffff 00cf9300 DPL=0 DS   [-WA]
CS =0008 00000000 ffffffff 00cf9a00 DPL=0 CS32 [-R-]
SS =0010 00000000 ffffffff 00cf9300 DPL=0 DS   [-WA]
DS =0010 00000000 ffffffff 00cf9300 DPL=0 DS   [-WA]
FS =0010 00000000 ffffffff 00cf9300 DPL=0 DS   [-WA]
GS =0010 00000000 ffffffff 00cf9300 DPL=0 DS   [-WA]
LDT=0000 00000000 0000ffff 00008200 DPL=0 LDT
TR =0000 00000000 0000ffff 00008b00 DPL=0 TSS32-busy
GDT=     001150a0 0000002f
IDT=     00115100 000007ff
CR0=e0000011 CR2=00000000 CR3=00122000 CR4=00000000
DR0=00000000 DR1=00000000 DR2=00000000 DR3=00000000 
DR6=ffff0ff0 DR7=00000400
CCS=00000010 CCD=0011b038 CCO=EFLAGS
EFER=0000000000000000
Servicing hardware INT=0x40
   342: v=40 e=0000 i=0 cpl=0 IP=0008:00102341 pc=00102341 SP=0010:0011b044 env->regs[R_EAX]=00000000
EAX=00000000 EBX=00000001 ECX=00000780 EDX=000003d5
ESI=00000000 EDI=00000000 EBP=00000000 ESP=0011b044
EIP=00102341 EFL=00000212 [----A--] CPL=0 II=0 A20=1 SMM=0 HLT=0
ES =0010 00000000 ffffffff 00cf9300 DPL=0 DS   [-WA]
CS =0008 00000000 ffffffff 00cf9a00 DPL=0 CS32 [-R-]
SS =0010 00000000 ffffffff 00cf9300 DPL=0 DS   [-WA]
DS =0010 00000000 ffffffff 00cf9300 DPL=0 DS   [-WA]
FS =0010 00000000 ffffffff 00cf9300 DPL=0 DS   [-WA]
GS =0010 00000000 ffffffff 00cf9300 DPL=0 DS   [-WA]
LDT=0000 00000000 0000ffff 00008200 DPL=0 LDT
TR =0000 00000000 0000ffff 00008b00 DPL=0 TSS32-busy
GDT=     001150a0 0000002f
IDT=     00115100 000007ff
CR0=e0000011 CR2=00000000 CR3=00122000 CR4=00000000
DR0=00000000 DR1=00000000 DR2=00000000 DR3=00000000 
DR6=ffff0ff0 DR7=00000400
CCS=00000010 CCD=0011b038 CCO=EFLAGS
EFER=0000000000000000
Servicing hardware INT=0x40
   343: v=40 e=0000 i=0 cpl=0 IP=0008:00102341 pc=00102341 SP=0010:0011b044 env->regs[R_EAX]=00000000
EAX=00000000 EBX=00000001 ECX=00000780 EDX=000003d5
ESI=00000000 EDI=00000000 EBP=00000000 ESP=0011b044
EIP=00102341 EFL=00000212 [----A--] CPL=0 II=0 A20=1 SMM=0 HLT=0
ES =0010 00000000 ffffffff 00cf9300 DPL=0 DS   [-WA]
CS =0008 00000000 ffffffff 00cf9a00 DPL=0 CS32 [-R-]
SS =0010 00000000 ffffffff 00cf9300 DPL=0 DS   [-WA]
DS =0010 00000000 ffffffff 00cf9300 DPL=0 DS   [-WA]
FS =0010 00000000 ffffffff 00cf9300 DPL=0 DS   [-WA]
GS =0010 00000000 ffffffff 00cf9300 DPL=0 DS   [-WA]
LDT=0000 00000000 0000ffff 00008200 DPL=0 LDT
TR =0000 00000000 0000ffff 00008b00 DPL=0 TSS32-busy
GDT=     001150a0 0000002f
IDT=     00115100 000007ff
CR0=e0000011 CR2=00000000 CR3=00122000 CR4=00000000
DR0=00000000 DR1=00000000 DR2=00000000 DR3=00000000 
DR6=ffff0ff0 DR7=00000400
CCS=00000010 CCD=0011b038 CCO=EFLAGS
EFER=0000000000000000
Servicing hardware INT=0x40
   344: v=40 e=0000 i=0 cpl=0 IP=0008:00102341 pc=00102341 SP=0010:0011b044 env->regs[R_EAX]=00000000
EAX=00000000 EBX=00000001 ECX=00000780 EDX=000003d5
ESI=00000000 EDI=00000000 EBP=00000000 ESP=0011b044
EIP=00102341 EFL=00000212 [----A--] CPL=0 II=0 A20=1 SMM=0 HLT=0
ES =0010 00000000 ffffffff 00cf9300 DPL=0 DS   [-WA]
CS =0008 00000000 ffffffff 00cf9a00 DPL=0 CS32 [-R-]
SS =0010 00000000 ffffffff 00cf9300 DPL=0 DS   [-WA]
DS =0010 00000000 ffffffff 00cf9300 DPL=0 DS   [-WA]
FS =0010 00000000 ffffffff 00cf9300 DPL=0 DS   [-WA]
GS =0010 00000000 ffffffff 00cf9300 DPL=0 DS   [-WA]
LDT=0000 00000000 0000ffff 00008200 DPL=0 LDT
TR =0000 00000000 0000ffff 00008b00 DPL=0 TSS32-busy
GDT=     001150a0 0000002f
IDT=     00115100 000007ff
CR0=e0000011 CR2=00000000 CR3=00122000 CR4=00000000
DR0=00000000 DR1=00000000 DR2=00000000 DR3=00000000 
DR6=ffff0ff0 DR7=00000400
CCS=00000010 CCD=0011b038 CCO=EFLAGS
EFER=0000000000000000
Servicing hardware INT=0x40
   345: v=40 e=0000 i=0 cpl=0 IP=0008:00102341 pc=00102341 SP=0010:0011b044 env->regs[R_EAX]=00000000
EAX=00000000 EBX=00000001 ECX=00000780 EDX=000003d5
ESI=00000000 EDI=00000000 EBP=00000000 ESP=0011b044
EIP=00102341 EFL=00000212 [----A--] CPL=0 II=0 A20=1 SMM=0 HLT=0
ES =0010 00000000 ffffffff 00cf9300 DPL=0 DS   [-WA]
CS =0008 00000000 ffffffff 00cf9a00 DPL=0 CS32 [-R-]
SS =0010 00000000 ffffffff 00cf9300 DPL=0 DS   [-WA]
DS =0010 00000000 ffffffff 00cf9300 DPL=0 DS   [-WA]
FS =0010 00000000 ffffffff 00cf9300 DPL=0 DS   [-WA]
GS =0010 00000000 ffffffff 00cf9300 DPL=0 DS   [-WA]
LDT=0000 00000000 0000ffff 00008200 DPL=0 LDT
TR =0000 00000000 0000ffff 00008b00 DPL=0 TSS32-busy
GDT=     001150a0 0000002f
IDT=     00115100 000007ff
CR0=e0000011 CR2=00000000 CR3=00122000 CR4=00000000
DR0=00000000 DR1=00000000 DR2=00000000 DR3=00000000 
DR6=ffff0ff0 DR7=00000400
CCS=00000010 CCD=0011b038 CCO=EFLAGS
EFER=0000000000000000
Servicing hardware INT=0x40
   346: v=40 e=0000 i=0 cpl=0 IP=0008:00102341 pc=00102341 SP=0010:0011b044 env->regs[R_EAX]=00000000
EAX=00000000 EBX=00000001 ECX=00000780 EDX=000003d5
ESI=00000000 EDI=00000000 EBP=00000000 ESP=0011b044
EIP=00102341 EFL=00000212 [----A--] CPL=0 II=0 A20=1 SMM=0 HLT=0
ES =0010 00000000 ffffffff 00cf9300 DPL=0 DS   [-WA]
CS =0008 00000000 ffffffff 00cf9a00 DPL=0 CS32 [-R-]
SS =0010 00000000 ffffffff 00cf9300 DPL=0 DS   [-WA]
DS =0010 00000000 ffffffff 00cf9300 DPL=0 DS   [-WA]
FS =0010 00000000 ffffffff 00cf9300 DPL=0 DS   [-WA]
GS =0010 00000000 ffffffff 00cf9300 DPL=0 DS   [-WA]
LDT=0000 00000000 0000ffff 00008200 DPL=0 LDT
TR =0000 00000000 0000ffff 00008b00 DPL=0 TSS32-busy
GDT=     001150a0 0000002f
IDT=     00115100 000007ff
CR0=e0000011 CR2=00000000 CR3=00122000 CR4=00000000
DR0=00000000 DR1=00000000 DR2=00000000 DR3=00000000 
DR6=ffff0ff0 DR7=00000400
CCS=00000010 CCD=0011b038 CCO=EFLAGS
EFER=0000000000000000
Servicing hardware INT=0x40
   347: v=40 e=0000 i=0 cpl=0 IP=0008:00102341 pc=00102341 SP=0010:0011b044 env->regs[R_EAX]=00000000
EAX=00000000 EBX=00000001 ECX=00000780 EDX=000003d5
ESI=00000000 EDI=00000000 EBP=00000000 ESP=0011b044
EIP=00102341 EFL=00000212 [----A--] CPL=0 II=0 A20=1 SMM=0 HLT=0
ES =0010 00000000 ffffffff 00cf9300 DPL=0 DS   [-WA]
CS =0008 00000000 ffffffff 00cf9a00 DPL=0 CS32 [-R-]
SS =0010 00000000 ffffffff 00cf9300 DPL=0 DS   [-WA]
DS =0010 00000000 ffffffff 00cf9300 DPL=0 DS   [-WA]
FS =0010 00000000 ffffffff 00cf9300 DPL=0 DS   [-WA]
GS =0010 00000000 ffffffff 00cf9300 DPL=0 DS   [-WA]
LDT=0000 00000000 0000ffff 00008200 DPL=0 LDT
TR =0000 00000000 0000ffff 00008b00 DPL=0 TSS32-busy
GDT=     001150a0 0000002f
IDT=     00115100 000007ff
CR0=e0000011 CR2=00000000 CR3=00122000 CR4=00000000
DR0=00000000 DR1=00000000 DR2=00000000 DR3=00000000 
DR6=ffff0ff0 DR7=00000400
CCS=00000010 CCD=0011b038 CCO=EFLAGS
EFER=0000000000000000
Servicing hardware INT=0x40
   348: v=40 e=0000 i=0 cpl=0 IP=0008:00102341 pc=00102341 SP=0010:0011b044 env->regs[R_EAX]=00000000
EAX=00000000 EBX=00000001 ECX=00000780 EDX=000003d5
ESI=00000000 EDI=00000000 EBP=00000000 ESP=0011b044
EIP=00102341 EFL=00000212 [----A--] CPL=0 II=0 A20=1 SMM=0 HLT=0
ES =0010 00000000 ffffffff 00cf9300 DPL=0 DS   [-WA]
CS =0008 00000000 ffffffff 00cf9a00 DPL=0 CS32 [-R-]
SS =0010 00000000 ffffffff 00cf9300 DPL=0 DS   [-WA]
DS =0010 00000000 ffffffff 00cf9300 DPL=0 DS   [-WA]
FS =0010 00000000 ffffffff 00cf9300 DPL=0 DS   [-WA]
GS =0010 00000000 ffffffff 00cf9300 DPL=0 DS   [-WA]
LDT=0000 00000000 0000ffff 00008200 DPL=0 LDT
TR =0000 00000000 0000ffff 00008b00 DPL=0 TSS32-busy
GDT=     001150a0 0000002f
IDT=     00115100 000007ff
CR0=e0000011 CR2=00000000 CR3=00122000 CR4=00000000
DR0=00000000 DR1=00000000 DR2=00000000 DR3=00000000 
DR6=ffff0ff0 DR7=00000400
CCS=00000010 CCD=0011b038 CCO=EFLAGS
EFER=0000000000000000
Servicing hardware INT=0x40
   349: v=40 e=0000 i=0 cpl=0 IP=0008:00102341 pc=00102341 SP=0010:0011b044 env->regs[R_EAX]=00000000
EAX=00000000 EBX=00000001 ECX=00000780 EDX=000003d5
ESI=00000000 EDI=00000000 EBP=00000000 ESP=0011b044
EIP=00102341 EFL=00000212 [----A--] CPL=0 II=0 A20=1 SMM=0 HLT=0
ES =0010 00000000 ffffffff 00cf9300 DPL=0 DS   [-WA]
CS =0008 00000000 ffffffff 00cf9a00 DPL=0 CS32 [-R-]
SS =0010 00000000 ffffffff 00cf9300 DPL=0 DS   [-WA]
DS =0010 00000000 ffffffff 00cf9300 DPL=0 DS   [-WA]
FS =0010 00000000 ffffffff 00cf9300 DPL=0 DS   [-WA]
GS =0010 00000000 ffffffff 00cf9300 DPL=0 DS   [-WA]
LDT=0000 00000000 0000ffff 00008200 DPL=0 LDT
TR =0000 00000000 0000ffff 00008b00 DPL=0 TSS32-busy
GDT=     001150a0 0000002f
IDT=     00115100 000007ff
CR0=e0000011 CR2=00000000 CR3=00122000 CR4=00000000
DR0=00000000 DR1=00000000 DR2=00000000 DR3=00000000 
DR6=ffff0ff0 DR7=00000400
CCS=00000010 CCD=0011b038 CCO=EFLAGS
EFER=0000000000000000
Servicing hardware INT=0x40
   350: v=40 e=0000 i=0 cpl=0 IP=0008:00102341 pc=00102341 SP=0010:0011b044 env->regs[R_EAX]=00000000
EAX=00000000 EBX=00000001 ECX=00000780 EDX=000003d5
ESI=00000000 EDI=00000000 EBP=00000000 ESP=0011b044
EIP=00102341 EFL=00000212 [----A--] CPL=0 II=0 A20=1 SMM=0 HLT=0
ES =0010 00000000 ffffffff 00cf9300 DPL=0 DS   [-WA]
CS =0008 00000000 ffffffff 00cf9a00 DPL=0 CS32 [-R-]
SS =0010 00000000 ffffffff 00cf9300 DPL=0 DS   [-WA]
DS =0010 00000000 ffffffff 00cf9300 DPL=0 DS   [-WA]
FS =0010 00000000 ffffffff 00cf9300 DPL=0 DS   [-WA]
GS =0010 00000000 ffffffff 00cf9300 DPL=0 DS   [-WA]
LDT=0000 00000000 0000ffff 00008200 DPL=0 LDT
TR =0000 00000000 0000ffff 00008b00 DPL=0 TSS32-busy
GDT=     001150a0 0000002f
IDT=     00115100 000007ff
CR0=e0000011 CR2=00000000 CR3=00122000 CR4=00000000
DR0=00000000 DR1=00000000 DR2=00000000 DR3=00000000 
DR6=ffff0ff0 DR7=00000400
CCS=00000010 CCD=0011b038 CCO=EFLAGS
EFER=0000000000000000
Servicing hardware INT=0x40
   351: v=40 e=0000 i=0 cpl=0 IP=0008:00102341 pc=00102341 SP=0010:0011b044 env->regs[R_EAX]=00000000
EAX=00000000 EBX=00000001 ECX=00000780 EDX=000003d5
ESI=00000000 EDI=00000000 EBP=00000000 ESP=0011b044
EIP=00102341 EFL=00000212 [----A--] CPL=0 II=0 A20=1 SMM=0 HLT=0
ES =0010 00000000 ffffffff 00cf9300 DPL=0 DS   [-WA]
CS =0008 00000000 ffffffff 00cf9a00 DPL=0 CS32 [-R-]
SS =0010 00000000 ffffffff 00cf9300 DPL=0 DS   [-WA]
DS =0010 00000000 ffffffff 00cf9300 DPL=0 DS   [-WA]
FS =0010 00000000 ffffffff 00cf9300 DPL=0 DS   [-WA]
GS =0010 00000000 ffffffff 00cf9300 DPL=0 DS   [-WA]
LDT=0000 00000000 0000ffff 00008200 DPL=0 LDT
TR =0000 00000000 0000ffff 00008b00 DPL=0 TSS32-busy
GDT=     001150a0 0000002f
IDT=     00115100 000007ff
CR0=e0000011 CR2=00000000 CR3=00122000 CR4=00000000
DR0=00000000 DR1=00000000 DR2=00000000 DR3=00000000 
DR6=ffff0ff0 DR7=00000400
CCS=00000010 CCD=0011b038 CCO=EFLAGS
EFER=0000000000000000
Servicing hardware INT=0x40
   352: v=40 e=0000 i=0 cpl=0 IP=0008:00102341 pc=00102341 SP=0010:0011b044 env->regs[R_EAX]=00000000
EAX=00000000 EBX=00000001 ECX=00000780 EDX=000003d5
ESI=00000000 EDI=00000000 EBP=00000000 ESP=0011b044
EIP=00102341 EFL=00000212 [----A--] CPL=0 II=0 A20=1 SMM=0 HLT=0
ES =0010 00000000 ffffffff 00cf9300 DPL=0 DS   [-WA]
CS =0008 00000000 ffffffff 00cf9a00 DPL=0 CS32 [-R-]
SS =0010 00000000 ffffffff 00cf9300 DPL=0 DS   [-WA]
DS =0010 00000000 ffffffff 00cf9300 DPL=0 DS   [-WA]
FS =0010 00000000 ffffffff 00cf9300 DPL=0 DS   [-WA]
GS =0010 00000000 ffffffff 00cf9300 DPL=0 DS   [-WA]
LDT=0000 00000000 0000ffff 00008200 DPL=0 LDT
TR =0000 00000000 0000ffff 00008b00 DPL=0 TSS32-busy
GDT=     001150a0 0000002f
IDT=     00115100 000007ff
CR0=e0000011 CR2=00000000 CR3=00122000 CR4=00000000
DR0=00000000 DR1=00000000 DR2=00000000 DR3=00000000 
DR6=ffff0ff0 DR7=00000400
CCS=00000010 CCD=0011b038 CCO=EFLAGS
EFER=0000000000000000
Servicing hardware INT=0x40
   353: v=40 e=0000 i=0 cpl=0 IP=0008:00102341 pc=00102341 SP=0010:0011b044 env->regs[R_EAX]=00000000
EAX=00000000 EBX=00000001 ECX=00000780 EDX=000003d5
ESI=00000000 EDI=00000000 EBP=00000000 ESP=0011b044
EIP=00102341 EFL=00000212 [----A--] CPL=0 II=0 A20=1 SMM=0 HLT=0
ES =0010 00000000 ffffffff 00cf9300 DPL=0 DS   [-WA]
CS =0008 00000000 ffffffff 00cf9a00 DPL=0 CS32 [-R-]
SS =0010 00000000 ffffffff 00cf9300 DPL=0 DS   [-WA]
DS =0010 00000000 ffffffff 00cf9300 DPL=0 DS   [-WA]
FS =0010 00000000 ffffffff 00cf9300 DPL=0 DS   [-WA]
GS =0010 00000000 ffffffff 00cf9300 DPL=0 DS   [-WA]
LDT=0000 00000000 0000ffff 00008200 DPL=0 LDT
TR =0000 00000000 0000ffff 00008b00 DPL=0 TSS32-busy
GDT=     001150a0 0000002f
IDT=     00115100 000007ff
CR0=e0000011 CR2=00000000 CR3=00122000 CR4=00000000
DR0=00000000 DR1=00000000 DR2=00000000 DR3=00000000 
DR6=ffff0ff0 DR7=00000400
CCS=00000010 CCD=0011b038 CCO=EFLAGS
EFER=0000000000000000
Servicing hardware INT=0x40
   354: v=40 e=0000 i=0 cpl=0 IP=0008:00102341 pc=00102341 SP=0010:0011b044 env->regs[R_EAX]=00000000
EAX=00000000 EBX=00000001 ECX=00000780 EDX=000003d5
ESI=00000000 EDI=00000000 EBP=00000000 ESP=0011b044
EIP=00102341 EFL=00000212 [----A--] CPL=0 II=0 A20=1 SMM=0 HLT=0
ES =0010 00000000 ffffffff 00cf9300 DPL=0 DS   [-WA]
CS =0008 00000000 ffffffff 00cf9a00 DPL=0 CS32 [-R-]
SS =0010 00000000 ffffffff 00cf9300 DPL=0 DS   [-WA]
DS =0010 00000000 ffffffff 00cf9300 DPL=0 DS   [-WA]
FS =0010 00000000 ffffffff 00cf9300 DPL=0 DS   [-WA]
GS =0010 00000000 ffffffff 00cf9300 DPL=0 DS   [-WA]
LDT=0000 00000000 0000ffff 00008200 DPL=0 LDT
TR =0000 00000000 0000ffff 00008b00 DPL=0 TSS32-busy
GDT=     001150a0 0000002f
IDT=     00115100 000007ff
CR0=e0000011 CR2=00000000 CR3=00122000 CR4=00000000
DR0=00000000 DR1=00000000 DR2=00000000 DR3=00000000 
DR6=ffff0ff0 DR7=00000400
CCS=00000010 CCD=0011b038 CCO=EFLAGS
EFER=0000000000000000
Servicing hardware INT=0x40
   355: v=40 e=0000 i=0 cpl=0 IP=0008:00102341 pc=00102341 SP=0010:0011b044 env->regs[R_EAX]=00000000
EAX=00000000 EBX=00000001 ECX=00000780 EDX=000003d5
ESI=00000000 EDI=00000000 EBP=00000000 ESP=0011b044
EIP=00102341 EFL=00000212 [----A--] CPL=0 II=0 A20=1 SMM=0 HLT=0
ES =0010 00000000 ffffffff 00cf9300 DPL=0 DS   [-WA]
CS =0008 00000000 ffffffff 00cf9a00 DPL=0 CS32 [-R-]
SS =0010 00000000 ffffffff 00cf9300 DPL=0 DS   [-WA]
DS =0010 00000000 ffffffff 00cf9300 DPL=0 DS   [-WA]
FS =0010 00000000 ffffffff 00cf9300 DPL=0 DS   [-WA]
GS =0010 00000000 ffffffff 00cf9300 DPL=0 DS   [-WA]
LDT=0000 00000000 0000ffff 00008200 DPL=0 LDT
TR =0000 00000000 0000ffff 00008b00 DPL=0 TSS32-busy
GDT=     001150a0 0000002f
IDT=     00115100 000007ff
CR0=e0000011 CR2=00000000 CR3=00122000 CR4=00000000
DR0=00000000 DR1=00000000 DR2=00000000 DR3=00000000 
DR6=ffff0ff0 DR7=00000400
CCS=00000010 CCD=0011b038 CCO=EFLAGS
EFER=0000000000000000
Servicing hardware INT=0x40
   356: v=40 e=0000 i=0 cpl=0 IP=0008:00102341 pc=00102341 SP=0010:0011b044 env->regs[R_EAX]=00000000
EAX=00000000 EBX=00000001 ECX=00000780 EDX=000003d5
ESI=00000000 EDI=00000000 EBP=00000000 ESP=0011b044
EIP=00102341 EFL=00000212 [----A--] CPL=0 II=0 A20=1 SMM=0 HLT=0
ES =0010 00000000 ffffffff 00cf9300 DPL=0 DS   [-WA]
CS =0008 00000000 ffffffff 00cf9a00 DPL=0 CS32 [-R-]
SS =0010 00000000 ffffffff 00cf9300 DPL=0 DS   [-WA]
DS =0010 00000000 ffffffff 00cf9300 DPL=0 DS   [-WA]
FS =0010 00000000 ffffffff 00cf9300 DPL=0 DS   [-WA]
GS =0010 00000000 ffffffff 00cf9300 DPL=0 DS   [-WA]
LDT=0000 00000000 0000ffff 00008200 DPL=0 LDT
TR =0000 00000000 0000ffff 00008b00 DPL=0 TSS32-busy
GDT=     001150a0 0000002f
IDT=     00115100 000007ff
CR0=e0000011 CR2=00000000 CR3=00122000 CR4=00000000
DR0=00000000 DR1=00000000 DR2=00000000 DR3=00000000 
DR6=ffff0ff0 DR7=00000400
CCS=00000010 CCD=0011b038 CCO=EFLAGS
EFER=0000000000000000
Servicing hardware INT=0x40
   357: v=40 e=0000 i=0 cpl=0 IP=0008:00102341 pc=00102341 SP=0010:0011b044 env->regs[R_EAX]=00000000
EAX=00000000 EBX=00000001 ECX=00000780 EDX=000003d5
ESI=00000000 EDI=00000000 EBP=00000000 ESP=0011b044
EIP=00102341 EFL=00000212 [----A--] CPL=0 II=0 A20=1 SMM=0 HLT=0
ES =0010 00000000 ffffffff 00cf9300 DPL=0 DS   [-WA]
CS =0008 00000000 ffffffff 00cf9a00 DPL=0 CS32 [-R-]
SS =0010 00000000 ffffffff 00cf9300 DPL=0 DS   [-WA]
DS =0010 00000000 ffffffff 00cf9300 DPL=0 DS   [-WA]
FS =0010 00000000 ffffffff 00cf9300 DPL=0 DS   [-WA]
GS =0010 00000000 ffffffff 00cf9300 DPL=0 DS   [-WA]
LDT=0000 00000000 0000ffff 00008200 DPL=0 LDT
TR =0000 00000000 0000ffff 00008b00 DPL=0 TSS32-busy
GDT=     001150a0 0000002f
IDT=     00115100 000007ff
CR0=e0000011 CR2=00000000 CR3=00122000 CR4=00000000
DR0=00000000 DR1=00000000 DR2=00000000 DR3=00000000 
DR6=ffff0ff0 DR7=00000400
CCS=00000010 CCD=0011b038 CCO=EFLAGS
EFER=0000000000000000
Servicing hardware INT=0x40
   358: v=40 e=0000 i=0 cpl=0 IP=0008:00102341 pc=00102341 SP=0010:0011b044 env->regs[R_EAX]=00000000
EAX=00000000 EBX=00000001 ECX=00000780 EDX=000003d5
ESI=00000000 EDI=00000000 EBP=00000000 ESP=0011b044
EIP=00102341 EFL=00000212 [----A--] CPL=0 II=0 A20=1 SMM=0 HLT=0
ES =0010 00000000 ffffffff 00cf9300 DPL=0 DS   [-WA]
CS =0008 00000000 ffffffff 00cf9a00 DPL=0 CS32 [-R-]
SS =0010 00000000 ffffffff 00cf9300 DPL=0 DS   [-WA]
DS =0010 00000000 ffffffff 00cf9300 DPL=0 DS   [-WA]
FS =0010 00000000 ffffffff 00cf9300 DPL=0 DS   [-WA]
GS =0010 00000000 ffffffff 00cf9300 DPL=0 DS   [-WA]
LDT=0000 00000000 0000ffff 00008200 DPL=0 LDT
TR =0000 00000000 0000ffff 00008b00 DPL=0 TSS32-busy
GDT=     001150a0 0000002f
IDT=     00115100 000007ff
CR0=e0000011 CR2=00000000 CR3=00122000 CR4=00000000
DR0=00000000 DR1=00000000 DR2=00000000 DR3=00000000 
DR6=ffff0ff0 DR7=00000400
CCS=00000010 CCD=0011b038 CCO=EFLAGS
EFER=0000000000000000
Servicing hardware INT=0x40
   359: v=40 e=0000 i=0 cpl=0 IP=0008:00102341 pc=00102341 SP=0010:0011b044 env->regs[R_EAX]=00000000
EAX=00000000 EBX=00000001 ECX=00000780 EDX=000003d5
ESI=00000000 EDI=00000000 EBP=00000000 ESP=0011b044
EIP=00102341 EFL=00000212 [----A--] CPL=0 II=0 A20=1 SMM=0 HLT=0
ES =0010 00000000 ffffffff 00cf9300 DPL=0 DS   [-WA]
CS =0008 00000000 ffffffff 00cf9a00 DPL=0 CS32 [-R-]
SS =0010 00000000 ffffffff 00cf9300 DPL=0 DS   [-WA]
DS =0010 00000000 ffffffff 00cf9300 DPL=0 DS   [-WA]
FS =0010 00000000 ffffffff 00cf9300 DPL=0 DS   [-WA]
GS =0010 00000000 ffffffff 00cf9300 DPL=0 DS   [-WA]
LDT=0000 00000000 0000ffff 00008200 DPL=0 LDT
TR =0000 00000000 0000ffff 00008b00 DPL=0 TSS32-busy
GDT=     001150a0 0000002f
IDT=     00115100 000007ff
CR0=e0000011 CR2=00000000 CR3=00122000 CR4=00000000
DR0=00000000 DR1=00000000 DR2=00000000 DR3=00000000 
DR6=ffff0ff0 DR7=00000400
CCS=00000010 CCD=0011b038 CCO=EFLAGS
EFER=0000000000000000
Servicing hardware INT=0x40
   360: v=40 e=0000 i=0 cpl=0 IP=0008:00102341 pc=00102341 SP=0010:0011b044 env->regs[R_EAX]=00000000
EAX=00000000 EBX=00000001 ECX=00000780 EDX=000003d5
ESI=00000000 EDI=00000000 EBP=00000000 ESP=0011b044
EIP=00102341 EFL=00000212 [----A--] CPL=0 II=0 A20=1 SMM=0 HLT=0
ES =0010 00000000 ffffffff 00cf9300 DPL=0 DS   [-WA]
CS =0008 00000000 ffffffff 00cf9a00 DPL=0 CS32 [-R-]
SS =0010 00000000 ffffffff 00cf9300 DPL=0 DS   [-WA]
DS =0010 00000000 ffffffff 00cf9300 DPL=0 DS   [-WA]
FS =0010 00000000 ffffffff 00cf9300 DPL=0 DS   [-WA]
GS =0010 00000000 ffffffff 00cf9300 DPL=0 DS   [-WA]
LDT=0000 00000000 0000ffff 00008200 DPL=0 LDT
TR =0000 00000000 0000ffff 00008b00 DPL=0 TSS32-busy
GDT=     001150a0 0000002f
IDT=     00115100 000007ff
CR0=e0000011 CR2=00000000 CR3=00122000 CR4=00000000
DR0=00000000 DR1=00000000 DR2=00000000 DR3=00000000 
DR6=ffff0ff0 DR7=00000400
CCS=00000010 CCD=0011b038 CCO=EFLAGS
EFER=0000000000000000
Servicing hardware INT=0x40
   361: v=40 e=0000 i=0 cpl=0 IP=0008:00102341 pc=00102341 SP=0010:0011b044 env->regs[R_EAX]=00000000
EAX=00000000 EBX=00000001 ECX=00000780 EDX=000003d5
ESI=00000000 EDI=00000000 EBP=00000000 ESP=0011b044
EIP=00102341 EFL=00000212 [----A--] CPL=0 II=0 A20=1 SMM=0 HLT=0
ES =0010 00000000 ffffffff 00cf9300 DPL=0 DS   [-WA]
CS =0008 00000000 ffffffff 00cf9a00 DPL=0 CS32 [-R-]
SS =0010 00000000 ffffffff 00cf9300 DPL=0 DS   [-WA]
DS =0010 00000000 ffffffff 00cf9300 DPL=0 DS   [-WA]
FS =0010 00000000 ffffffff 00cf9300 DPL=0 DS   [-WA]
GS =0010 00000000 ffffffff 00cf9300 DPL=0 DS   [-WA]
LDT=0000 00000000 0000ffff 00008200 DPL=0 LDT
TR =0000 00000000 0000ffff 00008b00 DPL=0 TSS32-busy
GDT=     001150a0 0000002f
IDT=     00115100 000007ff
CR0=e0000011 CR2=00000000 CR3=00122000 CR4=00000000
DR0=00000000 DR1=00000000 DR2=00000000 DR3=00000000 
DR6=ffff0ff0 DR7=00000400
CCS=00000010 CCD=0011b038 CCO=EFLAGS
EFER=0000000000000000
Servicing hardware INT=0x40
   362: v=40 e=0000 i=0 cpl=0 IP=0008:00102341 pc=00102341 SP=0010:0011b044 env->regs[R_EAX]=00000000
EAX=00000000 EBX=00000001 ECX=00000780 EDX=000003d5
ESI=00000000 EDI=00000000 EBP=00000000 ESP=0011b044
EIP=00102341 EFL=00000212 [----A--] CPL=0 II=0 A20=1 SMM=0 HLT=0
ES =0010 00000000 ffffffff 00cf9300 DPL=0 DS   [-WA]
CS =0008 00000000 ffffffff 00cf9a00 DPL=0 CS32 [-R-]
SS =0010 00000000 ffffffff 00cf9300 DPL=0 DS   [-WA]
DS =0010 00000000 ffffffff 00cf9300 DPL=0 DS   [-WA]
FS =0010 00000000 ffffffff 00cf9300 DPL=0 DS   [-WA]
GS =0010 00000000 ffffffff 00cf9300 DPL=0 DS   [-WA]
LDT=0000 00000000 0000ffff 00008200 DPL=0 LDT
TR =0000 00000000 0000ffff 00008b00 DPL=0 TSS32-busy
GDT=     001150a0 0000002f
IDT=     00115100 000007ff
CR0=e0000011 CR2=00000000 CR3=00122000 CR4=00000000
DR0=00000000 DR1=00000000 DR2=00000000 DR3=00000000 
DR6=ffff0ff0 DR7=00000400
CCS=00000010 CCD=0011b038 CCO=EFLAGS
EFER=0000000000000000
Servicing hardware INT=0x40
   363: v=40 e=0000 i=0 cpl=0 IP=0008:00102341 pc=00102341 SP=0010:0011b044 env->regs[R_EAX]=00000000
EAX=00000000 EBX=00000001 ECX=00000780 EDX=000003d5
ESI=00000000 EDI=00000000 EBP=00000000 ESP=0011b044
EIP=00102341 EFL=00000212 [----A--] CPL=0 II=0 A20=1 SMM=0 HLT=0
ES =0010 00000000 ffffffff 00cf9300 DPL=0 DS   [-WA]
CS =0008 00000000 ffffffff 00cf9a00 DPL=0 CS32 [-R-]
SS =0010 00000000 ffffffff 00cf9300 DPL=0 DS   [-WA]
DS =0010 00000000 ffffffff 00cf9300 DPL=0 DS   [-WA]
FS =0010 00000000 ffffffff 00cf9300 DPL=0 DS   [-WA]
GS =0010 00000000 ffffffff 00cf9300 DPL=0 DS   [-WA]
LDT=0000 00000000 0000ffff 00008200 DPL=0 LDT
TR =0000 00000000 0000ffff 00008b00 DPL=0 TSS32-busy
GDT=     001150a0 0000002f
IDT=     00115100 000007ff
CR0=e0000011 CR2=00000000 CR3=00122000 CR4=00000000
DR0=00000000 DR1=00000000 DR2=00000000 DR3=00000000 
DR6=ffff0ff0 DR7=00000400
CCS=00000010 CCD=0011b038 CCO=EFLAGS
EFER=0000000000000000
Servicing hardware INT=0x40
   364: v=40 e=0000 i=0 cpl=0 IP=0008:00102341 pc=00102341 SP=0010:0011b044 env->regs[R_EAX]=00000000
EAX=00000000 EBX=00000001 ECX=00000780 EDX=000003d5
ESI=00000000 EDI=00000000 EBP=00000000 ESP=0011b044
EIP=00102341 EFL=00000212 [----A--] CPL=0 II=0 A20=1 SMM=0 HLT=0
ES =0010 00000000 ffffffff 00cf9300 DPL=0 DS   [-WA]
CS =0008 00000000 ffffffff 00cf9a00 DPL=0 CS32 [-R-]
SS =0010 00000000 ffffffff 00cf9300 DPL=0 DS   [-WA]
DS =0010 00000000 ffffffff 00cf9300 DPL=0 DS   [-WA]
FS =0010 00000000 ffffffff 00cf9300 DPL=0 DS   [-WA]
GS =0010 00000000 ffffffff 00cf9300 DPL=0 DS   [-WA]
LDT=0000 00000000 0000ffff 00008200 DPL=0 LDT
TR =0000 00000000 0000ffff 00008b00 DPL=0 TSS32-busy
GDT=     001150a0 0000002f
IDT=     00115100 000007ff
CR0=e0000011 CR2=00000000 CR3=00122000 CR4=00000000
DR0=00000000 DR1=00000000 DR2=00000000 DR3=00000000 
DR6=ffff0ff0 DR7=00000400
CCS=00000010 CCD=0011b038 CCO=EFLAGS
EFER=0000000000000000
Servicing hardware INT=0x40
   365: v=40 e=0000 i=0 cpl=0 IP=0008:00102341 pc=00102341 SP=0010:0011b044 env->regs[R_EAX]=00000000
EAX=00000000 EBX=00000001 ECX=00000780 EDX=000003d5
ESI=00000000 EDI=00000000 EBP=00000000 ESP=0011b044
EIP=00102341 EFL=00000212 [----A--] CPL=0 II=0 A20=1 SMM=0 HLT=0
ES =0010 00000000 ffffffff 00cf9300 DPL=0 DS   [-WA]
CS =0008 00000000 ffffffff 00cf9a00 DPL=0 CS32 [-R-]
SS =0010 00000000 ffffffff 00cf9300 DPL=0 DS   [-WA]
DS =0010 00000000 ffffffff 00cf9300 DPL=0 DS   [-WA]
FS =0010 00000000 ffffffff 00cf9300 DPL=0 DS   [-WA]
GS =0010 00000000 ffffffff 00cf9300 DPL=0 DS   [-WA]
LDT=0000 00000000 0000ffff 00008200 DPL=0 LDT
TR =0000 00000000 0000ffff 00008b00 DPL=0 TSS32-busy
GDT=     001150a0 0000002f
IDT=     00115100 000007ff
CR0=e0000011 CR2=00000000 CR3=00122000 CR4=00000000
DR0=00000000 DR1=00000000 DR2=00000000 DR3=00000000 
DR6=ffff0ff0 DR7=00000400
CCS=00000010 CCD=0011b038 CCO=EFLAGS
EFER=0000000000000000
Servicing hardware INT=0x40
   366: v=40 e=0000 i=0 cpl=0 IP=0008:00102341 pc=00102341 SP=0010:0011b044 env->regs[R_EAX]=00000000
EAX=00000000 EBX=00000001 ECX=00000780 EDX=000003d5
ESI=00000000 EDI=00000000 EBP=00000000 ESP=0011b044
EIP=00102341 EFL=00000212 [----A--] CPL=0 II=0 A20=1 SMM=0 HLT=0
ES =0010 00000000 ffffffff 00cf9300 DPL=0 DS   [-WA]
CS =0008 00000000 ffffffff 00cf9a00 DPL=0 CS32 [-R-]
SS =0010 00000000 ffffffff 00cf9300 DPL=0 DS   [-WA]
DS =0010 00000000 ffffffff 00cf9300 DPL=0 DS   [-WA]
FS =0010 00000000 ffffffff 00cf9300 DPL=0 DS   [-WA]
GS =0010 00000000 ffffffff 00cf9300 DPL=0 DS   [-WA]
LDT=0000 00000000 0000ffff 00008200 DPL=0 LDT
TR =0000 00000000 0000ffff 00008b00 DPL=0 TSS32-busy
GDT=     001150a0 0000002f
IDT=     00115100 000007ff
CR0=e0000011 CR2=00000000 CR3=00122000 CR4=00000000
DR0=00000000 DR1=00000000 DR2=00000000 DR3=00000000 
DR6=ffff0ff0 DR7=00000400
CCS=00000010 CCD=0011b038 CCO=EFLAGS
EFER=0000000000000000
Servicing hardware INT=0x40
   367: v=40 e=0000 i=0 cpl=0 IP=0008:00102341 pc=00102341 SP=0010:0011b044 env->regs[R_EAX]=00000000
EAX=00000000 EBX=00000001 ECX=00000780 EDX=000003d5
ESI=00000000 EDI=00000000 EBP=00000000 ESP=0011b044
EIP=00102341 EFL=00000212 [----A--] CPL=0 II=0 A20=1 SMM=0 HLT=0
ES =0010 00000000 ffffffff 00cf9300 DPL=0 DS   [-WA]
CS =0008 00000000 ffffffff 00cf9a00 DPL=0 CS32 [-R-]
SS =0010 00000000 ffffffff 00cf9300 DPL=0 DS   [-WA]
DS =0010 00000000 ffffffff 00cf9300 DPL=0 DS   [-WA]
FS =0010 00000000 ffffffff 00cf9300 DPL=0 DS   [-WA]
GS =0010 00000000 ffffffff 00cf9300 DPL=0 DS   [-WA]
LDT=0000 00000000 0000ffff 00008200 DPL=0 LDT
TR =0000 00000000 0000ffff 00008b00 DPL=0 TSS32-busy
GDT=     001150a0 0000002f
IDT=     00115100 000007ff
CR0=e0000011 CR2=00000000 CR3=00122000 CR4=00000000
DR0=00000000 DR1=00000000 DR2=00000000 DR3=00000000 
DR6=ffff0ff0 DR7=00000400
CCS=00000010 CCD=0011b038 CCO=EFLAGS
EFER=0000000000000000
Servicing hardware INT=0x40
   368: v=40 e=0000 i=0 cpl=0 IP=0008:00102341 pc=00102341 SP=0010:0011b044 env->regs[R_EAX]=00000000
EAX=00000000 EBX=00000001 ECX=00000780 EDX=000003d5
ESI=00000000 EDI=00000000 EBP=00000000 ESP=0011b044
EIP=00102341 EFL=00000212 [----A--] CPL=0 II=0 A20=1 SMM=0 HLT=0
ES =0010 00000000 ffffffff 00cf9300 DPL=0 DS   [-WA]
CS =0008 00000000 ffffffff 00cf9a00 DPL=0 CS32 [-R-]
SS =0010 00000000 ffffffff 00cf9300 DPL=0 DS   [-WA]
DS =0010 00000000 ffffffff 00cf9300 DPL=0 DS   [-WA]
FS =0010 00000000 ffffffff 00cf9300 DPL=0 DS   [-WA]
GS =0010 00000000 ffffffff 00cf9300 DPL=0 DS   [-WA]
LDT=0000 00000000 0000ffff 00008200 DPL=0 LDT
TR =0000 00000000 0000ffff 00008b00 DPL=0 TSS32-busy
GDT=     001150a0 0000002f
IDT=     00115100 000007ff
CR0=e0000011 CR2=00000000 CR3=00122000 CR4=00000000
DR0=00000000 DR1=00000000 DR2=00000000 DR3=00000000 
DR6=ffff0ff0 DR7=00000400
CCS=00000010 CCD=0011b038 CCO=EFLAGS
EFER=0000000000000000
Servicing hardware INT=0x40
   369: v=40 e=0000 i=0 cpl=0 IP=0008:00102341 pc=00102341 SP=0010:0011b044 env->regs[R_EAX]=00000000
EAX=00000000 EBX=00000001 ECX=00000780 EDX=000003d5
ESI=00000000 EDI=00000000 EBP=00000000 ESP=0011b044
EIP=00102341 EFL=00000212 [----A--] CPL=0 II=0 A20=1 SMM=0 HLT=0
ES =0010 00000000 ffffffff 00cf9300 DPL=0 DS   [-WA]
CS =0008 00000000 ffffffff 00cf9a00 DPL=0 CS32 [-R-]
SS =0010 00000000 ffffffff 00cf9300 DPL=0 DS   [-WA]
DS =0010 00000000 ffffffff 00cf9300 DPL=0 DS   [-WA]
FS =0010 00000000 ffffffff 00cf9300 DPL=0 DS   [-WA]
GS =0010 00000000 ffffffff 00cf9300 DPL=0 DS   [-WA]
LDT=0000 00000000 0000ffff 00008200 DPL=0 LDT
TR =0000 00000000 0000ffff 00008b00 DPL=0 TSS32-busy
GDT=     001150a0 0000002f
IDT=     00115100 000007ff
CR0=e0000011 CR2=00000000 CR3=00122000 CR4=00000000
DR0=00000000 DR1=00000000 DR2=00000000 DR3=00000000 
DR6=ffff0ff0 DR7=00000400
CCS=00000010 CCD=0011b038 CCO=EFLAGS
EFER=0000000000000000
Servicing hardware INT=0x40
   370: v=40 e=0000 i=0 cpl=0 IP=0008:00102341 pc=00102341 SP=0010:0011b044 env->regs[R_EAX]=00000000
EAX=00000000 EBX=00000001 ECX=00000780 EDX=000003d5
ESI=00000000 EDI=00000000 EBP=00000000 ESP=0011b044
EIP=00102341 EFL=00000212 [----A--] CPL=0 II=0 A20=1 SMM=0 HLT=0
ES =0010 00000000 ffffffff 00cf9300 DPL=0 DS   [-WA]
CS =0008 00000000 ffffffff 00cf9a00 DPL=0 CS32 [-R-]
SS =0010 00000000 ffffffff 00cf9300 DPL=0 DS   [-WA]
DS =0010 00000000 ffffffff 00cf9300 DPL=0 DS   [-WA]
FS =0010 00000000 ffffffff 00cf9300 DPL=0 DS   [-WA]
GS =0010 00000000 ffffffff 00cf9300 DPL=0 DS   [-WA]
LDT=0000 00000000 0000ffff 00008200 DPL=0 LDT
TR =0000 00000000 0000ffff 00008b00 DPL=0 TSS32-busy
GDT=     001150a0 0000002f
IDT=     00115100 000007ff
CR0=e0000011 CR2=00000000 CR3=00122000 CR4=00000000
DR0=00000000 DR1=00000000 DR2=00000000 DR3=00000000 
DR6=ffff0ff0 DR7=00000400
CCS=00000010 CCD=0011b038 CCO=EFLAGS
EFER=0000000000000000
Servicing hardware INT=0x40
   371: v=40 e=0000 i=0 cpl=0 IP=0008:00102341 pc=00102341 SP=0010:0011b044 env->regs[R_EAX]=00000000
EAX=00000000 EBX=00000001 ECX=00000780 EDX=000003d5
ESI=00000000 EDI=00000000 EBP=00000000 ESP=0011b044
EIP=00102341 EFL=00000212 [----A--] CPL=0 II=0 A20=1 SMM=0 HLT=0
ES =0010 00000000 ffffffff 00cf9300 DPL=0 DS   [-WA]
CS =0008 00000000 ffffffff 00cf9a00 DPL=0 CS32 [-R-]
SS =0010 00000000 ffffffff 00cf9300 DPL=0 DS   [-WA]
DS =0010 00000000 ffffffff 00cf9300 DPL=0 DS   [-WA]
FS =0010 00000000 ffffffff 00cf9300 DPL=0 DS   [-WA]
GS =0010 00000000 ffffffff 00cf9300 DPL=0 DS   [-WA]
LDT=0000 00000000 0000ffff 00008200 DPL=0 LDT
TR =0000 00000000 0000ffff 00008b00 DPL=0 TSS32-busy
GDT=     001150a0 0000002f
IDT=     00115100 000007ff
CR0=e0000011 CR2=00000000 CR3=00122000 CR4=00000000
DR0=00000000 DR1=00000000 DR2=00000000 DR3=00000000 
DR6=ffff0ff0 DR7=00000400
CCS=00000010 CCD=0011b038 CCO=EFLAGS
EFER=0000000000000000
Servicing hardware INT=0x40
   372: v=40 e=0000 i=0 cpl=0 IP=0008:00102341 pc=00102341 SP=0010:0011b044 env->regs[R_EAX]=00000000
EAX=00000000 EBX=00000001 ECX=00000780 EDX=000003d5
ESI=00000000 EDI=00000000 EBP=00000000 ESP=0011b044
EIP=00102341 EFL=00000212 [----A--] CPL=0 II=0 A20=1 SMM=0 HLT=0
ES =0010 00000000 ffffffff 00cf9300 DPL=0 DS   [-WA]
CS =0008 00000000 ffffffff 00cf9a00 DPL=0 CS32 [-R-]
SS =0010 00000000 ffffffff 00cf9300 DPL=0 DS   [-WA]
DS =0010 00000000 ffffffff 00cf9300 DPL=0 DS   [-WA]
FS =0010 00000000 ffffffff 00cf9300 DPL=0 DS   [-WA]
GS =0010 00000000 ffffffff 00cf9300 DPL=0 DS   [-WA]
LDT=0000 00000000 0000ffff 00008200 DPL=0 LDT
TR =0000 00000000 0000ffff 00008b00 DPL=0 TSS32-busy
GDT=     001150a0 0000002f
IDT=     00115100 000007ff
CR0=e0000011 CR2=00000000 CR3=00122000 CR4=00000000
DR0=00000000 DR1=00000000 DR2=00000000 DR3=00000000 
DR6=ffff0ff0 DR7=00000400
CCS=00000010 CCD=0011b038 CCO=EFLAGS
EFER=0000000000000000
Servicing hardware INT=0x40
   373: v=40 e=0000 i=0 cpl=0 IP=0008:00102341 pc=00102341 SP=0010:0011b044 env->regs[R_EAX]=00000000
EAX=00000000 EBX=00000001 ECX=00000780 EDX=000003d5
ESI=00000000 EDI=00000000 EBP=00000000 ESP=0011b044
EIP=00102341 EFL=00000212 [----A--] CPL=0 II=0 A20=1 SMM=0 HLT=0
ES =0010 00000000 ffffffff 00cf9300 DPL=0 DS   [-WA]
CS =0008 00000000 ffffffff 00cf9a00 DPL=0 CS32 [-R-]
SS =0010 00000000 ffffffff 00cf9300 DPL=0 DS   [-WA]
DS =0010 00000000 ffffffff 00cf9300 DPL=0 DS   [-WA]
FS =0010 00000000 ffffffff 00cf9300 DPL=0 DS   [-WA]
GS =0010 00000000 ffffffff 00cf9300 DPL=0 DS   [-WA]
LDT=0000 00000000 0000ffff 00008200 DPL=0 LDT
TR =0000 00000000 0000ffff 00008b00 DPL=0 TSS32-busy
GDT=     001150a0 0000002f
IDT=     00115100 000007ff
CR0=e0000011 CR2=00000000 CR3=00122000 CR4=00000000
DR0=00000000 DR1=00000000 DR2=00000000 DR3=00000000 
DR6=ffff0ff0 DR7=00000400
CCS=00000010 CCD=0011b038 CCO=EFLAGS
EFER=0000000000000000
Servicing hardware INT=0x40
   374: v=40 e=0000 i=0 cpl=0 IP=0008:00102341 pc=00102341 SP=0010:0011b044 env->regs[R_EAX]=00000000
EAX=00000000 EBX=00000001 ECX=00000780 EDX=000003d5
ESI=00000000 EDI=00000000 EBP=00000000 ESP=0011b044
EIP=00102341 EFL=00000212 [----A--] CPL=0 II=0 A20=1 SMM=0 HLT=0
ES =0010 00000000 ffffffff 00cf9300 DPL=0 DS   [-WA]
CS =0008 00000000 ffffffff 00cf9a00 DPL=0 CS32 [-R-]
SS =0010 00000000 ffffffff 00cf9300 DPL=0 DS   [-WA]
DS =0010 00000000 ffffffff 00cf9300 DPL=0 DS   [-WA]
FS =0010 00000000 ffffffff 00cf9300 DPL=0 DS   [-WA]
GS =0010 00000000 ffffffff 00cf9300 DPL=0 DS   [-WA]
LDT=0000 00000000 0000ffff 00008200 DPL=0 LDT
TR =0000 00000000 0000ffff 00008b00 DPL=0 TSS32-busy
GDT=     001150a0 0000002f
IDT=     00115100 000007ff
CR0=e0000011 CR2=00000000 CR3=00122000 CR4=00000000
DR0=00000000 DR1=00000000 DR2=00000000 DR3=00000000 
DR6=ffff0ff0 DR7=00000400
CCS=00000010 CCD=0011b038 CCO=EFLAGS
EFER=0000000000000000
Servicing hardware INT=0x40
   375: v=40 e=0000 i=0 cpl=0 IP=0008:00102341 pc=00102341 SP=0010:0011b044 env->regs[R_EAX]=00000000
EAX=00000000 EBX=00000001 ECX=00000780 EDX=000003d5
ESI=00000000 EDI=00000000 EBP=00000000 ESP=0011b044
EIP=00102341 EFL=00000212 [----A--] CPL=0 II=0 A20=1 SMM=0 HLT=0
ES =0010 00000000 ffffffff 00cf9300 DPL=0 DS   [-WA]
CS =0008 00000000 ffffffff 00cf9a00 DPL=0 CS32 [-R-]
SS =0010 00000000 ffffffff 00cf9300 DPL=0 DS   [-WA]
DS =0010 00000000 ffffffff 00cf9300 DPL=0 DS   [-WA]
FS =0010 00000000 ffffffff 00cf9300 DPL=0 DS   [-WA]
GS =0010 00000000 ffffffff 00cf9300 DPL=0 DS   [-WA]
LDT=0000 00000000 0000ffff 00008200 DPL=0 LDT
TR =0000 00000000 0000ffff 00008b00 DPL=0 TSS32-busy
GDT=     001150a0 0000002f
IDT=     00115100 000007ff
CR0=e0000011 CR2=00000000 CR3=00122000 CR4=00000000
DR0=00000000 DR1=00000000 DR2=00000000 DR3=00000000 
DR6=ffff0ff0 DR7=00000400
CCS=00000010 CCD=0011b038 CCO=EFLAGS
EFER=0000000000000000
Servicing hardware INT=0x40
   376: v=40 e=0000 i=0 cpl=0 IP=0008:00102341 pc=00102341 SP=0010:0011b044 env->regs[R_EAX]=00000000
EAX=00000000 EBX=00000001 ECX=00000780 EDX=000003d5
ESI=00000000 EDI=00000000 EBP=00000000 ESP=0011b044
EIP=00102341 EFL=00000212 [----A--] CPL=0 II=0 A20=1 SMM=0 HLT=0
ES =0010 00000000 ffffffff 00cf9300 DPL=0 DS   [-WA]
CS =0008 00000000 ffffffff 00cf9a00 DPL=0 CS32 [-R-]
SS =0010 00000000 ffffffff 00cf9300 DPL=0 DS   [-WA]
DS =0010 00000000 ffffffff 00cf9300 DPL=0 DS   [-WA]
FS =0010 00000000 ffffffff 00cf9300 DPL=0 DS   [-WA]
GS =0010 00000000 ffffffff 00cf9300 DPL=0 DS   [-WA]
LDT=0000 00000000 0000ffff 00008200 DPL=0 LDT
TR =0000 00000000 0000ffff 00008b00 DPL=0 TSS32-busy
GDT=     001150a0 0000002f
IDT=     00115100 000007ff
CR0=e0000011 CR2=00000000 CR3=00122000 CR4=00000000
DR0=00000000 DR1=00000000 DR2=00000000 DR3=00000000 
DR6=ffff0ff0 DR7=00000400
CCS=00000010 CCD=0011b038 CCO=EFLAGS
EFER=0000000000000000
Servicing hardware INT=0x40
   377: v=40 e=0000 i=0 cpl=0 IP=0008:00102341 pc=00102341 SP=0010:0011b044 env->regs[R_EAX]=00000000
EAX=00000000 EBX=00000001 ECX=00000780 EDX=000003d5
ESI=00000000 EDI=00000000 EBP=00000000 ESP=0011b044
EIP=00102341 EFL=00000212 [----A--] CPL=0 II=0 A20=1 SMM=0 HLT=0
ES =0010 00000000 ffffffff 00cf9300 DPL=0 DS   [-WA]
CS =0008 00000000 ffffffff 00cf9a00 DPL=0 CS32 [-R-]
SS =0010 00000000 ffffffff 00cf9300 DPL=0 DS   [-WA]
DS =0010 00000000 ffffffff 00cf9300 DPL=0 DS   [-WA]
FS =0010 00000000 ffffffff 00cf9300 DPL=0 DS   [-WA]
GS =0010 00000000 ffffffff 00cf9300 DPL=0 DS   [-WA]
LDT=0000 00000000 0000ffff 00008200 DPL=0 LDT
TR =0000 00000000 0000ffff 00008b00 DPL=0 TSS32-busy
GDT=     001150a0 0000002f
IDT=     00115100 000007ff
CR0=e0000011 CR2=00000000 CR3=00122000 CR4=00000000
DR0=00000000 DR1=00000000 DR2=00000000 DR3=00000000 
DR6=ffff0ff0 DR7=00000400
CCS=00000010 CCD=0011b038 CCO=EFLAGS
EFER=0000000000000000
Servicing hardware INT=0x40
   378: v=40 e=0000 i=0 cpl=0 IP=0008:00102341 pc=00102341 SP=0010:0011b044 env->regs[R_EAX]=00000000
EAX=00000000 EBX=00000001 ECX=00000780 EDX=000003d5
ESI=00000000 EDI=00000000 EBP=00000000 ESP=0011b044
EIP=00102341 EFL=00000212 [----A--] CPL=0 II=0 A20=1 SMM=0 HLT=0
ES =0010 00000000 ffffffff 00cf9300 DPL=0 DS   [-WA]
CS =0008 00000000 ffffffff 00cf9a00 DPL=0 CS32 [-R-]
SS =0010 00000000 ffffffff 00cf9300 DPL=0 DS   [-WA]
DS =0010 00000000 ffffffff 00cf9300 DPL=0 DS   [-WA]
FS =0010 00000000 ffffffff 00cf9300 DPL=0 DS   [-WA]
GS =0010 00000000 ffffffff 00cf9300 DPL=0 DS   [-WA]
LDT=0000 00000000 0000ffff 00008200 DPL=0 LDT
TR =0000 00000000 0000ffff 00008b00 DPL=0 TSS32-busy
GDT=     001150a0 0000002f
IDT=     00115100 000007ff
CR0=e0000011 CR2=00000000 CR3=00122000 CR4=00000000
DR0=00000000 DR1=00000000 DR2=00000000 DR3=00000000 
DR6=ffff0ff0 DR7=00000400
CCS=00000010 CCD=0011b038 CCO=EFLAGS
EFER=0000000000000000
Servicing hardware INT=0x40
   379: v=40 e=0000 i=0 cpl=0 IP=0008:00102341 pc=00102341 SP=0010:0011b044 env->regs[R_EAX]=00000000
EAX=00000000 EBX=00000001 ECX=00000780 EDX=000003d5
ESI=00000000 EDI=00000000 EBP=00000000 ESP=0011b044
EIP=00102341 EFL=00000212 [----A--] CPL=0 II=0 A20=1 SMM=0 HLT=0
ES =0010 00000000 ffffffff 00cf9300 DPL=0 DS   [-WA]
CS =0008 00000000 ffffffff 00cf9a00 DPL=0 CS32 [-R-]
SS =0010 00000000 ffffffff 00cf9300 DPL=0 DS   [-WA]
DS =0010 00000000 ffffffff 00cf9300 DPL=0 DS   [-WA]
FS =0010 00000000 ffffffff 00cf9300 DPL=0 DS   [-WA]
GS =0010 00000000 ffffffff 00cf9300 DPL=0 DS   [-WA]
LDT=0000 00000000 0000ffff 00008200 DPL=0 LDT
TR =0000 00000000 0000ffff 00008b00 DPL=0 TSS32-busy
GDT=     001150a0 0000002f
IDT=     00115100 000007ff
CR0=e0000011 CR2=00000000 CR3=00122000 CR4=00000000
DR0=00000000 DR1=00000000 DR2=00000000 DR3=00000000 
DR6=ffff0ff0 DR7=00000400
CCS=00000010 CCD=0011b038 CCO=EFLAGS
EFER=0000000000000000
Servicing hardware INT=0x40
   380: v=40 e=0000 i=0 cpl=0 IP=0008:00102341 pc=00102341 SP=0010:0011b044 env->regs[R_EAX]=00000000
EAX=00000000 EBX=00000001 ECX=00000780 EDX=000003d5
ESI=00000000 EDI=00000000 EBP=00000000 ESP=0011b044
EIP=00102341 EFL=00000212 [----A--] CPL=0 II=0 A20=1 SMM=0 HLT=0
ES =0010 00000000 ffffffff 00cf9300 DPL=0 DS   [-WA]
CS =0008 00000000 ffffffff 00cf9a00 DPL=0 CS32 [-R-]
SS =0010 00000000 ffffffff 00cf9300 DPL=0 DS   [-WA]
DS =0010 00000000 ffffffff 00cf9300 DPL=0 DS   [-WA]
FS =0010 00000000 ffffffff 00cf9300 DPL=0 DS   [-WA]
GS =0010 00000000 ffffffff 00cf9300 DPL=0 DS   [-WA]
LDT=0000 00000000 0000ffff 00008200 DPL=0 LDT
TR =0000 00000000 0000ffff 00008b00 DPL=0 TSS32-busy
GDT=     001150a0 0000002f
IDT=     00115100 000007ff
CR0=e0000011 CR2=00000000 CR3=00122000 CR4=00000000
DR0=00000000 DR1=00000000 DR2=00000000 DR3=00000000 
DR6=ffff0ff0 DR7=00000400
CCS=00000010 CCD=0011b038 CCO=EFLAGS
EFER=0000000000000000
Servicing hardware INT=0x40
   381: v=40 e=0000 i=0 cpl=0 IP=0008:00102341 pc=00102341 SP=0010:0011b044 env->regs[R_EAX]=00000000
EAX=00000000 EBX=00000001 ECX=00000780 EDX=000003d5
ESI=00000000 EDI=00000000 EBP=00000000 ESP=0011b044
EIP=00102341 EFL=00000212 [----A--] CPL=0 II=0 A20=1 SMM=0 HLT=0
ES =0010 00000000 ffffffff 00cf9300 DPL=0 DS   [-WA]
CS =0008 00000000 ffffffff 00cf9a00 DPL=0 CS32 [-R-]
SS =0010 00000000 ffffffff 00cf9300 DPL=0 DS   [-WA]
DS =0010 00000000 ffffffff 00cf9300 DPL=0 DS   [-WA]
FS =0010 00000000 ffffffff 00cf9300 DPL=0 DS   [-WA]
GS =0010 00000000 ffffffff 00cf9300 DPL=0 DS   [-WA]
LDT=0000 00000000 0000ffff 00008200 DPL=0 LDT
TR =0000 00000000 0000ffff 00008b00 DPL=0 TSS32-busy
GDT=     001150a0 0000002f
IDT=     00115100 000007ff
CR0=e0000011 CR2=00000000 CR3=00122000 CR4=00000000
DR0=00000000 DR1=00000000 DR2=00000000 DR3=00000000 
DR6=ffff0ff0 DR7=00000400
CCS=00000010 CCD=0011b038 CCO=EFLAGS
EFER=0000000000000000
Servicing hardware INT=0x40
   382: v=40 e=0000 i=0 cpl=0 IP=0008:00102341 pc=00102341 SP=0010:0011b044 env->regs[R_EAX]=00000000
EAX=00000000 EBX=00000001 ECX=00000780 EDX=000003d5
ESI=00000000 EDI=00000000 EBP=00000000 ESP=0011b044
EIP=00102341 EFL=00000212 [----A--] CPL=0 II=0 A20=1 SMM=0 HLT=0
ES =0010 00000000 ffffffff 00cf9300 DPL=0 DS   [-WA]
CS =0008 00000000 ffffffff 00cf9a00 DPL=0 CS32 [-R-]
SS =0010 00000000 ffffffff 00cf9300 DPL=0 DS   [-WA]
DS =0010 00000000 ffffffff 00cf9300 DPL=0 DS   [-WA]
FS =0010 00000000 ffffffff 00cf9300 DPL=0 DS   [-WA]
GS =0010 00000000 ffffffff 00cf9300 DPL=0 DS   [-WA]
LDT=0000 00000000 0000ffff 00008200 DPL=0 LDT
TR =0000 00000000 0000ffff 00008b00 DPL=0 TSS32-busy
GDT=     001150a0 0000002f
IDT=     00115100 000007ff
CR0=e0000011 CR2=00000000 CR3=00122000 CR4=00000000
DR0=00000000 DR1=00000000 DR2=00000000 DR3=00000000 
DR6=ffff0ff0 DR7=00000400
CCS=00000010 CCD=0011b038 CCO=EFLAGS
EFER=0000000000000000
Servicing hardware INT=0x40
   383: v=40 e=0000 i=0 cpl=0 IP=0008:00102341 pc=00102341 SP=0010:0011b044 env->regs[R_EAX]=00000000
EAX=00000000 EBX=00000001 ECX=00000780 EDX=000003d5
ESI=00000000 EDI=00000000 EBP=00000000 ESP=0011b044
EIP=00102341 EFL=00000212 [----A--] CPL=0 II=0 A20=1 SMM=0 HLT=0
ES =0010 00000000 ffffffff 00cf9300 DPL=0 DS   [-WA]
CS =0008 00000000 ffffffff 00cf9a00 DPL=0 CS32 [-R-]
SS =0010 00000000 ffffffff 00cf9300 DPL=0 DS   [-WA]
DS =0010 00000000 ffffffff 00cf9300 DPL=0 DS   [-WA]
FS =0010 00000000 ffffffff 00cf9300 DPL=0 DS   [-WA]
GS =0010 00000000 ffffffff 00cf9300 DPL=0 DS   [-WA]
LDT=0000 00000000 0000ffff 00008200 DPL=0 LDT
TR =0000 00000000 0000ffff 00008b00 DPL=0 TSS32-busy
GDT=     001150a0 0000002f
IDT=     00115100 000007ff
CR0=e0000011 CR2=00000000 CR3=00122000 CR4=00000000
DR0=00000000 DR1=00000000 DR2=00000000 DR3=00000000 
DR6=ffff0ff0 DR7=00000400
CCS=00000010 CCD=0011b038 CCO=EFLAGS
EFER=0000000000000000
Servicing hardware INT=0x40
   384: v=40 e=0000 i=0 cpl=0 IP=0008:00102341 pc=00102341 SP=0010:0011b044 env->regs[R_EAX]=00000000
EAX=00000000 EBX=00000001 ECX=00000780 EDX=000003d5
ESI=00000000 EDI=00000000 EBP=00000000 ESP=0011b044
EIP=00102341 EFL=00000212 [----A--] CPL=0 II=0 A20=1 SMM=0 HLT=0
ES =0010 00000000 ffffffff 00cf9300 DPL=0 DS   [-WA]
CS =0008 00000000 ffffffff 00cf9a00 DPL=0 CS32 [-R-]
SS =0010 00000000 ffffffff 00cf9300 DPL=0 DS   [-WA]
DS =0010 00000000 ffffffff 00cf9300 DPL=0 DS   [-WA]
FS =0010 00000000 ffffffff 00cf9300 DPL=0 DS   [-WA]
GS =0010 00000000 ffffffff 00cf9300 DPL=0 DS   [-WA]
LDT=0000 00000000 0000ffff 00008200 DPL=0 LDT
TR =0000 00000000 0000ffff 00008b00 DPL=0 TSS32-busy
GDT=     001150a0 0000002f
IDT=     00115100 000007ff
CR0=e0000011 CR2=00000000 CR3=00122000 CR4=00000000
DR0=00000000 DR1=00000000 DR2=00000000 DR3=00000000 
DR6=ffff0ff0 DR7=00000400
CCS=00000010 CCD=0011b038 CCO=EFLAGS
EFER=0000000000000000
Servicing hardware INT=0x40
   385: v=40 e=0000 i=0 cpl=0 IP=0008:00102341 pc=00102341 SP=0010:0011b044 env->regs[R_EAX]=00000000
EAX=00000000 EBX=00000001 ECX=00000780 EDX=000003d5
ESI=00000000 EDI=00000000 EBP=00000000 ESP=0011b044
EIP=00102341 EFL=00000212 [----A--] CPL=0 II=0 A20=1 SMM=0 HLT=0
ES =0010 00000000 ffffffff 00cf9300 DPL=0 DS   [-WA]
CS =0008 00000000 ffffffff 00cf9a00 DPL=0 CS32 [-R-]
SS =0010 00000000 ffffffff 00cf9300 DPL=0 DS   [-WA]
DS =0010 00000000 ffffffff 00cf9300 DPL=0 DS   [-WA]
FS =0010 00000000 ffffffff 00cf9300 DPL=0 DS   [-WA]
GS =0010 00000000 ffffffff 00cf9300 DPL=0 DS   [-WA]
LDT=0000 00000000 0000ffff 00008200 DPL=0 LDT
TR =0000 00000000 0000ffff 00008b00 DPL=0 TSS32-busy
GDT=     001150a0 0000002f
IDT=     00115100 000007ff
CR0=e0000011 CR2=00000000 CR3=00122000 CR4=00000000
DR0=00000000 DR1=00000000 DR2=00000000 DR3=00000000 
DR6=ffff0ff0 DR7=00000400
CCS=00000010 CCD=0011b038 CCO=EFLAGS
EFER=0000000000000000
Servicing hardware INT=0x40
   386: v=40 e=0000 i=0 cpl=0 IP=0008:00102341 pc=00102341 SP=0010:0011b044 env->regs[R_EAX]=00000000
EAX=00000000 EBX=00000001 ECX=00000780 EDX=000003d5
ESI=00000000 EDI=00000000 EBP=00000000 ESP=0011b044
EIP=00102341 EFL=00000212 [----A--] CPL=0 II=0 A20=1 SMM=0 HLT=0
ES =0010 00000000 ffffffff 00cf9300 DPL=0 DS   [-WA]
CS =0008 00000000 ffffffff 00cf9a00 DPL=0 CS32 [-R-]
SS =0010 00000000 ffffffff 00cf9300 DPL=0 DS   [-WA]
DS =0010 00000000 ffffffff 00cf9300 DPL=0 DS   [-WA]
FS =0010 00000000 ffffffff 00cf9300 DPL=0 DS   [-WA]
GS =0010 00000000 ffffffff 00cf9300 DPL=0 DS   [-WA]
LDT=0000 00000000 0000ffff 00008200 DPL=0 LDT
TR =0000 00000000 0000ffff 00008b00 DPL=0 TSS32-busy
GDT=     001150a0 0000002f
IDT=     00115100 000007ff
CR0=e0000011 CR2=00000000 CR3=00122000 CR4=00000000
DR0=00000000 DR1=00000000 DR2=00000000 DR3=00000000 
DR6=ffff0ff0 DR7=00000400
CCS=00000010 CCD=0011b038 CCO=EFLAGS
EFER=0000000000000000
Servicing hardware INT=0x40
   387: v=40 e=0000 i=0 cpl=0 IP=0008:00102341 pc=00102341 SP=0010:0011b044 env->regs[R_EAX]=00000000
EAX=00000000 EBX=00000001 ECX=00000780 EDX=000003d5
ESI=00000000 EDI=00000000 EBP=00000000 ESP=0011b044
EIP=00102341 EFL=00000212 [----A--] CPL=0 II=0 A20=1 SMM=0 HLT=0
ES =0010 00000000 ffffffff 00cf9300 DPL=0 DS   [-WA]
CS =0008 00000000 ffffffff 00cf9a00 DPL=0 CS32 [-R-]
SS =0010 00000000 ffffffff 00cf9300 DPL=0 DS   [-WA]
DS =0010 00000000 ffffffff 00cf9300 DPL=0 DS   [-WA]
FS =0010 00000000 ffffffff 00cf9300 DPL=0 DS   [-WA]
GS =0010 00000000 ffffffff 00cf9300 DPL=0 DS   [-WA]
LDT=0000 00000000 0000ffff 00008200 DPL=0 LDT
TR =0000 00000000 0000ffff 00008b00 DPL=0 TSS32-busy
GDT=     001150a0 0000002f
IDT=     00115100 000007ff
CR0=e0000011 CR2=00000000 CR3=00122000 CR4=00000000
DR0=00000000 DR1=00000000 DR2=00000000 DR3=00000000 
DR6=ffff0ff0 DR7=00000400
CCS=00000010 CCD=0011b038 CCO=EFLAGS
EFER=0000000000000000
Servicing hardware INT=0x40
   388: v=40 e=0000 i=0 cpl=0 IP=0008:00102341 pc=00102341 SP=0010:0011b044 env->regs[R_EAX]=00000000
EAX=00000000 EBX=00000001 ECX=00000780 EDX=000003d5
ESI=00000000 EDI=00000000 EBP=00000000 ESP=0011b044
EIP=00102341 EFL=00000212 [----A--] CPL=0 II=0 A20=1 SMM=0 HLT=0
ES =0010 00000000 ffffffff 00cf9300 DPL=0 DS   [-WA]
CS =0008 00000000 ffffffff 00cf9a00 DPL=0 CS32 [-R-]
SS =0010 00000000 ffffffff 00cf9300 DPL=0 DS   [-WA]
DS =0010 00000000 ffffffff 00cf9300 DPL=0 DS   [-WA]
FS =0010 00000000 ffffffff 00cf9300 DPL=0 DS   [-WA]
GS =0010 00000000 ffffffff 00cf9300 DPL=0 DS   [-WA]
LDT=0000 00000000 0000ffff 00008200 DPL=0 LDT
TR =0000 00000000 0000ffff 00008b00 DPL=0 TSS32-busy
GDT=     001150a0 0000002f
IDT=     00115100 000007ff
CR0=e0000011 CR2=00000000 CR3=00122000 CR4=00000000
DR0=00000000 DR1=00000000 DR2=00000000 DR3=00000000 
DR6=ffff0ff0 DR7=00000400
CCS=00000010 CCD=0011b038 CCO=EFLAGS
EFER=0000000000000000
Servicing hardware INT=0x40
   389: v=40 e=0000 i=0 cpl=0 IP=0008:00102341 pc=00102341 SP=0010:0011b044 env->regs[R_EAX]=00000000
EAX=00000000 EBX=00000001 ECX=00000780 EDX=000003d5
ESI=00000000 EDI=00000000 EBP=00000000 ESP=0011b044
EIP=00102341 EFL=00000212 [----A--] CPL=0 II=0 A20=1 SMM=0 HLT=0
ES =0010 00000000 ffffffff 00cf9300 DPL=0 DS   [-WA]
CS =0008 00000000 ffffffff 00cf9a00 DPL=0 CS32 [-R-]
SS =0010 00000000 ffffffff 00cf9300 DPL=0 DS   [-WA]
DS =0010 00000000 ffffffff 00cf9300 DPL=0 DS   [-WA]
FS =0010 00000000 ffffffff 00cf9300 DPL=0 DS   [-WA]
GS =0010 00000000 ffffffff 00cf9300 DPL=0 DS   [-WA]
LDT=0000 00000000 0000ffff 00008200 DPL=0 LDT
TR =0000 00000000 0000ffff 00008b00 DPL=0 TSS32-busy
GDT=     001150a0 0000002f
IDT=     00115100 000007ff
CR0=e0000011 CR2=00000000 CR3=00122000 CR4=00000000
DR0=00000000 DR1=00000000 DR2=00000000 DR3=00000000 
DR6=ffff0ff0 DR7=00000400
CCS=00000010 CCD=0011b038 CCO=EFLAGS
EFER=0000000000000000
Servicing hardware INT=0x40
   390: v=40 e=0000 i=0 cpl=0 IP=0008:00102341 pc=00102341 SP=0010:0011b044 env->regs[R_EAX]=00000000
EAX=00000000 EBX=00000001 ECX=00000780 EDX=000003d5
ESI=00000000 EDI=00000000 EBP=00000000 ESP=0011b044
EIP=00102341 EFL=00000212 [----A--] CPL=0 II=0 A20=1 SMM=0 HLT=0
ES =0010 00000000 ffffffff 00cf9300 DPL=0 DS   [-WA]
CS =0008 00000000 ffffffff 00cf9a00 DPL=0 CS32 [-R-]
SS =0010 00000000 ffffffff 00cf9300 DPL=0 DS   [-WA]
DS =0010 00000000 ffffffff 00cf9300 DPL=0 DS   [-WA]
FS =0010 00000000 ffffffff 00cf9300 DPL=0 DS   [-WA]
GS =0010 00000000 ffffffff 00cf9300 DPL=0 DS   [-WA]
LDT=0000 00000000 0000ffff 00008200 DPL=0 LDT
TR =0000 00000000 0000ffff 00008b00 DPL=0 TSS32-busy
GDT=     001150a0 0000002f
IDT=     00115100 000007ff
CR0=e0000011 CR2=00000000 CR3=00122000 CR4=00000000
DR0=00000000 DR1=00000000 DR2=00000000 DR3=00000000 
DR6=ffff0ff0 DR7=00000400
CCS=00000010 CCD=0011b038 CCO=EFLAGS
EFER=0000000000000000
Servicing hardware INT=0x40
   391: v=40 e=0000 i=0 cpl=0 IP=0008:00102341 pc=00102341 SP=0010:0011b044 env->regs[R_EAX]=00000000
EAX=00000000 EBX=00000001 ECX=00000780 EDX=000003d5
ESI=00000000 EDI=00000000 EBP=00000000 ESP=0011b044
EIP=00102341 EFL=00000212 [----A--] CPL=0 II=0 A20=1 SMM=0 HLT=0
ES =0010 00000000 ffffffff 00cf9300 DPL=0 DS   [-WA]
CS =0008 00000000 ffffffff 00cf9a00 DPL=0 CS32 [-R-]
SS =0010 00000000 ffffffff 00cf9300 DPL=0 DS   [-WA]
DS =0010 00000000 ffffffff 00cf9300 DPL=0 DS   [-WA]
FS =0010 00000000 ffffffff 00cf9300 DPL=0 DS   [-WA]
GS =0010 00000000 ffffffff 00cf9300 DPL=0 DS   [-WA]
LDT=0000 00000000 0000ffff 00008200 DPL=0 LDT
TR =0000 00000000 0000ffff 00008b00 DPL=0 TSS32-busy
GDT=     001150a0 0000002f
IDT=     00115100 000007ff
CR0=e0000011 CR2=00000000 CR3=00122000 CR4=00000000
DR0=00000000 DR1=00000000 DR2=00000000 DR3=00000000 
DR6=ffff0ff0 DR7=00000400
CCS=00000010 CCD=0011b038 CCO=EFLAGS
EFER=0000000000000000
Servicing hardware INT=0x40
   392: v=40 e=0000 i=0 cpl=0 IP=0008:00102341 pc=00102341 SP=0010:0011b044 env->regs[R_EAX]=00000000
EAX=00000000 EBX=00000001 ECX=00000780 EDX=000003d5
ESI=00000000 EDI=00000000 EBP=00000000 ESP=0011b044
EIP=00102341 EFL=00000212 [----A--] CPL=0 II=0 A20=1 SMM=0 HLT=0
ES =0010 00000000 ffffffff 00cf9300 DPL=0 DS   [-WA]
CS =0008 00000000 ffffffff 00cf9a00 DPL=0 CS32 [-R-]
SS =0010 00000000 ffffffff 00cf9300 DPL=0 DS   [-WA]
DS =0010 00000000 ffffffff 00cf9300 DPL=0 DS   [-WA]
FS =0010 00000000 ffffffff 00cf9300 DPL=0 DS   [-WA]
GS =0010 00000000 ffffffff 00cf9300 DPL=0 DS   [-WA]
LDT=0000 00000000 0000ffff 00008200 DPL=0 LDT
TR =0000 00000000 0000ffff 00008b00 DPL=0 TSS32-busy
GDT=     001150a0 0000002f
IDT=     00115100 000007ff
CR0=e0000011 CR2=00000000 CR3=00122000 CR4=00000000
DR0=00000000 DR1=00000000 DR2=00000000 DR3=00000000 
DR6=ffff0ff0 DR7=00000400
CCS=00000010 CCD=0011b038 CCO=EFLAGS
EFER=0000000000000000
Servicing hardware INT=0x40
   393: v=40 e=0000 i=0 cpl=0 IP=0008:00102341 pc=00102341 SP=0010:0011b044 env->regs[R_EAX]=00000000
EAX=00000000 EBX=00000001 ECX=00000780 EDX=000003d5
ESI=00000000 EDI=00000000 EBP=00000000 ESP=0011b044
EIP=00102341 EFL=00000212 [----A--] CPL=0 II=0 A20=1 SMM=0 HLT=0
ES =0010 00000000 ffffffff 00cf9300 DPL=0 DS   [-WA]
CS =0008 00000000 ffffffff 00cf9a00 DPL=0 CS32 [-R-]
SS =0010 00000000 ffffffff 00cf9300 DPL=0 DS   [-WA]
DS =0010 00000000 ffffffff 00cf9300 DPL=0 DS   [-WA]
FS =0010 00000000 ffffffff 00cf9300 DPL=0 DS   [-WA]
GS =0010 00000000 ffffffff 00cf9300 DPL=0 DS   [-WA]
LDT=0000 00000000 0000ffff 00008200 DPL=0 LDT
TR =0000 00000000 0000ffff 00008b00 DPL=0 TSS32-busy
GDT=     001150a0 0000002f
IDT=     00115100 000007ff
CR0=e0000011 CR2=00000000 CR3=00122000 CR4=00000000
DR0=00000000 DR1=00000000 DR2=00000000 DR3=00000000 
DR6=ffff0ff0 DR7=00000400
CCS=00000010 CCD=0011b038 CCO=EFLAGS
EFER=0000000000000000
Servicing hardware INT=0x40
   394: v=40 e=0000 i=0 cpl=0 IP=0008:00102341 pc=00102341 SP=0010:0011b044 env->regs[R_EAX]=00000000
EAX=00000000 EBX=00000001 ECX=00000780 EDX=000003d5
ESI=00000000 EDI=00000000 EBP=00000000 ESP=0011b044
EIP=00102341 EFL=00000212 [----A--] CPL=0 II=0 A20=1 SMM=0 HLT=0
ES =0010 00000000 ffffffff 00cf9300 DPL=0 DS   [-WA]
CS =0008 00000000 ffffffff 00cf9a00 DPL=0 CS32 [-R-]
SS =0010 00000000 ffffffff 00cf9300 DPL=0 DS   [-WA]
DS =0010 00000000 ffffffff 00cf9300 DPL=0 DS   [-WA]
FS =0010 00000000 ffffffff 00cf9300 DPL=0 DS   [-WA]
GS =0010 00000000 ffffffff 00cf9300 DPL=0 DS   [-WA]
LDT=0000 00000000 0000ffff 00008200 DPL=0 LDT
TR =0000 00000000 0000ffff 00008b00 DPL=0 TSS32-busy
GDT=     001150a0 0000002f
IDT=     00115100 000007ff
CR0=e0000011 CR2=00000000 CR3=00122000 CR4=00000000
DR0=00000000 DR1=00000000 DR2=00000000 DR3=00000000 
DR6=ffff0ff0 DR7=00000400
CCS=00000010 CCD=0011b038 CCO=EFLAGS
EFER=0000000000000000
Servicing hardware INT=0x40
   395: v=40 e=0000 i=0 cpl=0 IP=0008:00102341 pc=00102341 SP=0010:0011b044 env->regs[R_EAX]=00000000
EAX=00000000 EBX=00000001 ECX=00000780 EDX=000003d5
ESI=00000000 EDI=00000000 EBP=00000000 ESP=0011b044
EIP=00102341 EFL=00000212 [----A--] CPL=0 II=0 A20=1 SMM=0 HLT=0
ES =0010 00000000 ffffffff 00cf9300 DPL=0 DS   [-WA]
CS =0008 00000000 ffffffff 00cf9a00 DPL=0 CS32 [-R-]
SS =0010 00000000 ffffffff 00cf9300 DPL=0 DS   [-WA]
DS =0010 00000000 ffffffff 00cf9300 DPL=0 DS   [-WA]
FS =0010 00000000 ffffffff 00cf9300 DPL=0 DS   [-WA]
GS =0010 00000000 ffffffff 00cf9300 DPL=0 DS   [-WA]
LDT=0000 00000000 0000ffff 00008200 DPL=0 LDT
TR =0000 00000000 0000ffff 00008b00 DPL=0 TSS32-busy
GDT=     001150a0 0000002f
IDT=     00115100 000007ff
CR0=e0000011 CR2=00000000 CR3=00122000 CR4=00000000
DR0=00000000 DR1=00000000 DR2=00000000 DR3=00000000 
DR6=ffff0ff0 DR7=00000400
CCS=00000010 CCD=0011b038 CCO=EFLAGS
EFER=0000000000000000
Servicing hardware INT=0x40
   396: v=40 e=0000 i=0 cpl=0 IP=0008:00102341 pc=00102341 SP=0010:0011b044 env->regs[R_EAX]=00000000
EAX=00000000 EBX=00000001 ECX=00000780 EDX=000003d5
ESI=00000000 EDI=00000000 EBP=00000000 ESP=0011b044
EIP=00102341 EFL=00000212 [----A--] CPL=0 II=0 A20=1 SMM=0 HLT=0
ES =0010 00000000 ffffffff 00cf9300 DPL=0 DS   [-WA]
CS =0008 00000000 ffffffff 00cf9a00 DPL=0 CS32 [-R-]
SS =0010 00000000 ffffffff 00cf9300 DPL=0 DS   [-WA]
DS =0010 00000000 ffffffff 00cf9300 DPL=0 DS   [-WA]
FS =0010 00000000 ffffffff 00cf9300 DPL=0 DS   [-WA]
GS =0010 00000000 ffffffff 00cf9300 DPL=0 DS   [-WA]
LDT=0000 00000000 0000ffff 00008200 DPL=0 LDT
TR =0000 00000000 0000ffff 00008b00 DPL=0 TSS32-busy
GDT=     001150a0 0000002f
IDT=     00115100 000007ff
CR0=e0000011 CR2=00000000 CR3=00122000 CR4=00000000
DR0=00000000 DR1=00000000 DR2=00000000 DR3=00000000 
DR6=ffff0ff0 DR7=00000400
CCS=00000010 CCD=0011b038 CCO=EFLAGS
EFER=0000000000000000
Servicing hardware INT=0x40
   397: v=40 e=0000 i=0 cpl=0 IP=0008:00102341 pc=00102341 SP=0010:0011b044 env->regs[R_EAX]=00000000
EAX=00000000 EBX=00000001 ECX=00000780 EDX=000003d5
ESI=00000000 EDI=00000000 EBP=00000000 ESP=0011b044
EIP=00102341 EFL=00000212 [----A--] CPL=0 II=0 A20=1 SMM=0 HLT=0
ES =0010 00000000 ffffffff 00cf9300 DPL=0 DS   [-WA]
CS =0008 00000000 ffffffff 00cf9a00 DPL=0 CS32 [-R-]
SS =0010 00000000 ffffffff 00cf9300 DPL=0 DS   [-WA]
DS =0010 00000000 ffffffff 00cf9300 DPL=0 DS   [-WA]
FS =0010 00000000 ffffffff 00cf9300 DPL=0 DS   [-WA]
GS =0010 00000000 ffffffff 00cf9300 DPL=0 DS   [-WA]
LDT=0000 00000000 0000ffff 00008200 DPL=0 LDT
TR =0000 00000000 0000ffff 00008b00 DPL=0 TSS32-busy
GDT=     001150a0 0000002f
IDT=     00115100 000007ff
CR0=e0000011 CR2=00000000 CR3=00122000 CR4=00000000
DR0=00000000 DR1=00000000 DR2=00000000 DR3=00000000 
DR6=ffff0ff0 DR7=00000400
CCS=00000010 CCD=0011b038 CCO=EFLAGS
EFER=0000000000000000
Servicing hardware INT=0x40
   398: v=40 e=0000 i=0 cpl=0 IP=0008:00102341 pc=00102341 SP=0010:0011b044 env->regs[R_EAX]=00000000
EAX=00000000 EBX=00000001 ECX=00000780 EDX=000003d5
ESI=00000000 EDI=00000000 EBP=00000000 ESP=0011b044
EIP=00102341 EFL=00000212 [----A--] CPL=0 II=0 A20=1 SMM=0 HLT=0
ES =0010 00000000 ffffffff 00cf9300 DPL=0 DS   [-WA]
CS =0008 00000000 ffffffff 00cf9a00 DPL=0 CS32 [-R-]
SS =0010 00000000 ffffffff 00cf9300 DPL=0 DS   [-WA]
DS =0010 00000000 ffffffff 00cf9300 DPL=0 DS   [-WA]
FS =0010 00000000 ffffffff 00cf9300 DPL=0 DS   [-WA]
GS =0010 00000000 ffffffff 00cf9300 DPL=0 DS   [-WA]
LDT=0000 00000000 0000ffff 00008200 DPL=0 LDT
TR =0000 00000000 0000ffff 00008b00 DPL=0 TSS32-busy
GDT=     001150a0 0000002f
IDT=     00115100 000007ff
CR0=e0000011 CR2=00000000 CR3=00122000 CR4=00000000
DR0=00000000 DR1=00000000 DR2=00000000 DR3=00000000 
DR6=ffff0ff0 DR7=00000400
CCS=00000010 CCD=0011b038 CCO=EFLAGS
EFER=0000000000000000
Servicing hardware INT=0x40
   399: v=40 e=0000 i=0 cpl=0 IP=0008:00102341 pc=00102341 SP=0010:0011b044 env->regs[R_EAX]=00000000
EAX=00000000 EBX=00000001 ECX=00000780 EDX=000003d5
ESI=00000000 EDI=00000000 EBP=00000000 ESP=0011b044
EIP=00102341 EFL=00000212 [----A--] CPL=0 II=0 A20=1 SMM=0 HLT=0
ES =0010 00000000 ffffffff 00cf9300 DPL=0 DS   [-WA]
CS =0008 00000000 ffffffff 00cf9a00 DPL=0 CS32 [-R-]
SS =0010 00000000 ffffffff 00cf9300 DPL=0 DS   [-WA]
DS =0010 00000000 ffffffff 00cf9300 DPL=0 DS   [-WA]
FS =0010 00000000 ffffffff 00cf9300 DPL=0 DS   [-WA]
GS =0010 00000000 ffffffff 00cf9300 DPL=0 DS   [-WA]
LDT=0000 00000000 0000ffff 00008200 DPL=0 LDT
TR =0000 00000000 0000ffff 00008b00 DPL=0 TSS32-busy
GDT=     001150a0 0000002f
IDT=     00115100 000007ff
CR0=e0000011 CR2=00000000 CR3=00122000 CR4=00000000
DR0=00000000 DR1=00000000 DR2=00000000 DR3=00000000 
DR6=ffff0ff0 DR7=00000400
CCS=00000010 CCD=0011b038 CCO=EFLAGS
EFER=0000000000000000
Servicing hardware INT=0x40
   400: v=40 e=0000 i=0 cpl=0 IP=0008:00102341 pc=00102341 SP=0010:0011b044 env->regs[R_EAX]=00000000
EAX=00000000 EBX=00000001 ECX=00000780 EDX=000003d5
ESI=00000000 EDI=00000000 EBP=00000000 ESP=0011b044
EIP=00102341 EFL=00000212 [----A--] CPL=0 II=0 A20=1 SMM=0 HLT=0
ES =0010 00000000 ffffffff 00cf9300 DPL=0 DS   [-WA]
CS =0008 00000000 ffffffff 00cf9a00 DPL=0 CS32 [-R-]
SS =0010 00000000 ffffffff 00cf9300 DPL=0 DS   [-WA]
DS =0010 00000000 ffffffff 00cf9300 DPL=0 DS   [-WA]
FS =0010 00000000 ffffffff 00cf9300 DPL=0 DS   [-WA]
GS =0010 00000000 ffffffff 00cf9300 DPL=0 DS   [-WA]
LDT=0000 00000000 0000ffff 00008200 DPL=0 LDT
TR =0000 00000000 0000ffff 00008b00 DPL=0 TSS32-busy
GDT=     001150a0 0000002f
IDT=     00115100 000007ff
CR0=e0000011 CR2=00000000 CR3=00122000 CR4=00000000
DR0=00000000 DR1=00000000 DR2=00000000 DR3=00000000 
DR6=ffff0ff0 DR7=00000400
CCS=00000010 CCD=0011b038 CCO=EFLAGS
EFER=0000000000000000
Servicing hardware INT=0x40
   401: v=40 e=0000 i=0 cpl=0 IP=0008:00102341 pc=00102341 SP=0010:0011b044 env->regs[R_EAX]=00000000
EAX=00000000 EBX=00000001 ECX=00000780 EDX=000003d5
ESI=00000000 EDI=00000000 EBP=00000000 ESP=0011b044
EIP=00102341 EFL=00000212 [----A--] CPL=0 II=0 A20=1 SMM=0 HLT=0
ES =0010 00000000 ffffffff 00cf9300 DPL=0 DS   [-WA]
CS =0008 00000000 ffffffff 00cf9a00 DPL=0 CS32 [-R-]
SS =0010 00000000 ffffffff 00cf9300 DPL=0 DS   [-WA]
DS =0010 00000000 ffffffff 00cf9300 DPL=0 DS   [-WA]
FS =0010 00000000 ffffffff 00cf9300 DPL=0 DS   [-WA]
GS =0010 00000000 ffffffff 00cf9300 DPL=0 DS   [-WA]
LDT=0000 00000000 0000ffff 00008200 DPL=0 LDT
TR =0000 00000000 0000ffff 00008b00 DPL=0 TSS32-busy
GDT=     001150a0 0000002f
IDT=     00115100 000007ff
CR0=e0000011 CR2=00000000 CR3=00122000 CR4=00000000
DR0=00000000 DR1=00000000 DR2=00000000 DR3=00000000 
DR6=ffff0ff0 DR7=00000400
CCS=00000010 CCD=0011b038 CCO=EFLAGS
EFER=0000000000000000
Servicing hardware INT=0x40
   402: v=40 e=0000 i=0 cpl=0 IP=0008:00102341 pc=00102341 SP=0010:0011b044 env->regs[R_EAX]=00000000
EAX=00000000 EBX=00000001 ECX=00000780 EDX=000003d5
ESI=00000000 EDI=00000000 EBP=00000000 ESP=0011b044
EIP=00102341 EFL=00000212 [----A--] CPL=0 II=0 A20=1 SMM=0 HLT=0
ES =0010 00000000 ffffffff 00cf9300 DPL=0 DS   [-WA]
CS =0008 00000000 ffffffff 00cf9a00 DPL=0 CS32 [-R-]
SS =0010 00000000 ffffffff 00cf9300 DPL=0 DS   [-WA]
DS =0010 00000000 ffffffff 00cf9300 DPL=0 DS   [-WA]
FS =0010 00000000 ffffffff 00cf9300 DPL=0 DS   [-WA]
GS =0010 00000000 ffffffff 00cf9300 DPL=0 DS   [-WA]
LDT=0000 00000000 0000ffff 00008200 DPL=0 LDT
TR =0000 00000000 0000ffff 00008b00 DPL=0 TSS32-busy
GDT=     001150a0 0000002f
IDT=     00115100 000007ff
CR0=e0000011 CR2=00000000 CR3=00122000 CR4=00000000
DR0=00000000 DR1=00000000 DR2=00000000 DR3=00000000 
DR6=ffff0ff0 DR7=00000400
CCS=00000010 CCD=0011b038 CCO=EFLAGS
EFER=0000000000000000
Servicing hardware INT=0x40
   403: v=40 e=0000 i=0 cpl=0 IP=0008:00102341 pc=00102341 SP=0010:0011b044 env->regs[R_EAX]=00000000
EAX=00000000 EBX=00000001 ECX=00000780 EDX=000003d5
ESI=00000000 EDI=00000000 EBP=00000000 ESP=0011b044
EIP=00102341 EFL=00000212 [----A--] CPL=0 II=0 A20=1 SMM=0 HLT=0
ES =0010 00000000 ffffffff 00cf9300 DPL=0 DS   [-WA]
CS =0008 00000000 ffffffff 00cf9a00 DPL=0 CS32 [-R-]
SS =0010 00000000 ffffffff 00cf9300 DPL=0 DS   [-WA]
DS =0010 00000000 ffffffff 00cf9300 DPL=0 DS   [-WA]
FS =0010 00000000 ffffffff 00cf9300 DPL=0 DS   [-WA]
GS =0010 00000000 ffffffff 00cf9300 DPL=0 DS   [-WA]
LDT=0000 00000000 0000ffff 00008200 DPL=0 LDT
TR =0000 00000000 0000ffff 00008b00 DPL=0 TSS32-busy
GDT=     001150a0 0000002f
IDT=     00115100 000007ff
CR0=e0000011 CR2=00000000 CR3=00122000 CR4=00000000
DR0=00000000 DR1=00000000 DR2=00000000 DR3=00000000 
DR6=ffff0ff0 DR7=00000400
CCS=00000010 CCD=0011b038 CCO=EFLAGS
EFER=0000000000000000
Servicing hardware INT=0x40
   404: v=40 e=0000 i=0 cpl=0 IP=0008:00102341 pc=00102341 SP=0010:0011b044 env->regs[R_EAX]=00000000
EAX=00000000 EBX=00000001 ECX=00000780 EDX=000003d5
ESI=00000000 EDI=00000000 EBP=00000000 ESP=0011b044
EIP=00102341 EFL=00000212 [----A--] CPL=0 II=0 A20=1 SMM=0 HLT=0
ES =0010 00000000 ffffffff 00cf9300 DPL=0 DS   [-WA]
CS =0008 00000000 ffffffff 00cf9a00 DPL=0 CS32 [-R-]
SS =0010 00000000 ffffffff 00cf9300 DPL=0 DS   [-WA]
DS =0010 00000000 ffffffff 00cf9300 DPL=0 DS   [-WA]
FS =0010 00000000 ffffffff 00cf9300 DPL=0 DS   [-WA]
GS =0010 00000000 ffffffff 00cf9300 DPL=0 DS   [-WA]
LDT=0000 00000000 0000ffff 00008200 DPL=0 LDT
TR =0000 00000000 0000ffff 00008b00 DPL=0 TSS32-busy
GDT=     001150a0 0000002f
IDT=     00115100 000007ff
CR0=e0000011 CR2=00000000 CR3=00122000 CR4=00000000
DR0=00000000 DR1=00000000 DR2=00000000 DR3=00000000 
DR6=ffff0ff0 DR7=00000400
CCS=00000010 CCD=0011b038 CCO=EFLAGS
EFER=0000000000000000
Servicing hardware INT=0x40
   405: v=40 e=0000 i=0 cpl=0 IP=0008:00102341 pc=00102341 SP=0010:0011b044 env->regs[R_EAX]=00000000
EAX=00000000 EBX=00000001 ECX=00000780 EDX=000003d5
ESI=00000000 EDI=00000000 EBP=00000000 ESP=0011b044
EIP=00102341 EFL=00000212 [----A--] CPL=0 II=0 A20=1 SMM=0 HLT=0
ES =0010 00000000 ffffffff 00cf9300 DPL=0 DS   [-WA]
CS =0008 00000000 ffffffff 00cf9a00 DPL=0 CS32 [-R-]
SS =0010 00000000 ffffffff 00cf9300 DPL=0 DS   [-WA]
DS =0010 00000000 ffffffff 00cf9300 DPL=0 DS   [-WA]
FS =0010 00000000 ffffffff 00cf9300 DPL=0 DS   [-WA]
GS =0010 00000000 ffffffff 00cf9300 DPL=0 DS   [-WA]
LDT=0000 00000000 0000ffff 00008200 DPL=0 LDT
TR =0000 00000000 0000ffff 00008b00 DPL=0 TSS32-busy
GDT=     001150a0 0000002f
IDT=     00115100 000007ff
CR0=e0000011 CR2=00000000 CR3=00122000 CR4=00000000
DR0=00000000 DR1=00000000 DR2=00000000 DR3=00000000 
DR6=ffff0ff0 DR7=00000400
CCS=00000010 CCD=0011b038 CCO=EFLAGS
EFER=0000000000000000
Servicing hardware INT=0x40
   406: v=40 e=0000 i=0 cpl=0 IP=0008:00102341 pc=00102341 SP=0010:0011b044 env->regs[R_EAX]=00000000
EAX=00000000 EBX=00000001 ECX=00000780 EDX=000003d5
ESI=00000000 EDI=00000000 EBP=00000000 ESP=0011b044
EIP=00102341 EFL=00000212 [----A--] CPL=0 II=0 A20=1 SMM=0 HLT=0
ES =0010 00000000 ffffffff 00cf9300 DPL=0 DS   [-WA]
CS =0008 00000000 ffffffff 00cf9a00 DPL=0 CS32 [-R-]
SS =0010 00000000 ffffffff 00cf9300 DPL=0 DS   [-WA]
DS =0010 00000000 ffffffff 00cf9300 DPL=0 DS   [-WA]
FS =0010 00000000 ffffffff 00cf9300 DPL=0 DS   [-WA]
GS =0010 00000000 ffffffff 00cf9300 DPL=0 DS   [-WA]
LDT=0000 00000000 0000ffff 00008200 DPL=0 LDT
TR =0000 00000000 0000ffff 00008b00 DPL=0 TSS32-busy
GDT=     001150a0 0000002f
IDT=     00115100 000007ff
CR0=e0000011 CR2=00000000 CR3=00122000 CR4=00000000
DR0=00000000 DR1=00000000 DR2=00000000 DR3=00000000 
DR6=ffff0ff0 DR7=00000400
CCS=00000010 CCD=0011b038 CCO=EFLAGS
EFER=0000000000000000
Servicing hardware INT=0x40
   407: v=40 e=0000 i=0 cpl=0 IP=0008:00102341 pc=00102341 SP=0010:0011b044 env->regs[R_EAX]=00000000
EAX=00000000 EBX=00000001 ECX=00000780 EDX=000003d5
ESI=00000000 EDI=00000000 EBP=00000000 ESP=0011b044
EIP=00102341 EFL=00000212 [----A--] CPL=0 II=0 A20=1 SMM=0 HLT=0
ES =0010 00000000 ffffffff 00cf9300 DPL=0 DS   [-WA]
CS =0008 00000000 ffffffff 00cf9a00 DPL=0 CS32 [-R-]
SS =0010 00000000 ffffffff 00cf9300 DPL=0 DS   [-WA]
DS =0010 00000000 ffffffff 00cf9300 DPL=0 DS   [-WA]
FS =0010 00000000 ffffffff 00cf9300 DPL=0 DS   [-WA]
GS =0010 00000000 ffffffff 00cf9300 DPL=0 DS   [-WA]
LDT=0000 00000000 0000ffff 00008200 DPL=0 LDT
TR =0000 00000000 0000ffff 00008b00 DPL=0 TSS32-busy
GDT=     001150a0 0000002f
IDT=     00115100 000007ff
CR0=e0000011 CR2=00000000 CR3=00122000 CR4=00000000
DR0=00000000 DR1=00000000 DR2=00000000 DR3=00000000 
DR6=ffff0ff0 DR7=00000400
CCS=00000010 CCD=0011b038 CCO=EFLAGS
EFER=0000000000000000
Servicing hardware INT=0x40
   408: v=40 e=0000 i=0 cpl=0 IP=0008:00102341 pc=00102341 SP=0010:0011b044 env->regs[R_EAX]=00000000
EAX=00000000 EBX=00000001 ECX=00000780 EDX=000003d5
ESI=00000000 EDI=00000000 EBP=00000000 ESP=0011b044
EIP=00102341 EFL=00000212 [----A--] CPL=0 II=0 A20=1 SMM=0 HLT=0
ES =0010 00000000 ffffffff 00cf9300 DPL=0 DS   [-WA]
CS =0008 00000000 ffffffff 00cf9a00 DPL=0 CS32 [-R-]
SS =0010 00000000 ffffffff 00cf9300 DPL=0 DS   [-WA]
DS =0010 00000000 ffffffff 00cf9300 DPL=0 DS   [-WA]
FS =0010 00000000 ffffffff 00cf9300 DPL=0 DS   [-WA]
GS =0010 00000000 ffffffff 00cf9300 DPL=0 DS   [-WA]
LDT=0000 00000000 0000ffff 00008200 DPL=0 LDT
TR =0000 00000000 0000ffff 00008b00 DPL=0 TSS32-busy
GDT=     001150a0 0000002f
IDT=     00115100 000007ff
CR0=e0000011 CR2=00000000 CR3=00122000 CR4=00000000
DR0=00000000 DR1=00000000 DR2=00000000 DR3=00000000 
DR6=ffff0ff0 DR7=00000400
CCS=00000010 CCD=0011b038 CCO=EFLAGS
EFER=0000000000000000
Servicing hardware INT=0x40
   409: v=40 e=0000 i=0 cpl=0 IP=0008:00102341 pc=00102341 SP=0010:0011b044 env->regs[R_EAX]=00000000
EAX=00000000 EBX=00000001 ECX=00000780 EDX=000003d5
ESI=00000000 EDI=00000000 EBP=00000000 ESP=0011b044
EIP=00102341 EFL=00000212 [----A--] CPL=0 II=0 A20=1 SMM=0 HLT=0
ES =0010 00000000 ffffffff 00cf9300 DPL=0 DS   [-WA]
CS =0008 00000000 ffffffff 00cf9a00 DPL=0 CS32 [-R-]
SS =0010 00000000 ffffffff 00cf9300 DPL=0 DS   [-WA]
DS =0010 00000000 ffffffff 00cf9300 DPL=0 DS   [-WA]
FS =0010 00000000 ffffffff 00cf9300 DPL=0 DS   [-WA]
GS =0010 00000000 ffffffff 00cf9300 DPL=0 DS   [-WA]
LDT=0000 00000000 0000ffff 00008200 DPL=0 LDT
TR =0000 00000000 0000ffff 00008b00 DPL=0 TSS32-busy
GDT=     001150a0 0000002f
IDT=     00115100 000007ff
CR0=e0000011 CR2=00000000 CR3=00122000 CR4=00000000
DR0=00000000 DR1=00000000 DR2=00000000 DR3=00000000 
DR6=ffff0ff0 DR7=00000400
CCS=00000010 CCD=0011b038 CCO=EFLAGS
EFER=0000000000000000
Servicing hardware INT=0x40
   410: v=40 e=0000 i=0 cpl=0 IP=0008:00102341 pc=00102341 SP=0010:0011b044 env->regs[R_EAX]=00000000
EAX=00000000 EBX=00000001 ECX=00000780 EDX=000003d5
ESI=00000000 EDI=00000000 EBP=00000000 ESP=0011b044
EIP=00102341 EFL=00000212 [----A--] CPL=0 II=0 A20=1 SMM=0 HLT=0
ES =0010 00000000 ffffffff 00cf9300 DPL=0 DS   [-WA]
CS =0008 00000000 ffffffff 00cf9a00 DPL=0 CS32 [-R-]
SS =0010 00000000 ffffffff 00cf9300 DPL=0 DS   [-WA]
DS =0010 00000000 ffffffff 00cf9300 DPL=0 DS   [-WA]
FS =0010 00000000 ffffffff 00cf9300 DPL=0 DS   [-WA]
GS =0010 00000000 ffffffff 00cf9300 DPL=0 DS   [-WA]
LDT=0000 00000000 0000ffff 00008200 DPL=0 LDT
TR =0000 00000000 0000ffff 00008b00 DPL=0 TSS32-busy
GDT=     001150a0 0000002f
IDT=     00115100 000007ff
CR0=e0000011 CR2=00000000 CR3=00122000 CR4=00000000
DR0=00000000 DR1=00000000 DR2=00000000 DR3=00000000 
DR6=ffff0ff0 DR7=00000400
CCS=00000010 CCD=0011b038 CCO=EFLAGS
EFER=0000000000000000
Servicing hardware INT=0x40
   411: v=40 e=0000 i=0 cpl=0 IP=0008:00102341 pc=00102341 SP=0010:0011b044 env->regs[R_EAX]=00000000
EAX=00000000 EBX=00000001 ECX=00000780 EDX=000003d5
ESI=00000000 EDI=00000000 EBP=00000000 ESP=0011b044
EIP=00102341 EFL=00000212 [----A--] CPL=0 II=0 A20=1 SMM=0 HLT=0
ES =0010 00000000 ffffffff 00cf9300 DPL=0 DS   [-WA]
CS =0008 00000000 ffffffff 00cf9a00 DPL=0 CS32 [-R-]
SS =0010 00000000 ffffffff 00cf9300 DPL=0 DS   [-WA]
DS =0010 00000000 ffffffff 00cf9300 DPL=0 DS   [-WA]
FS =0010 00000000 ffffffff 00cf9300 DPL=0 DS   [-WA]
GS =0010 00000000 ffffffff 00cf9300 DPL=0 DS   [-WA]
LDT=0000 00000000 0000ffff 00008200 DPL=0 LDT
TR =0000 00000000 0000ffff 00008b00 DPL=0 TSS32-busy
GDT=     001150a0 0000002f
IDT=     00115100 000007ff
CR0=e0000011 CR2=00000000 CR3=00122000 CR4=00000000
DR0=00000000 DR1=00000000 DR2=00000000 DR3=00000000 
DR6=ffff0ff0 DR7=00000400
CCS=00000010 CCD=0011b038 CCO=EFLAGS
EFER=0000000000000000
Servicing hardware INT=0x40
   412: v=40 e=0000 i=0 cpl=0 IP=0008:00102341 pc=00102341 SP=0010:0011b044 env->regs[R_EAX]=00000000
EAX=00000000 EBX=00000001 ECX=00000780 EDX=000003d5
ESI=00000000 EDI=00000000 EBP=00000000 ESP=0011b044
EIP=00102341 EFL=00000212 [----A--] CPL=0 II=0 A20=1 SMM=0 HLT=0
ES =0010 00000000 ffffffff 00cf9300 DPL=0 DS   [-WA]
CS =0008 00000000 ffffffff 00cf9a00 DPL=0 CS32 [-R-]
SS =0010 00000000 ffffffff 00cf9300 DPL=0 DS   [-WA]
DS =0010 00000000 ffffffff 00cf9300 DPL=0 DS   [-WA]
FS =0010 00000000 ffffffff 00cf9300 DPL=0 DS   [-WA]
GS =0010 00000000 ffffffff 00cf9300 DPL=0 DS   [-WA]
LDT=0000 00000000 0000ffff 00008200 DPL=0 LDT
TR =0000 00000000 0000ffff 00008b00 DPL=0 TSS32-busy
GDT=     001150a0 0000002f
IDT=     00115100 000007ff
CR0=e0000011 CR2=00000000 CR3=00122000 CR4=00000000
DR0=00000000 DR1=00000000 DR2=00000000 DR3=00000000 
DR6=ffff0ff0 DR7=00000400
CCS=00000010 CCD=0011b038 CCO=EFLAGS
EFER=0000000000000000
Servicing hardware INT=0x40
   413: v=40 e=0000 i=0 cpl=0 IP=0008:00102341 pc=00102341 SP=0010:0011b044 env->regs[R_EAX]=00000000
EAX=00000000 EBX=00000001 ECX=00000780 EDX=000003d5
ESI=00000000 EDI=00000000 EBP=00000000 ESP=0011b044
EIP=00102341 EFL=00000212 [----A--] CPL=0 II=0 A20=1 SMM=0 HLT=0
ES =0010 00000000 ffffffff 00cf9300 DPL=0 DS   [-WA]
CS =0008 00000000 ffffffff 00cf9a00 DPL=0 CS32 [-R-]
SS =0010 00000000 ffffffff 00cf9300 DPL=0 DS   [-WA]
DS =0010 00000000 ffffffff 00cf9300 DPL=0 DS   [-WA]
FS =0010 00000000 ffffffff 00cf9300 DPL=0 DS   [-WA]
GS =0010 00000000 ffffffff 00cf9300 DPL=0 DS   [-WA]
LDT=0000 00000000 0000ffff 00008200 DPL=0 LDT
TR =0000 00000000 0000ffff 00008b00 DPL=0 TSS32-busy
GDT=     001150a0 0000002f
IDT=     00115100 000007ff
CR0=e0000011 CR2=00000000 CR3=00122000 CR4=00000000
DR0=00000000 DR1=00000000 DR2=00000000 DR3=00000000 
DR6=ffff0ff0 DR7=00000400
CCS=00000010 CCD=0011b038 CCO=EFLAGS
EFER=0000000000000000
